序号,姓名,团队,组,性别,累计工龄,最高学历,最高学历毕业院校,科长/组长/骨干标识,产品经理/架构师标识,产品经理/架构师负责应用个数,岗位变动次数,现在的工作岗位,校招/社招标识,党组织,工会小组,团委,Unnamed: 17,年度参加培训次数,查看知识库会议纪要次数(3个月),年度部门内培训次数,年度部门外培训次数,近2年带教人数,平均加班时长,工作时长高于部门均值,1h以下,加班1-2h频次,加班2-4h频次,加班4h以上频次,牵头项目数量,牵头需求数量,主管应用系统数量（近六个月有变更的数量）,新paso体系参与应用数量,二季度变更任务数,三季度变更任务数,饱和度量化 不饱和：平均加班时长1h以下/无变更任务无主管应用非组长骨干/科长评定不饱和 超负荷：季度变更任务≥10/加班4H以上超过30次/平均加班时长3H以,领导力,专业能力,工作态度,团队合作,累计,归类,其他特质,饱和度指标,画像导出_年份,画像导出_科室名称,邮件标签,邮件来往人,close_departments,work_rhythm_description,work_rhythm_details,summary,考勤_部门,考勤_岗位,迟到次数3月,迟到次数4月,加班时长3月,加班时长4月,培训参与次数,活动参与次数,职级,技能考试成绩,外部证书,考试成绩,迟到_2026年迟到合计,迟到_所属团队,迟到_所属组,加班_2026年加班时长合计,报工_部门,报工_时长分钟,报工_考勤人天数,报工_考勤日期数,报工_报工人天,报工_报工差异比例,骨干_团队,骨干_组名,骨干_标识,累计工龄_画像,PM架构_应用个数合计,标签体系,提交代码量,技术方向
1,黄哲睿,数据开发部,模型设计组,男,8.0,大学本科,南京大学,组长,架构师,2.0,0,数据研发,校园招聘,,,团委书记,24数据文化优秀贡献者,1,5,,,,4.650520833,1.0,9.0,2.0,20.0,41.0,0,1,0,1,0,0,超负荷,3.0,3.0,2.0,2.0,10.0,4-高潜培养对象,团队内人缘较好，有意见领袖的潜质,4.0,2025.0,数据开发部,"{""其他"": 120, ""会议相关"": 680, ""投产与演练"": 280, ""评审与审批"": 320, ""风险与问题"": 180, ""任务跟进与催办"": 450, ""项目协作与通知"": 1560}","[""顾恺"", ""吴清江"", ""顾文俊"", ""蒋昕怡"", ""陆慧"", ""丁晨"", ""兰昕蕾"", ""华维昕"", ""杨萍"", ""周影"", ""卢易"", ""罗仁杰"", ""黄洁敏"", ""莫娇"", ""薛智超"", ""杨青"", ""李凯文"", ""陈世辉"", ""姚志环"", ""杜心宇""]","[""数据开发部"", ""苏州开发测试中心"", ""上海开发测试中心"", ""数据平台部"", ""综合管理部"", ""数据中心"", """", ""信息管理部"", ""信息统计部"", ""智能创新部"", ""公司业务中台部"", ""数据治理部"", ""架构管理部"", ""零售与新兴业务中台部"", ""数据应用管理部"", ""总行"", ""数据与系统应用管理部"", ""业务运营中心"", ""区域集中作业中心"", ""负债管理部""]",高强度&项目驱动,"[""邮件收发量全年保持高位，以'项目协作与通知'（1560封）和'会议相关'（680封）为主，显示其工作核心是项目推进与多方协调。"", ""紧急邮件（'重要'、'重要！！！'、'待处理'等关键词高频出现）贯穿全年，尤其在'版本发布'、'双发测试'、'第3批次'等关键项目节点前后更为密集。"", ""标签邮件（如'项目协作与通知'、'会议相关'、'任务跟进与催办'等）使用规范且分布清晰，体现了结构化、流程化的高效沟通习惯。"", ""工作节奏紧密跟随'智芯工程'、'CB项目组'等核心项目的开发、测试、发布周期，全年无显著低谷，呈现持续高强度协作状态。""]",黄哲睿是数据开发部的员工，隶属于数据开发部。2025年度，该员工是本年度核心项目（如'智芯工程'）的关键参与者，工作内容高度聚焦于数据开发、系统测试、版本发布及跨部门项目协调。撰写邮件时主题标签使用规范严谨，能清晰区分事务优先级与类型，体现出良好的结构化沟通习惯。沟通风格积极主动，以任务驱动和协作为导向，频繁使用推动性措辞（如'请确认'、'请协助'、'请反馈'），展现出强烈的责任心和闭环跟进意识。与内外部团队联系紧密，从关键词分析可见，其与'CB项目组'、'智芯工程数据组'等团队协作极为频繁，具备优秀的跨组织协调与资源整合能力。优势在于对复杂项目细节的精准把握、强大的多线程任务处理韧性以及高效的执行推动力。后续建议在持续深化技术专精的同时，可加强项目宏观视角的提炼与知识体系化沉淀，并进一步优化在高强度工作节奏下的精力分配与风险前瞻性管理，以提升长期可持续的领导力与战略贡献。,,,,,,,,,,,,68.0,9.0,数据开发部,模型设计组,164.4725,数据开发部,7655.7,15.01,10.0,9.705917647,0.35336991,数据开发部,模型设计组,组长,7.0,2.0,男员工、本科学历、校招生、工龄中坚、组长、架构师、工作超负荷、高加班、深夜加班频繁、PASO参与者、领导力优秀、专业能力优秀、工作态度良好、团队合作良好、综合评分高、高潜培养对象、知识库活跃、考勤需关注、高强度工作、项目驱动型、邮件高频用户、会议达人、邮件项目管理型、邮件流程审批型、跨部门广泛协作、人缘好、部门_数据开发部、数据开发、测试工程、项目管理,,数据开发与ETL、数据平台与运维、系统测试与投产、项目管理与需求、业务系统建设
2,陆慧,数据开发部,模型设计组,女,14.0,研究生,南京大学,骨干,架构师,5.0,0,数据研发,社会招聘,,,,,2,0,,,1.0,3.041466503,1.0,16.0,16.0,24.0,12.0,0,0,0,1,0,0,适中,1.0,3.0,3.0,2.0,9.0,1.1-专业能力强，但领导力较弱,埋头苦干型,,2025.0,数据开发部,"{""其他"": 90, ""培训与学习分享"": 120, ""文档与规范管理"": 180, ""测试与投产演练"": 220, ""问题排查与咨询"": 150, ""团队管理与组织活动"": 100, ""数据开发与模型设计"": 280, ""项目协同与会议通知"": 350}","[""黄哲睿"", ""周影"", ""丁晨"", ""顾恺"", ""赵雅婷"", ""兰昕蕾"", ""林幸"", ""李凯文"", ""罗仁杰"", ""周龙"", ""郑卞钰"", ""袁凯"", ""卢易"", ""李禹凝"", ""王萌萌"", ""杨萍"", ""陈笑轩"", ""周叶珉"", ""骆静龙"", ""姚志环""]","[""数据开发部"", ""苏州开发测试中心"", ""上海开发测试中心"", ""数据平台部"", ""综合管理部"", ""信息管理部"", ""信息统计部"", ""智能创新部"", """", ""数据治理部"", ""数据中心"", ""总行"", ""债券交易部"", ""架构管理部"", ""公司业务中台部"", ""风险内控部"", ""零售与新兴业务中台部"", ""区域集中作业中心"", ""创新业务部"", ""业务运营中心""]",高专注度&项目驱动,"[""邮件主题高度集中于‘智芯工程’、‘整合模型’、‘三阶段’、‘CB3.0’等核心项目与技术词汇，全年工作焦点明确。"", ""关键词‘投产’、‘测试’、‘演练’、‘会议’、‘通知’的频次随季度递进或保持高位，显示出紧密跟随项目开发、测试、投产全流程的工作节奏。"", ""邮件撰写规范严谨，主题明确，常使用标准标签分类，便于信息追溯与协同。"", ""沟通风格以项目协作为导向，注重流程与细节，频繁通过会议通知、进度同步等方式推动跨部门协作。""]",陆慧是数据开发部的员工。2025年，其邮件收发数量稳定，工作专注度极高，全年深度参与‘智芯工程’数据线核心工作。邮件类型以‘项目协同与会议通知’、‘数据开发与模型设计’、‘测试与投产演练’为主，显示出其在数据开发、模型设计与测试投产等关键环节承担重要角色。关键词云显示，全年工作紧密围绕‘智芯工程’、‘整合模型’、‘三阶段’、‘CB3.0’、‘数据组’等核心项目与技术主题展开。季度间关键词权重变化，如‘整合模型’在第四季度成为最高频词，反映出工作重心随项目阶段（如从设计开发到投产运维）的演进。沟通网络方面，其邮件中高频提及‘数据组’，表明与同部门团队协作极为紧密；同时，‘会议’、‘通知’等词高频出现，说明通过正式沟通渠道推动跨部门项目协作频繁。邮件撰写规范严谨，主题明确，常使用标准标签分类。沟通风格以项目协作为导向，注重流程与细节。工作内容覆盖数据模型设计、测试验证、投产演练全生命周期，展现出较强的系统性思维与执行能力。优势在于对大型数据项目的全流程把控能力强，文档与规范意识突出，是团队中可靠的技术骨干。后续可进一步优化非工作时间沟通频率，提升邮件归纳总结的简洁性，并在复杂问题沟通中增强灵活性。,,,,,,,,,,,,58.0,5.0,数据开发部,模型设计组,37.79583333,数据开发部,4242.63,8.32,7.0,7.054929412,0.152051753,数据开发部,,骨干,13.0,5.0,女员工、研究生学历、社招员工、工龄资深、骨干员工、架构师、带教师傅、工作饱和度适中、高加班、PASO参与者、领导力待提升、专业能力优秀、工作态度积极、团队合作良好、综合评分中、项目驱动型、专注型工作风格、邮件高频用户、会议达人、邮件项目管理型、邮件运维支持型、邮件数据开发型、跨部门广泛协作、埋头苦干型、部门_数据开发部、数据开发、数据建模、测试工程,,数据开发与ETL、数据建模与数仓、系统测试与投产、业务系统建设
3,罗仁杰,数据开发部,需求接入组,男,21.0,大学本科,兰州理工大学,组长,架构师,1.0,1,数据研发,社会招聘,,,,23五星质量奖,16,0,,,,3.106615806,1.0,8.0,19.0,32.0,12.0,0,5,1,1,24,13,超负荷,1.0,2.0,1.0,2.0,6.0,3-不作为优先培养对象,敬业，工龄长缺乏内驱力下，职等较高,,2025.0,数据开发部,"{""其他"": 87, ""任务管理与待办"": 275, ""开发测试与投产"": 248, ""授权审批与流程"": 98, ""问题排查与支持"": 120, ""项目协作与会议"": 365, ""需求评估与工作量"": 195, ""监管报送与数据治理"": 182}","[""杜乐"", ""顾恺"", ""杨青"", ""钱磊"", ""林幸"", ""姚志环"", ""骆静龙"", ""马富强"", ""兰昕蕾"", ""黄哲睿"", ""袁凯"", ""龚毅磊"", ""张必歌"", ""田振宇"", ""陈晨"", ""陈笑轩"", ""丁晨"", ""吴证"", ""邹小芳"", ""胡庆""]","[""数据开发部"", ""上海开发测试中心"", ""苏州开发测试中心"", ""数据平台部"", ""综合管理部"", ""信息统计部"", ""智能创新部"", """", ""信息管理部"", ""数据中心"", ""数据治理部"", ""总行"", ""架构管理部"", ""系统与数据应用部"", ""创新业务部"", ""数据应用管理部"", ""风险内控部"", ""清算部"", ""公司业务中台部"", ""消费信贷部""]",高负荷&项目驱动,"[""邮件收发总量极高，全年保持高强度沟通节奏，'项目协作与会议'、'任务管理与待办'、'开发测试与投产'三类邮件合计占比超全年邮件半数。"", ""关键词'待处理'、'重要'、'非常重要'、'请授权'高频出现，显示紧急或待办事务贯穿全年，工作压力持续存在。"", ""工作节奏紧密围绕'慧信'、'智芯'、'UDAS'等重大项目周期展开，从一季度的'慧信工程'、'智芯三阶段'到四季度的'慧信投产'、'提测通知'，任务重心随项目阶段（需求、开发、测试、投产）明显转移。"", ""持续高强度的跨部门协同，体现在'会议通知'、'会议纪要'、'授权申请'、'请反馈'等协作关键词的稳定高频出现。""]",罗仁杰是数据开发部的员工，邮件收发总量极高，工作节奏紧凑且全年保持高强度。邮件主题高度集中在‘慧信工程’、‘智芯’、‘UDAS’、‘会议通知’、‘待处理’、‘授权申请’等词汇，表明其核心工作围绕‘慧信’、‘智芯’等重大数据工程项目，承担需求评估、开发测试、投产支持及监管报送（如‘财报核验’、‘UDAS报表’）等全链路任务，并涉及大量跨部门会议协作与流程审批。‘待处理’、‘重要’、‘非常重要’等词高频出现，显示其工作环境中紧急或待办事务持续存在，压力较大。从季度看，工作重心随项目周期演进：一季度聚焦‘慧信工程’启动与‘智芯三阶段’；二季度涉及‘反洗钱配合测试’、‘老个贷迁移’等具体任务；三季度持续跟进‘慧信投产’与‘工作量评估’；四季度则侧重于‘周报’更新、‘提测通知’及‘请评估改造影响’等收尾与复盘工作。邮件标签（如‘重要’、‘通知’、‘会议纪要’）使用清晰规范，便于信息追溯与管理。其沟通网络紧密围绕项目展开，与‘智芯工程数据组’、涉及‘CB存款组数据湖文件’的团队以及需要进行‘财报核验’、‘授权申请’的合规或管理部门联系频繁。总体而言，罗仁杰是一名务实高效、执行力强、风险管控意识突出的核心骨干，能稳妥处理复杂数据项目与监管合规关键环节。建议在高压多任务环境下，进一步优化时间管理与任务优先级梳理，提升重点事项的闭环效率。,,,,,,,,,,,,68.0,1.0,数据开发部,数据接入组,75.10777778,数据开发部,3987.35,7.82,7.0,7.941176471,0.015495712,数据开发部,需求接入组,组长,20.0,1.0,男员工、本科学历、社招员工、工龄资深、组长、架构师、工作超负荷、高加班、高频需求负责人、应用主管、变更任务密集、PASO参与者、领导力待提升、专业能力良好、工作态度待加强、团队合作良好、综合评分待提升、非优先培养对象、学习积极分子、考勤良好、高强度工作、项目驱动型、邮件高频用户、会议达人、邮件项目管理型、邮件运维支持型、邮件数据开发型、跨部门广泛协作、敬业、部门_数据开发部、数据开发、数据平台、征信合规、测试工程、项目管理、数据分析、风险模型,,数据开发与ETL、数据建模与数仓、数据平台与运维、数据治理与合规、系统测试与投产、项目管理与需求、BI与数据分析、风险模型与反欺诈、业务系统建设
4,李卓辉,数据开发部,需求接入组,男,19.0,研究生,华东师范大学,,,,1,数据研发,社会招聘,,,,,15,0,,,,2.122737455,0.0,5.0,12.0,45.0,0.0,0,0,0,1,0,1,不饱和,1.0,2.0,1.0,1.0,5.0,3-不作为优先培养对象,敬业，工龄长缺乏内驱力，职等较高,,2025.0,数据开发部,"{""其他"": 12, ""会议与沟通协调"": 28, ""团队管理与通知"": 15, ""数据库变更审核"": 58, ""数据开发与运维"": 36, ""文档与材料提交"": 22, ""系统维护与采购"": 18, ""项目与工程管理"": 42}","[""罗仁杰"", ""陈科宇"", ""钱磊"", ""杨青"", ""袁凯"", ""杜乐"", ""龚毅磊"", ""张倩"", ""潘修滔"", ""马富强"", ""姚志环"", ""顾恺"", ""胡庆"", ""兰昕蕾"", ""陈晨"", ""诸倩铷"", ""林幸"", ""郑卞钰"", ""王言哲"", ""邹小芳""]","[""数据开发部"", ""数据平台部"", ""信息统计部"", ""综合管理部"", ""信息管理部"", ""智能创新部"", ""上海开发测试中心"", ""苏州开发测试中心"", ""数据治理部"", ""总行"", """", ""风险内控部"", ""债券交易部"", ""信贷与投资管理部"", ""创新业务部"", ""数据中心"", ""架构管理部"", ""系统与数据应用部"", ""本部"", ""数据管理与应用部""]",稳定专注&流程驱动,"[""邮件类型高度集中于'数据库变更审核'，占比最高，显示其核心职责稳定且贯穿全年。"", ""工作重心随季度略有波动：一季度聚焦'数据仓库'与'国产化'项目启动；二季度'慧信工程'、'投产'、'卸数'等词频增，显示项目进入实施与测试关键阶段；三季度出现'SQL'、'代码'、'运维'，工作向开发与运维深度结合转移；四季度'项目'、'汇总'、'清单'、'合同'等词增多，体现年末总结、采购与项目收尾特征。"", ""邮件主题词'数据库'、'变更'、'审核'、'版本'、'意见单'、'DBA'全年高频出现，表明其工作围绕数据库变更管理流程持续、规律地进行。"", ""'会议'、'通知'等词在各季度稳定出现，体现了常规的跨部门沟通与协作节奏。""]",李卓辉是数据开发部的技术核心员工。邮件收发情况显示其工作高度聚焦于'数据库变更审核'、'项目与工程管理'及'数据开发与运维'三大板块，其中'数据库变更审核'相关邮件占比最高，是其贯穿全年的核心职责。邮件主题词云清晰勾勒出其工作脉络：全年围绕'数据库'、'变更'、'审核'、'版本'、'意见单'、'DBA'等关键词展开，体现了对数据库变更管理流程的深度参与和把控。工作节奏稳定且与项目周期紧密联动：一季度侧重'数据仓库'项目启动与'国产化'探索；二季度'慧信工程'进入实施与'投产'测试关键期；三季度工作向'SQL'、'代码'开发与'运维'服务深度结合；四季度则转向项目'汇总'、年度'采购'与合同事务收尾。其沟通风格以事务性和流程性为主，邮件标签使用规范，主题明确。从关键词推断，其联系紧密的同事和部门主要围绕'DBA'团队、'项目'组（涉及'慧信工程'、'数据仓库'等）、'运维'与'采购'相关部门展开协作。总体而言，李卓辉是一名严谨、规范、专注流程的技术骨干，在数据库变更管理与项目支持方面发挥着关键作用。建议可在保持现有优势的基础上，适当加强在技术方案创新和更前沿技术探索方面的主动性。,,,,,,,,,,,,86.0,0.0,数据开发部,数据接入组,80.33861111,数据开发部,5716.1,11.21,9.0,10.0,0.10793934,,,,18.0,,男员工、研究生学历、社招员工、工龄资深、工作不饱和、中加班、无深夜加班、PASO参与者、领导力待提升、专业能力良好、工作态度待加强、综合评分待提升、非优先培养对象、学习积极分子、考勤全勤、流程导向型、专注型工作风格、跨部门广泛协作、敬业、部门_数据开发部、数据开发、数据建模、数据库管理、测试工程、信创迁移,,数据开发与ETL、数据建模与数仓、系统测试与投产、数据库管理、架构设计与信创、业务系统建设
5,兰昕蕾,数据开发部,数仓开发组,女,5.0,研究生,华东师范大学,组长,,,0,数据研发,校园招聘,,,,,14,2,3.0,,1.0,3.994021739,1.0,7.0,4.0,33.0,25.0,0,2,0,1,8,7,超负荷,2.0,3.0,3.0,3.0,11.0,1.1-专业能力强，但领导力较弱,有思想、有潜力 值得培养,,2025.0,数据开发部,"{""其他"": 86, ""团队管理与培训"": 73, ""授权与变更申请"": 172, ""数据开发与运维"": 137, ""测试与投产支持"": 128, ""规范与流程文档"": 95, ""需求与工作量评估"": 149, ""项目管理与会议协调"": 185}","[""顾恺"", ""黄哲睿"", ""罗仁杰"", ""丁晨"", ""袁凯"", ""林幸"", ""骆静龙"", ""郑卞钰"", ""陈晨"", ""钱磊"", ""胡庆"", ""杨青"", ""吴证"", ""姚志环"", ""陈笑轩"", ""潘修滔"", ""诸倩铷"", ""阮靖龙"", ""马富强"", ""王萌萌""]","[""数据开发部"", ""数据平台部"", ""上海开发测试中心"", ""综合管理部"", ""苏州开发测试中心"", ""信息管理部"", ""信息统计部"", ""智能创新部"", """", ""数据治理部"", ""总行"", ""数据中心"", ""数字中台部"", ""架构管理部"", ""风险内控部"", ""线上银行部"", ""数据应用管理部"", ""债券交易部"", ""系统与数据应用部"", ""产品发展部""]",高负荷&项目驱动,"[""工作内容紧密围绕‘智芯工程’、‘数据仓库’、‘大数据’平台等核心项目，全年处于高强度开发与运维状态。"", ""邮件主题中‘会议’、‘需求’、‘授权’、‘测试’、‘投产’等词频全年居高，显示出贯穿项目全生命周期的持续投入。"", ""工作重心随季度略有转移：Q1/Q2侧重‘授权申请’与‘需求评估’；Q3/Q4‘整合模型’、‘投产’及‘反电诈’、‘机构改革’等新业务主题凸显。"", ""沟通网络广泛，跨部门、跨团队协调频繁，展现出良好的项目管理和组织协调能力。""]",兰昕蕾同志是数据开发部的员工。邮件收发数量全年保持高位，邮件类型以‘项目管理与会议协调’和‘授权与变更申请’为主，显示出其在项目推进和流程合规方面承担了核心角色。邮件主题高度集中在‘智芯工程’、‘会议’、‘大数据’、‘数据仓库’、‘整合模型’、‘授权’、‘需求’、‘测试’、‘投产’等词汇，表明其核心工作围绕大型数据项目（如智芯工程）的全生命周期管理展开，涵盖需求评估、数据开发、测试投产及生产运维。从季度关键词演变看，工作重心从一季度的基础‘授权申请’和‘需求评估’，逐步转向二三季度的‘智芯三阶段’深度开发与‘投产’支持，并在四季度扩展到‘反电诈’、‘机构改革’等新业务领域的数据支持，体现了对业务需求的快速响应。邮件撰写‘主题清晰、标签使用规范’，沟通风格‘积极主动’，善于进行跨部门、跨团队的协调与同步。‘在高压环境下仍能保持稳定的输出质量’，是团队中值得信赖的关键成员。建议可进一步深化在数据架构设计与技术规划方面的思考，并加强对新人及团队成员的指导与培养。,,,,,,,,,,,,88.0,7.0,数据开发部,数仓开发组,155.9588889,数据开发部,6981.28,13.69,10.0,5.0,0.634769905,数据开发部,数仓开发组,组长,4.0,,女员工、研究生学历、校招生、工龄成长型、组长、带教师傅、工作超负荷、高加班、深夜加班频繁、需求负责人、变更任务密集、PASO参与者、领导力优秀、专业能力优秀、工作态度积极、团队合作佳、综合评分高、学习积极分子、内训讲师、高强度工作、项目驱动型、邮件高频用户、会议达人、邮件运维支持型、邮件数据开发型、邮件流程审批型、跨部门广泛协作、有潜力、有思想、部门_数据开发部、数据开发、数据建模、架构设计、测试工程、项目管理,,数据开发与ETL、数据建模与数仓、数据平台与运维、数据治理与合规、系统测试与投产、架构设计与信创、项目管理与需求、风险模型与反欺诈、业务系统建设
6,邹小芳,数据开发部,数仓开发组,女,12.0,大学本科,江西财经大学,组长,,,0,数据研发,社会招聘,,,,,6,0,,,1.0,3.264760684,1.0,13.0,14.0,25.0,13.0,0,2,0,2,0,0,超负荷,1.0,2.0,2.0,2.0,7.0,3-不作为优先培养对象,认真 没有出彩,,2025.0,数据开发部,"{""其他"": 95, ""会议与沟通协调"": 180, ""征信报送与合规"": 320, ""授权与变更管理"": 125, ""数据开发与运维"": 210, ""项目与工程管理"": 285}","[""张倩"", ""杨青"", ""陈晨"", ""张放"", ""顾恺"", ""黄大伟"", ""白迪"", ""张小铁"", ""罗仁杰"", ""钱磊"", ""卢易"", ""曾敏锐"", ""林幸"", ""马富强"", ""潘修滔"", ""姚志环"", ""胡庆"", ""袁凯"", ""杜乐"", ""骆静龙""]","[""数据开发部"", ""上海开发测试中心"", ""数据平台部"", ""综合管理部"", ""苏州开发测试中心"", ""系统与数据应用部"", """", ""信息统计部"", ""信息管理部"", ""智能创新部"", ""总行"", ""数据治理部"", ""数据中心"", ""数据应用管理部"", ""创新业务部"", ""风险内控部"", ""开发协调部"", ""产品发展部"", ""消费信贷部"", ""风险合规部""]",强合规导向 & 项目驱动型,"[""邮件收发总量高，全年工作负荷饱满，尤其在第二、三季度‘征信’、‘报送’、‘慧信工程’等关键词出现频率达到峰值，显示工作节奏与项目及合规周期高度同步。"", ""紧急邮件情况未在提供数据中直接体现，但高频的‘报送’、‘整改’、‘核查’、‘演练’、‘切换’等关键词，暗示在监管报送、系统切换等关键节点可能存在高优先级沟通。"", ""标签邮件使用规范严谨，邮件主题常使用‘【】’等标准化标签进行信息分类与追溯，体现了良好的职业素养和高效的信息管理习惯。"", ""工作重心随季度演进：一季度侧重‘CBS’、‘智芯工程’等系统运维与数据问题处理；二、三季度深度聚焦‘征信报送’、‘慧信工程’及‘数据质量核查’；四季度则涉及‘机构改革’、‘系统切换’、‘脚本替换’等收尾与变革工作。""]",邹小芳是数据开发部的一名核心骨干，全年工作高度聚焦于征信报送与数据合规领域，展现出极强的专业专注度。其工作内容深度贯穿征信数据全流程，包括报送规则制定、数据质量核查、系统改造对接、合规整改及跨部门协调，是银行征信数据治理的关键枢纽。邮件撰写规范严谨，主题清晰且常使用标准化标签（如【】标注），便于信息分类与追溯，体现了良好的职业素养。沟通风格以事实和数据驱动，条理分明，但在高频的项目协同与问题跟进中，也展现出较强的推动力和责任感。后续可进一步鼓励其在复杂项目中的全局统筹能力，并加强在技术方案设计与创新优化方面的主动性。优势在于对征信业务与数据规则的深刻理解、极强的执行落地能力以及在高压力下的多任务处理韧性，是团队中可靠的中坚力量。,,,,,,,,,,,,90.0,12.0,数据开发部,应用开发组,75.39888889,数据开发部,6295.72,12.34,10.0,10.79412941,0.125273143,数据开发部,应用开发组,组长,11.0,,女员工、本科学历、社招员工、工龄资深、组长、带教师傅、工作超负荷、高加班、需求负责人、PASO参与者、领导力待提升、专业能力良好、工作态度良好、团队合作良好、综合评分中、非优先培养对象、考勤需关注、项目驱动型、邮件高频用户、会议达人、邮件项目管理型、邮件运维支持型、邮件数据开发型、跨部门广泛协作、部门_数据开发部、数据开发、征信合规、数据治理,,数据开发与ETL、数据治理与合规、项目管理与需求
7,丁晨,数据开发部,数仓开发组,男,4.0,研究生,南京信息工程大学,组长,,,0,数据研发,校园招聘,,,,24五星质量奖,9,1,,1.0,,3.840863775,1.0,8.0,4.0,34.0,27.0,0,2,1,3,10,6,超负荷,2.0,3.0,3.0,2.0,10.0,1.1-专业能力强，但领导力较弱,有思想、有潜力 值得培养,,2025.0,数据开发部,"{""其他"": 89, ""会议与评审"": 138, ""智芯工程项目"": 285, ""机构改革工作"": 192, ""授权与脚本管理"": 127, ""数据模型与整合"": 142, ""监管报送与数据测试"": 178, ""需求开发与工作量评估"": 165}","[""黄哲睿"", ""顾恺"", ""林幸"", ""罗仁杰"", ""兰昕蕾"", ""陆慧"", ""周影"", ""钱磊"", ""骆静龙"", ""杨青"", ""姚志环"", ""袁凯"", ""曹婕"", ""陈笑轩"", ""胡庆"", ""马富强"", ""阮靖龙"", ""郑卞钰"", ""陈晨"", ""龚毅磊""]","[""数据开发部"", ""苏州开发测试中心"", ""上海开发测试中心"", ""数据平台部"", ""综合管理部"", ""信息统计部"", ""信息管理部"", ""智能创新部"", """", ""数据治理部"", ""数据中心"", ""总行"", ""系统与数据应用部"", ""架构管理部"", ""数据应用管理部"", ""风险内控部"", ""债券交易部"", ""公司业务中台部"", ""创新业务部"", ""资产负债管理部""]",高强度&项目驱动,"[""邮件主题高度聚焦于‘智芯工程项目’和‘机构改革工作’，显示工作内容紧密围绕公司核心项目展开。"", ""工作节奏全年保持高强度，邮件量分布均匀，显示出持续的项目跟进和交付压力。"", ""关键词分析显示，工作重心在前三季度高度集中于‘智芯’、‘CB3.0’等工程开发，第四季度显著转向‘机构’、‘改革’等主题。"", ""从邮件类型看，涉及‘需求开发’、‘数据模型’、‘测试’、‘评审’、‘授权’等全流程环节，体现了复杂项目管理的节奏。""]",丁晨是数据开发部的员工。邮件收发数量全年保持高位，工作节奏紧凑且与项目周期强相关。邮件主题高度集中在‘智芯’、‘数据’、‘CB3.0’、‘测试’、‘需求’等词汇，表明其核心工作围绕数据工程项目的开发、测试、需求评估与上线全流程展开。全年邮件类型分布显示其深度参与了‘智芯工程项目’、‘机构改革工作’、‘监管报送与数据测试’等多项核心任务。从季度关键词看，前三季度工作重心聚焦于‘智芯工程’及相关开发测试（智芯、CB3.0、测试、开发），第四季度工作重心显著转向‘机构改革’（机构、改革），响应了公司年度工作部署的调整。邮件撰写‘规范严谨，主题明确，标签使用规范’。沟通风格以‘事务性沟通为主，注重效率与准确性’，在跨部门协作和技术讨论中表现积极。工作网络广泛，需与项目组、测试团队、业务需求方及管理层进行频繁协作。‘在非工作时间邮件发送频次较高’，需注意工作生活平衡。总体而言，丁晨是一名专业扎实、责任心强、能够全面把控大型数据工程项目的技术骨干，在需求分析、开发测试、上线部署全流程中表现稳健可靠。,,,,,,,,,,,,86.0,9.0,数据开发部,应用开发组,152.9694444,数据开发部,7662.5,15.02,10.0,9.0,0.400798935,数据开发部,数仓开发组,组长,3.0,,男员工、研究生学历、校招生、工龄成长型、组长、工作超负荷、高加班、深夜加班频繁、需求负责人、应用主管、变更任务密集、PASO参与者、领导力优秀、专业能力优秀、工作态度积极、团队合作良好、综合评分高、学习活跃、外训参与者、考勤需关注、高强度工作、项目驱动型、邮件高频用户、会议达人、邮件项目管理型、邮件数据开发型、跨部门广泛协作、有潜力、有思想、部门_数据开发部、数据开发、征信合规、测试工程、项目管理,,数据开发与ETL、数据治理与合规、系统测试与投产、项目管理与需求、业务系统建设
8,周龙,数据开发部,应用开发组,男,10.0,大学本科,北京科技大学,骨干,产品经理,2.0,1,数据研发,社会招聘,,,,,7,0,,,1.0,2.897921007,1.0,12.0,12.0,32.0,8.0,0,3,1,0,0,0,超负荷,2.0,3.0,2.0,2.0,9.0,1.1-专业能力强，但领导力较弱,有一定思想 可被激发,,2025.0,数据开发部,"{""其他"": 55, ""会议通知与纪要"": 95, ""团队管理与协作"": 45, ""系统开发与测试"": 75, ""项目需求与评审"": 85, ""监管报送与数据治理"": 120, ""运维支持与问题处理"": 65}","[""钱磊"", ""顾恺"", ""龚毅磊"", ""黄哲睿"", ""杨青"", ""罗仁杰"", ""康冉"", ""吴小倩"", ""景丞"", ""林幸"", ""贺文军"", ""袁凯"", ""姚志环"", ""杨萍"", ""骆静龙"", ""兰昕蕾"", ""陈笑轩"", ""马富强"", ""丁晨"", ""胡庆""]","[""数据开发部"", ""上海开发测试中心"", ""数据平台部"", ""综合管理部"", ""苏州开发测试中心"", ""信息统计部"", ""信息管理部"", ""智能创新部"", """", ""数据治理部"", ""总行"", ""数据中心"", ""架构管理部"", ""系统与数据应用部"", ""数据应用管理部"", ""信贷与投资管理部"", ""风险内控部"", ""债券交易部"", ""零售与新兴业务中台部"", ""公司业务中台部""]",任务密集&监管驱动,"[""邮件主题显示工作全年高度聚焦于‘监管报送’、‘智芯’、‘需求’、‘测试’、‘会议’等核心任务。"", ""从季度关键词演变看，工作重心从‘监管报送’（一、二季度）向‘智芯’项目（三、四季度）及‘测试’、‘投产’等实施阶段转移。"", ""关键词‘会议’、‘需求’、‘评审’、‘周报’全年高频出现，体现出持续、规范的跨部门协作与项目跟进节奏。"", ""邮件撰写‘规范严谨，主题清晰，常使用标准化标签（如【重要】、【会议通知】）进行优先级和类型标识’，体现出对紧急和重要事务的明确管理。""]",周龙是数据开发部的员工。邮件收发类型分布显示，其工作核心为‘监管报送与数据治理’（120封），其次是‘会议通知与纪要’（95封）和‘项目需求与评审’（85封），表明其角色是监管合规与项目开发的关键执行者。工作节奏为‘任务密集&监管驱动’，全年邮件关键词高度聚焦于‘监管报送’、‘智芯’、‘需求’、‘测试’、‘会议’等，季度间工作重心从监管报送逐步向‘智芯’项目的开发、测试、投产阶段演进。沟通风格‘以任务为导向，注重协同与跟进’，邮件撰写‘规范严谨，主题清晰，常使用标准化标签’，体现出高效、专业的职业素养。工作网络涉及跨部门及外部合作方（如‘审计署’），围绕‘智芯工程’、‘慧信工程’、‘EAST’、‘1104’等核心项目进行频繁的技术讨论和事务协调。总体而言，周龙是一名对监管报送和数据开发流程有深入理解、执行力强、能够高效处理复杂多任务的技术骨干。建议可‘进一步优化时间管理，平衡紧急事务与长期规划’并‘加强在业务架构层面的思考与沉淀’以提升发展潜力。,,,,,,,,,,,,86.0,2.0,数据开发部,应用开发组,61.05472222,数据开发部,5293.65,10.38,9.0,10.47055294,0.00872379,数据开发部,,骨干,9.0,14.0,男员工、本科学历、社招员工、工龄中坚、骨干员工、产品经理、带教师傅、工作超负荷、高加班、需求负责人、应用主管、领导力优秀、专业能力优秀、工作态度良好、团队合作良好、综合评分中、考勤良好、监管驱动型、邮件数据开发型、跨部门广泛协作、有思想、部门_数据开发部、数据开发、征信合规、测试工程、数据治理,,数据开发与ETL、数据治理与合规、系统测试与投产、项目管理与需求、数据安全与权限、业务系统建设
9,史朋飞,数据平台部,运维支持组,男,13.0,大学本科,河南理工大学,组长,架构师,3.0,0,数据研发,社会招聘,,,,,2,0,,,,2.637842882,1.0,11.0,4.0,45.0,4.0,0,0,1,5,2,2,超负荷,2.0,3.0,3.0,2.0,10.0,1.1-专业能力强，但领导力较弱,社招入行，渴望被认可，工作积极性较强,,2025.0,数据平台部,"{""其他"": 142, ""监管与合规"": 87, ""会议与沟通协调"": 189, ""数据治理与质量"": 98, ""项目与需求管理"": 312, ""团队管理与个人事务"": 65, ""平台运维与技术支持"": 287, ""技术方案与架构评审"": 156}","[""吴证"", ""李天卓"", ""陈朗"", ""冯潇"", ""杨青"", ""顾恺"", ""卢易"", ""兰昕蕾"", ""乐洋"", ""罗仁杰"", ""王枫"", ""白迪"", ""黄哲睿"", ""冯晓煜"", ""李焕彰"", ""曹宁远"", ""林幸"", ""鞠爱宁"", ""杨陆"", ""米俊文""]","[""数据平台部"", ""数据开发部"", ""综合管理部"", ""信息管理部"", ""信息统计部"", ""智能创新部"", ""上海开发测试中心"", ""苏州开发测试中心"", ""数据中心"", ""数据治理部"", """", ""总行"", ""架构管理部"", ""风险内控部"", ""债券交易部"", ""创新业务部"", ""信贷与投资管理部"", ""内控安全部"", ""数据应用管理部"", ""客户经营部""]",高强度&技术驱动,"[""邮件收发量全年保持高位，以‘项目与需求管理’（312封）和‘平台运维与技术支持’（287封）为核心，工作负荷持续饱满。"", ""紧急邮件情况未在提供数据中体现。"", ""标签邮件使用广泛且稳定，邮件撰写规范，主题清晰，常使用标签分类，体现了专业的邮件管理和沟通习惯。"", ""工作重心随季度从‘标签管理平台’、‘智芯工程’等专项任务，向‘分析圈客一体化’、‘大数据集群’、‘信创’等核心平台建设与改造项目转移，技术演进路径清晰。""]",史朋飞是数据平台部的技术骨干。邮件收发数量全年保持高位，工作节奏紧凑且以技术和项目驱动。邮件主题高度集中在‘项目与需求管理’、‘平台运维与技术支持’、‘会议与沟通协调’和‘技术方案与架构评审’，表明其核心工作围绕大数据平台的项目管理、日常运维、跨部门技术协调与架构设计展开。全年‘分析圈客一体化’、‘大数据集群’、‘信创’、‘智芯工程’、‘投产演练’等词频繁出现，反映出其深度参与重大创新项目、平台核心建设、信创改造及投产保障等关键任务。从季度看，工作重心从一季度的平台专项（如标签管理平台、智芯工程）和二季度的新项目启动（如分析圈客一体化），演进至三、四季度的平台规模化部署、信创改造与深度优化（如大数据集群、信创、集群扩容、BI对接），技术演进与项目推进路径清晰。沟通风格务实高效，以解决问题为导向，频繁参与跨部门、跨项目的技术协调与评审会议。邮件撰写规范，主题清晰，常使用标签分类，技术术语准确。优势在于具备扎实的平台技术功底、丰富的项目实战经验和较强的架构思维能力，能够统筹协调复杂的技术任务。后续建议可进一步加强业务视角的提炼，在技术方案中更突出业务价值；同时可适当提升非技术类沟通（如团队建设、知识分享）的频次与深度，促进团队技术氛围建设。,,,,,,,,,,,,38.0,7.0,数据平台部,运维支持组,154.4855556,数据平台部,6001.65,11.77,9.0,5.117647059,0.565195662,数据平台部,运维支持组,组长,12.0,3.0,男员工、本科学历、社招员工、工龄资深、组长、架构师、工作超负荷、中加班、应用主管、PASO参与者、领导力优秀、专业能力优秀、工作态度积极、团队合作良好、综合评分高、高强度工作、邮件高频用户、会议达人、邮件项目管理型、邮件运维支持型、跨部门广泛协作、进取心强、部门_数据平台部、数据平台、架构设计、测试工程、项目管理、信创迁移、数据分析、运维支持,,数据平台与运维、系统测试与投产、架构设计与信创、项目管理与需求、BI与数据分析、业务系统建设、运维与技术支持
10,李天卓,数据平台部,运维支持组,男,6.0,研究生,上海师范大学,骨干,架构师,2.0,0,数据研发,校园招聘,,,,23技术能手,12,0,,,,2.301300705,1.0,9.0,30.0,17.0,7.0,0,0,2,1,0,1,超负荷,1.0,2.0,2.0,2.0,7.0,3-不作为优先培养对象,技术型男生中表达较可的，踏实，工作有一定积极性,,2025.0,数据平台部,"{""其他"": 90, ""合规与安全"": 180, ""会议与沟通协调"": 150, ""数据平台与架构"": 220, ""资源与权限申请"": 120, ""运维与技术支持"": 280, ""项目与工程管理"": 350}","[""吴证"", ""史朋飞"", ""杨青"", ""陈朗"", ""罗仁杰"", ""林幸"", ""冯潇"", ""白迪"", ""顾恺"", ""曾敏锐"", ""钱磊"", ""卢易"", ""姚志环"", ""张倩"", ""曹宁远"", ""兰昕蕾"", ""周浩"", ""杜乐"", ""陈世辉"", ""杨萍""]","[""数据平台部"", ""数据开发部"", ""上海开发测试中心"", ""苏州开发测试中心"", ""综合管理部"", ""信息管理部"", ""智能创新部"", ""信息统计部"", ""数据中心"", """", ""数据治理部"", ""总行"", ""架构管理部"", ""金融科技创新实验室"", ""系统与数据应用部"", ""风险内控部"", ""内控安全部"", ""本部"", ""创新业务部"", ""信贷与投资管理部""]",项目驱动 & 技术运维双线并行,"[""邮件类型以‘项目与工程管理’和‘运维与技术支持’为主导，合计占比过半，显示工作内容兼具项目推进与日常运维双重特性。"", ""工作重心随季度明显转移：<strong>上半年（一、二季度）</strong>聚焦‘慧信工程’和‘投产演练’；<strong>下半年（三、四季度）</strong>重心转向‘司库’项目及‘数据中台’、‘信创’等架构升级工作。"", ""涉及‘权限’、‘申请’、‘环境’、‘资源’、‘规范’的邮件贯穿全年，体现了作为平台技术支撑角色，需处理大量基础性、流程性事务的工作节奏。"", ""邮件撰写‘规范严谨，常使用标准化标签与清晰标题’，沟通以事务性驱动为主，注重协同与问题解决。""]",李天卓是数据平台部的员工，岗位信息未明确。邮件收发情况显示其工作负荷饱满，全年邮件类型高度集中在‘项目与工程管理’、‘运维与技术支持’和‘数据平台与架构’三大类，合计占比超过70%，清晰地勾勒出其作为‘核心技术支持与项目管理角色’的双重职责。工作节奏由重大项目周期驱动，上半年核心关键词为‘慧信工程’和‘投产演练’，下半年则全面转向‘司库’项目，并伴随‘数据中台’、‘信创’、‘架构’等战略技术升级主题。贯穿全年的高频词如‘权限’、‘申请’、‘环境’、‘资源’、‘规范’表明，他承担了大量平台支撑性、流程性的工作，是团队与外部协作的关键枢纽。邮件撰写‘规范严谨，常使用标准化标签与清晰标题’，沟通风格‘以事务性驱动为主，注重协同与问题解决’。情感分析倾向于中性偏积极，聚焦于问题解决和技术落地。工作网络紧密围绕其负责的项目（慧信工程、司库）和技术领域（大数据平台、数据中台）展开，需与项目组、运维、安全合规、资源管理等多个内部部门及团队保持高频协作。总体而言，李天卓是一名执行力强、技术扎实、沟通规范、在多部门协作中扮演关键角色的技术骨干，其优势在于‘对复杂技术场景的扎实把控与项目落地的执行力’。,,,,,,,,,,,,38.0,1.0,数据平台部,运维支持组,88.81138889,数据平台部,6035.95,11.84,9.0,7.0,0.408783784,数据平台部,,骨干,5.0,2.0,男员工、研究生学历、校招生、工龄中坚、骨干员工、架构师、工作超负荷、中加班、应用主管、PASO参与者、领导力待提升、专业能力良好、工作态度良好、团队合作良好、综合评分中、非优先培养对象、学习活跃、考勤良好、项目驱动型、邮件高频用户、会议达人、邮件项目管理型、邮件运维支持型、跨部门广泛协作、部门_数据平台部、数据平台、测试工程、项目管理、信创迁移、运维支持、数据安全,1478,数据平台与运维、数据治理与合规、系统测试与投产、架构设计与信创、项目管理与需求、数据安全与权限、业务系统建设、运维与技术支持
11,曹宁远,数据平台部,工具开发组,男,6.0,研究生,北京理工大学,组长,架构师,6.0,0,数据研发,校园招聘,,,,,8,0,1.0,1.0,1.0,1.416236559,0.0,21.0,24.0,15.0,2.0,1,0,1,5,0,0,适中,1.0,3.0,2.0,2.0,8.0,1.2-专业能力强，但领导力较弱，建议走技术路线,建议走技术线,,2025.0,数据平台部,"{""其他"": 63, ""会议与培训"": 76, ""制度与规范"": 54, ""运维与监控"": 98, ""技术方案与需求"": 142, ""投产演练与上线"": 49, ""权限与资源申请"": 87, ""项目管理与协调"": 156}","[""吴证"", ""李天卓"", ""王双钰"", ""罗仁杰"", ""白迪"", ""卢易"", ""史朋飞"", ""顾恺"", ""鞠爱宁"", ""杨青"", ""兰昕蕾"", ""乐洋"", ""林幸"", ""周浩"", ""吕丽丽"", ""胡帆"", ""张放"", ""冯潇"", ""魏佳翔"", ""梅凯磊""]","[""数据平台部"", ""数据开发部"", ""上海开发测试中心"", ""综合管理部"", ""信息管理部"", ""智能创新部"", ""信息统计部"", ""苏州开发测试中心"", ""数据治理部"", """", ""总行"", ""数据中心"", ""架构管理部"", ""金融科技创新实验室"", ""风险内控部"", ""项目管理部"", ""债券交易部"", ""创新业务部"", ""内控安全部"", ""信贷与投资管理部""]",项目驱动 & 平台运维导向,"[""邮件主题高度集中于‘项目管理与协调’和‘技术方案与需求’，显示工作以项目和技术落地为核心驱动。"", ""工作重心随年度重大项目周期演进：一季度聚焦‘慧信工程’启动与‘大禹调度’运维；二、三季度深入‘DataOps’体系建设；四季度全力投入‘司库’与‘监管报送’项目。"", ""邮件撰写规范，主题清晰，常使用标签（如【】）突出重点与分类，便于信息追溯与处理。"", ""沟通网络广泛，作为技术骨干在跨部门协作中起到关键纽带作用，工作节奏紧凑且能承受较高强度压力。""]",曹宁远是数据平台部的员工。邮件收发内容高度集中于‘项目管理与协调’、‘技术方案与需求’和‘运维与监控’，体现了其技术与项目管理并重的核心职责。全年工作节奏紧密跟随重大项目周期：一季度重点支持‘慧信工程’并保障‘大禹调度’平台稳定；二、三季度核心推进‘DataOps’体系建设与技术方案落地；四季度工作重心全面转向‘司库’与‘监管报送’项目。邮件沟通风格务实高效，以解决问题为导向，邮件撰写规范，主题清晰，常使用标签（如【】）突出重点与分类。作为团队中可靠的技术骨干，其在跨部门协作中起到关键纽带作用，展现出较强的技术规划、资源协调与任务跟进能力，能承受较高强度的工作压力。优势在于对平台运维与项目流程有扎实的掌控力和责任心。后续建议可进一步深化在数据治理与架构设计领域的专业影响力，并加强在复杂项目中的前瞻性技术调研与风险预判。,,,,,,,,,,,,58.0,14.0,数据平台部,工具开发组,138.5380556,数据平台部,5913.35,11.59,9.0,,1.0,数据平台部,工具开发组,组长,5.0,6.0,男员工、研究生学历、校招生、工龄中坚、组长、架构师、带教师傅、工作饱和度适中、项目负责人、应用主管、PASO参与者、领导力待提升、专业能力优秀、工作态度良好、团队合作良好、综合评分中、技术路线推荐、学习活跃、内训讲师、外训参与者、考勤需关注、项目驱动型、跨部门广泛协作、部门_数据平台部、数据平台、架构设计、征信合规、项目管理、数据治理、运维支持,127629,数据开发与ETL、数据平台与运维、数据治理与合规、架构设计与信创、项目管理与需求、业务系统建设、运维与技术支持
12,伍恒,数据平台部,工具开发组,男,8.0,研究生,武汉科技大学,骨干,,,0,数据研发,校园招聘,,,,23研究与创新奖,6,0,,,,2.383968927,1.0,12.0,32.0,5.0,10.0,1,1,2,2,11,38,超负荷,1.0,3.0,2.0,2.0,8.0,1.2-专业能力强，但领导力较弱，建议走技术路线,建议走技术线,,2025.0,数据平台部,"{""其他"": 75, ""会议与评审"": 95, ""入仓与抽数"": 155, ""运维与变更"": 120, ""团队协作与沟通"": 65, ""技术文档与规范"": 80, ""项目与需求管理"": 130, ""数据采集平台相关"": 180}","[""罗仁杰"", ""吴证"", ""白迪"", ""杜乐"", ""李天卓"", ""鞠爱宁"", ""张放"", ""卢易"", ""顾恺"", ""沈志贇"", ""李响"", ""史朋飞"", ""张必歌"", ""周浩"", ""曹宁远"", ""杨青"", ""濮敏"", ""黄哲睿"", ""陆凯华"", ""兰昕蕾""]","[""数据平台部"", ""数据开发部"", ""上海开发测试中心"", ""综合管理部"", ""信息管理部"", ""信息统计部"", ""智能创新部"", ""苏州开发测试中心"", ""数据治理部"", ""数据中心"", ""总行"", """", ""架构管理部"", ""风险内控部"", ""金融科技创新实验室"", ""创新业务部"", ""债券交易部"", ""信贷与投资管理部"", ""内控安全部"", ""系统与数据应用部""]",高负荷&平台运维驱动,"[""邮件主题高度聚焦于‘数据采集’、‘入仓’、‘平台’、‘工具’等核心领域，全年工作重心稳定。"", ""紧急邮件相关关键词（如‘紧急’、‘风险’、‘影响’、‘重要’、‘生产’）在<strong>二、三季度</strong>频繁出现，与平台运维、投产、切换等关键节点相关。"", ""标签邮件使用广泛，类型分布清晰，体现了规范的邮件管理和事务性沟通习惯。"", ""工作节奏随季度略有变化：一季度侧重项目启动与规范制定；二、三季度聚焦平台运行、投产与风险处理，强度较高；四季度转向总结、推广与数据安全（分类、分级、加密）。""]",伍恒是数据平台部的员工，核心职责是数据采集平台的建设、运维与推广。邮件收发数量全年保持高位，主题高度聚焦于‘数据采集’、‘入仓’、‘平台’、‘工具’等核心领域。从季度关键词看，一季度侧重项目启动、评审与规范制定；二、三季度关键词‘用户’、‘申请’、‘生产’、‘风险’、‘紧急’、‘投产’、‘影响’出现频率显著增加，表明工作重心转向平台推广、用户支持、生产环境运维及风险应对，节奏紧凑且压力较大；四季度则体现出总结、推广以及数据安全（分类、分级、加密）等主题。邮件撰写规范严谨，主题明确，沟通风格以事务性为主，注重时效与跟进。在跨部门协作中展现出较强的推动力和问题解决意识，是团队中可靠的技术骨干。优势在于对数据采集领域有扎实的实践经验，工作细致且责任心强，能有效处理生产环境中的紧急事务。建议在保持现有专业深度的基础上，可适当加强前瞻性技术探索和体系化能力建设。,,,,,,,,,,,,,3.0,数据平台部,工具开发组,56.05777778,数据平台部,6273.47,12.3,10.0,10.99998824,0.105692013,数据平台部,,骨干,7.0,,男员工、研究生学历、校招生、工龄中坚、骨干员工、工作超负荷、中加班、项目负责人、应用主管、变更任务密集、PASO参与者、领导力待提升、专业能力优秀、工作态度良好、团队合作良好、综合评分中、技术路线推荐、考勤良好、高强度工作、邮件运维支持型、跨部门广泛协作、部门_数据平台部、数据平台、数据安全,1908580,数据平台与运维、系统测试与投产、项目管理与需求、数据安全与权限
13,王正超,数据平台部,应用开发组,男,6.0,研究生,北京交通大学,骨干,,,1,数据研发,校园招聘,,,,,9,18,2.0,,1.0,3.196076923,1.0,7.0,13.0,30.0,15.0,1,14,1,3,14,16,超负荷,2.0,3.0,3.0,2.0,10.0,1.1-专业能力强，但领导力较弱,老黄牛类型,,2025.0,数据平台部,"{""其他"": 45, ""会议沟通"": 320, ""测试与联调"": 110, ""通知与提醒"": 70, ""问题与跟进"": 85, ""需求与变更"": 185, ""项目与投产"": 175}","[""周林心"", ""佟嘉欣"", ""陆雨欣"", ""吴证"", ""罗仁杰"", ""阮靖龙"", ""杜心宇"", ""姚志环"", ""孙正威"", ""顾恺"", ""林幸"", ""陈超"", ""张必歌"", ""毛广大"", ""杨青"", ""吴吉"", ""丁晨"", ""曹婕"", ""梅凯磊"", ""蒋扣莲""]","[""上海开发测试中心"", ""苏州开发测试中心"", ""数据开发部"", ""数据平台部"", ""综合管理部"", ""信息管理部"", ""信息统计部"", ""智能创新部"", """", ""数据中心"", ""数据应用管理部"", ""总行"", ""数据治理部"", ""架构管理部"", ""公司业务中台部"", ""数字中台部"", ""业务运营中心"", ""金融科技创新实验室"", ""系统与数据应用部"", ""清算部""]",项目驱动 & 高强度协作,"[""邮件沟通总量巨大，'会议沟通'类邮件占比最高，显示其工作高度依赖跨部门会议与同步。"", ""邮件主题中'重要'一词在<strong>一季度、二季度</strong>高频出现，表明项目关键期沟通压力大。"", ""工作重心随季度明显变化：<strong>上半年</strong>聚焦'CRM'、'智芯'、'慧信工程'等大型项目的需求、开发与测试；<strong>三季度</strong>转向投产演练与收尾；<strong>四季度</strong>则侧重于'CRM'系统的'改造'、'机构'调整等优化与维护工作。"", ""沟通网络以项目协作为核心，与负责'CRM'、'智芯'、'慧信'等系统的开发、测试及业务部门联系最为紧密。""]",王正超是数据平台部员工所在科室的员工。2025年度，其邮件沟通高度活跃，总量可观，核心工作聚焦于'CRM'、'智芯'、'慧信工程'等大型项目的全流程管理。邮件类型以'会议沟通'为主，深度参与需求评审、方案评估、接口变更、测试联调及投产演练等关键环节，展现出极强的项目推动与跨部门协作能力。沟通风格严谨规范、任务驱动、积极主动。工作节奏受项目周期驱动，上半年为需求与开发高峰期，会议、需求、测试等关键词频现；三季度进入投产演练阶段；四季度则转向系统改造与优化。关键词云显示，其沟通网络紧密围绕上述核心项目，与相关开发、测试、业务部门协作频繁。优势在于对复杂项目的多线程处理能力与细致的问题跟进意识。建议可鼓励其在技术方案深度总结与前瞻性规划方面投入更多精力，并优化非工作时间的沟通节奏。,,,,,,,,,,,,44.0,10.0,数据平台部,应用开发组,141.9516667,数据平台部,6585.52,12.91,10.0,10.0,0.225406662,数据平台部,,骨干,5.0,,男员工、研究生学历、校招生、工龄中坚、骨干员工、带教师傅、工作超负荷、高加班、项目负责人、高频需求负责人、应用主管、变更任务密集、PASO参与者、领导力优秀、专业能力优秀、工作态度积极、团队合作良好、综合评分高、学习活跃、内训讲师、知识库活跃、考勤需关注、高强度工作、项目驱动型、协作型工作风格、会议达人、跨部门广泛协作、部门_数据平台部、数据平台、测试工程、文档流程,,数据平台与运维、系统测试与投产、项目管理与需求、业务系统建设
14,嵇雅娟,数据平台部,应用开发组,女,11.0,大学本科,中国科学技术大学,骨干,,,1,数据研发,社会招聘,,,,,23,0,,,1.0,1.91983871,0.0,32.0,21.0,2.0,7.0,0,5,3,2,5,9,适中,1.0,2.0,2.0,2.0,7.0,3-不作为优先培养对象,中规中矩,,2025.0,数据平台部,"{""其他"": 120, ""反洗钱相关"": 450, ""合规与审计"": 180, ""培训与会议"": 150, ""测试与演练"": 280, ""数据同步与处理"": 220, ""系统运维与监控"": 320, ""项目与需求管理"": 380}","[""王言哲"", ""张顺"", ""吴证"", ""王子枫"", ""刘召龙"", ""顾恺"", ""罗仁杰"", ""王正超"", ""周浩"", ""景丞"", ""祝志辉"", ""卢易"", ""杨萍"", ""乐洋"", ""梅凯磊"", ""李响"", ""陈超"", ""于中宝"", ""吴小倩"", ""杨青""]","[""上海开发测试中心"", ""数据开发部"", ""苏州开发测试中心"", ""数据平台部"", ""综合管理部"", ""智能创新部"", ""信息管理部"", ""信息统计部"", """", ""数据中心"", ""数据治理部"", ""总行"", ""反洗钱管理部"", ""架构管理部"", ""系统与数据应用部"", ""数据应用管理部"", ""反洗钱监测部"", ""信贷与投资管理部"", ""创新业务部"", ""金融科技部""]",高负荷&项目驱动,"[""邮件主题高度集中于'反洗钱'、'技改'、'需求'、'报送'、'测试'等核心领域，全年工作负荷饱满且稳定。"", ""工作重心随季度略有变化，一季度聚焦'需求'与'报送'，二、三季度'技改'与'演练'比重上升，四季度'项目'与'机构改革'相关议题增多。"", ""关键词频次显示其工作节奏与项目周期（需求、评审、测试、演练、投产）紧密关联，呈现出典型的项目驱动型特征。"", ""邮件撰写规范，使用标准化标签进行分类，体现了严谨的职业习惯和高效的任务管理能力。""]",嵇雅娟是数据平台部的员工。邮件收发主题高度集中于'反洗钱相关'、'项目与需求管理'、'系统运维与监控'及'测试与演练'四大板块，显示出其工作核心围绕反洗钱系统与数据平台展开。从季度关键词看，'反洗钱'始终是全年最高频词汇，表明其工作的核心领域稳定；'技改'、'演练'、'项目'等词频次随季度上升，反映出下半年技改项目和投产演练任务加重；'机构'、'改革'、'审计'在四季度出现，可能关联年度总结或新的监管要求。工作节奏紧凑，与项目生命周期（需求、评审、测试、演练、投产）高度同步，属于典型的高负荷、项目驱动型节奏。邮件撰写规范严谨，主题明确，常使用标准化标签分类，体现了良好的职业素养和高效的任务管理能力。沟通风格务实高效，注重问题解决和任务跟进。优势在于对反洗钱领域的深入理解和强大的项目执行力。,,,,,,,,,,,,68.0,5.0,数据平台部,应用开发组,66.90055556,数据平台部,3873.38,7.59,8.0,8.000047059,0.054024645,数据平台部,,骨干,10.0,,女员工、本科学历、社招员工、工龄资深、骨干员工、带教师傅、工作饱和度适中、中加班、高频需求负责人、应用主管、变更任务密集、PASO参与者、领导力待提升、专业能力良好、工作态度良好、团队合作良好、综合评分中、非优先培养对象、学习积极分子、高强度工作、项目驱动型、邮件高频用户、会议达人、邮件项目管理型、邮件运维支持型、跨部门广泛协作、部门_数据平台部、数据平台、测试工程、项目管理、运维支持、风险模型,,数据平台与运维、系统测试与投产、项目管理与需求、数据安全与权限、风险模型与反欺诈、运维与技术支持
15,鞠爱宁,数据平台部,数据服务组,男,8.0,研究生,上海大学,组长,架构师,8.0,1,数据研发,校园招聘,,,,24技术能手,5,24,1.0,,,3.053935897,1.0,4.0,8.0,37.0,16.0,0,1,1,2,10,11,超负荷,2.0,3.0,2.0,2.0,9.0,1.1-专业能力强，但领导力较弱,渴望被认可，缺少机会,,2025.0,数据平台部,"{""其他"": 156, ""会议与评审"": 296, ""运维与部署"": 187, ""技术方案与需求"": 318, ""资源与权限申请"": 89, ""项目管理与协调"": 235, ""风险与问题处理"": 142}","[""白迪"", ""周浩"", ""吴证"", ""陆凯华"", ""安新宜"", ""张放"", ""杨青"", ""曾敏锐"", ""李响"", ""万珊红"", ""胡帆"", ""任欣宇"", ""卢易"", ""顾恺"", ""罗仁杰"", ""杨萍"", ""米俊文"", ""陈超"", ""李天卓"", ""黄哲睿""]","[""上海开发测试中心"", ""数据平台部"", ""苏州开发测试中心"", ""数据开发部"", ""综合管理部"", ""智能创新部"", ""信息管理部"", ""信息统计部"", """", ""数据中心"", ""数据治理部"", ""架构管理部"", ""总行"", ""系统与数据应用部"", ""数据应用管理部"", ""风险内控部"", ""风险预警管理部"", ""创新业务部"", ""金融科技部"", ""内控安全部""]",高强度&项目驱动型,"[""全年邮件总量超过1400封，工作负荷极高，核心职责为技术协调与项目管理。"", ""邮件类型以‘技术方案与需求’和‘会议与评审’为主，表明工作重心在于方案沟通、需求对接及项目评审。"", ""关键词趋势显示，工作重心从年初的‘慧信工程’逐步转向年中的‘数据服务管理’和‘接口’、‘外部数据’等，项目重点随季度演进。"", ""沟通风格‘以事务性为导向，注重细节与风险提示’，体现了严谨、高效的工作节奏。""]",鞠爱宁是数据平台部的员工。邮件收发数量全年保持高位，邮件主题高度集中在‘数据服务管理’、‘接口’、‘需求’、‘外部数据’、‘慧信工程’、‘测试’、‘风险’、‘系统’、‘迁移’等词汇，表明其核心工作围绕数据服务管理、外部数据迁移、征信系统集成及慧信工程投产等关键项目展开，涉及需求、接口、测试、风险控制及系统部署的全流程。从季度看，一季度聚焦‘慧信工程’和‘投产演练’；二季度‘慧信工程’热度达到峰值；三季度‘数据服务管理’成为首要关键词；四季度‘接口’、‘需求’、‘外部数据’成为最核心主题，工作重心随项目周期（立项→开发/迁移→测试/投产→运维优化）自然演进。邮件撰写‘规范严谨，主题明确，常使用标签分类’，体现出良好的结构化沟通习惯。沟通风格‘以事务性为导向，注重细节与风险提示，能高效协调多方资源与团队协作’。总体而言，鞠爱宁是一名专业严谨、风险意识突出、具备出色项目全流程把控力和多任务处理能力的技术协调与项目管理核心人员。建议可‘进一步提升跨部门战略沟通能力，加强技术方案的业务价值阐述，并适当优化非工作时间沟通频率以促进工作生活平衡’。,,,,,,,,,,,,38.0,3.0,数据平台部,数据服务组,99.28694444,数据平台部,5510.8,10.81,9.0,9.235294118,0.145671219,数据平台部,数据服务组,组长,7.0,8.0,男员工、研究生学历、校招生、工龄中坚、组长、架构师、工作超负荷、高加班、应用主管、变更任务密集、PASO参与者、领导力优秀、专业能力优秀、工作态度良好、团队合作良好、综合评分中、内训讲师、知识库活跃、考勤良好、高强度工作、项目驱动型、邮件高频用户、会议达人、邮件项目管理型、邮件运维支持型、跨部门广泛协作、进取心强、部门_数据平台部、数据平台、征信合规、测试工程、项目管理、数据迁移,278387,数据开发与ETL、数据平台与运维、数据治理与合规、系统测试与投产、项目管理与需求、业务系统建设
16,魏佳翔,数据平台部,数据服务组,男,12.0,大学本科,大连海事大学,组长,架构师,12.0,1,数据研发,社会招聘,,,,,11,0,,,,1.609069444,0.0,30.0,18.0,5.0,7.0,0,1,0,2,0,0,超负荷,2.0,4.0,3.0,2.0,11.0,4-高潜培养对象,"揭榜挂帅人选，有实力做专业性对抗；
擅长处理并发任务，工作效率高（从任务完成度和考勤来看）",,2025.0,数据平台部,"{""其他"": 150, ""招聘与面试"": 25, ""司库系统建设"": 95, ""智能问数项目"": 120, ""技术方案与规范"": 50, ""资源申请与预算"": 45, ""项目管理与会议"": 65, ""风险管理与审计"": 80}","[""吴证"", ""梅凯磊"", ""白迪"", ""鞠爱宁"", ""周浩"", ""胡帆"", ""顾恺"", ""杨青"", ""李焕彰"", ""张镓奇"", ""李天卓"", ""乐洋"", ""曹宁远"", ""卢易"", ""郭庆睿"", ""曾敏锐"", ""王素雅"", ""张放"", ""贺文军"", ""李瑞敏""]","[""数据平台部"", ""数据开发部"", ""信息统计部"", ""信息管理部"", ""综合管理部"", ""智能创新部"", ""上海开发测试中心"", ""数据治理部"", """", ""总行"", ""苏州开发测试中心"", ""架构管理部"", ""数据中心"", ""金融科技创新实验室"", ""内控安全部"", ""风险内控部"", ""本部"", ""债券交易部"", ""创新业务部"", ""信贷与投资管理部""]",高强度&项目聚焦,"[""工作重心高度聚焦于‘智能问数’与‘司库系统’两大核心项目，邮件沟通量随项目深入而持续攀升。"", ""紧急邮件（标签为‘【重要】’）的使用体现了对关键任务和风险的及时响应。"", ""工作节奏与项目周期强相关，从一季度的启动筹备，到三、四季度的密集开发与推进，强度逐步加大。"", ""邮件沟通涉及‘需求’、‘方案’、‘开发’、‘测试’、‘投产’全流程，展现出贯穿项目生命周期的持续投入。""]",魏佳翔是数据平台部的员工。邮件收发数量全年处于高位，显示出高负荷的工作状态。邮件主题高度集中在‘智能问数’、‘司库’、‘风险’、‘数据’、‘项目’等词汇，表明其核心工作围绕两大重点项目（智能问数系统、司库风险管理模块）的研发、管理与风险控制展开。从季度关键词演变看，工作重心从一季度的多项目并行筹备（智能问数、RSD、慧信工程），逐步聚焦并深化到三、四季度的‘智能问数’与‘司库’两大核心，同时‘风险’、‘管理’、‘预算’、‘资源’等词频显著上升，反映出项目进入深水区后，对风险管理、资源协调和项目管理的需求激增。邮件撰写‘主题清晰，常使用规范标签（如【重要】、【会议通知】）进行优先级分类’，体现了规范的邮件管理和沟通习惯。沟通风格‘务实高效，能针对具体技术问题进行深入讨论，并积极协调多方资源推进解决’。工作网络紧密围绕其负责的项目，需与项目团队、风险管理、审计、资源预算审批等多个相关部门进行高频协作。总体而言，魏佳翔是一名项目驱动、技术扎实、责任心强、具备良好项目统筹和跨部门协调能力的核心技术人员。建议‘可进一步强化跨部门复杂项目的风险预判和预案制定能力，在技术方案设计中更多融入业务视角’。,,,,,,,,,,,,36.0,29.0,数据平台部,应用开发组,67.0925,数据平台部,5006.67,9.82,9.0,7.999976471,0.185338445,数据平台部,应用开发组,组长,11.0,12.0,男员工、本科学历、社招员工、工龄资深、组长、架构师、工作超负荷、中加班、PASO参与者、领导力优秀、专业能力突出、工作态度积极、团队合作良好、综合评分高、高潜培养对象、学习活跃、考勤问题严重、高强度工作、跨部门广泛协作、部门_数据平台部、数据平台、项目管理,3626,AI算法与大模型、数据平台与运维、项目管理与需求、数据安全与权限、业务系统建设
17,刘燕玲,数据治理部,标准质量组,女,10.0,研究生,复旦大学,组长,,,0,数据治理,社会招聘,,,,24五星质量奖/25行外获奖1,12,0,1.0,,,0.740728597,0.0,52.0,5.0,3.0,1.0,0,0,0,0,0,0,,2.0,2.0,2.0,2.0,8.0,2-可培养的二梯队,综合能力都可,,2025.0,数据治理部,"{""其他"": 230, ""团队与人员管理"": 90, ""培训与制度宣贯"": 180, ""审计与合规检查"": 150, ""文档与流程审批"": 480, ""系统与工具支持"": 320, ""项目与会议协调"": 620, ""数据标准与对标管理"": 850}","[""单曙兵"", ""王玉祥"", ""黄哲睿"", ""杨青"", ""庄家宙"", ""方晴"", ""于璐"", ""曾敏锐"", ""米俊文"", ""窦博文"", ""赵锦栋"", ""钱磊"", ""顾恺"", ""张放"", ""白旭"", ""周浩"", ""宋晓迪"", ""胡帆"", ""李凯达"", ""张倩""]","[""数据开发部"", ""数据治理部"", ""上海开发测试中心"", ""数据平台部"", ""苏州开发测试中心"", ""综合管理部"", ""信息管理部"", ""信息统计部"", ""智能创新部"", """", ""总行"", ""架构管理部"", ""数据中心"", ""数据应用管理部"", ""数字中台部"", ""项目管理部"", ""公司业务中台部"", ""业务运营中心"", ""内控安全部"", ""数据与系统应用管理部""]",高强度&标准驱动,"[""全年邮件收发量巨大且稳定，核心工作‘数据标准与对标管理’邮件量（850封）远超其他类型，显示为全年持续性核心任务。"", ""邮件主题频繁使用‘请审核’、‘请确认’、‘重要紧急’等标签，体现对时效和闭环的高度关注。"", ""工作重心随季度演进：Q1-Q2聚焦‘整合模型’、‘对标’、‘落标’等基础建设；Q3-Q4‘智能对标’、‘司库’等工具推广和新业务领域探索占比显著提升。"", ""邮件撰写规范严谨，主题清晰标注版本、批次及时间节点，体现极强的流程意识和版本管理能力。""]",刘燕玲是数据治理部的核心骨干，专注于数据标准管理、对标落标及智能对标工具推广。邮件收发数量全年保持高位，核心工作‘数据标准与对标管理’占比最高，显示其工作高度专业化。邮件主题关键词全年围绕‘数据标准’、‘对标’、‘落标’、‘检核’、‘智能对标’等核心领域，表明工作围绕数据标准体系建设、项目落地检核及工具赋能展开。从季度看，Q1-Q2聚焦于‘整合模型’、‘业务术语’、‘授信全流程’等基础标准构建与落地；Q3-Q4‘智能对标’、‘司库’等词频显著上升，显示工作重心向工具推广和新业务领域探索转移。沟通风格以任务驱动为主，注重时效与闭环，但亲和力可进一步提升。作为团队中可靠的‘标准卫士’，其优势在于责任心强、专业扎实、细节把控到位。后续建议在高效执行之余，加强战略性思考与创新探索，将数据标准工作从合规驱动转向价值驱动，并尝试更灵活的沟通方式以提升协作效能。,,,,,,,,,,,,90.0,3.0,数据治理部,标准资产组,30.65416667,,,,,,,数据治理部,标准质量组,组长,9.0,,女员工、研究生学历、社招员工、工龄中坚、组长、低加班、领导力优秀、专业能力良好、工作态度良好、团队合作良好、综合评分中、二梯队人才、学习活跃、内训讲师、考勤良好、高强度工作、邮件高频用户、会议达人、邮件项目管理型、邮件流程审批型、跨部门广泛协作、部门_数据治理部、数据治理,,数据建模与数仓、数据治理与合规、业务系统建设
18,于璐,数据治理部,标准质量组,女,8.0,大学本科,合肥工业大学,骨干,产品经理,4.0,1,数据治理,校园招聘,,,,24最佳合作服务奖/24数据文化优秀贡献者,11,2,2.0,,1.0,0.81636612,0.0,42.0,18.0,1.0,0.0,0,1,0,0,0,0,,1.0,2.0,2.0,2.0,7.0,3-不作为优先培养对象,中规中矩,,2025.0,数据治理部,"{""其他"": 45, ""审计与整改"": 40, ""外部数据管理"": 85, ""数据资产管理"": 120, ""会议与沟通协调"": 105, ""制度与规程建设"": 65, ""培训与新人培养"": 35, ""项目与需求管理"": 95}","[""单曙兵"", ""傅潜林"", ""刘燕玲"", ""宋晓迪"", ""吴证"", ""赵锦栋"", ""杨青"", ""兰昕蕾"", ""杨萍"", ""曾敏锐"", ""顾恺"", ""鞠爱宁"", ""康冉"", ""庄家宙"", ""景丞"", ""罗仁杰"", ""周浩"", ""于中宝"", ""崔建文"", ""刘梦颖""]","[""上海开发测试中心"", ""数据开发部"", ""苏州开发测试中心"", ""数据治理部"", ""数据平台部"", ""综合管理部"", ""信息管理部"", ""信息统计部"", ""智能创新部"", """", ""总行"", ""系统与数据应用部"", ""数据中心"", ""架构管理部"", ""数据应用管理部"", ""金融科技部"", ""风险内控部"", ""创新业务部"", ""信贷与投资管理部"", ""运营内控部""]",持续高强度&项目与体系建设并重,"[""全年邮件总量可观，'会议与沟通协调'、'数据资产管理'、'项目与需求管理'三类邮件合计占比过半，显示出高强度的跨部门沟通和项目推进节奏。"", ""工作重点词频（如'数据资产'、'外部数据'）呈逐季度上升趋势，表明核心项目（如'慧信工程'、'试衣间'、'白皮书'）的持续深入和年度工作量的累积。"", ""从'合同审查'、'对账单'（一季度）到'项目管理'、'会议纪要'（二至四季度），再到'年度总结'、'OKR'（四季度），工作内容随项目阶段和公司管理周期（如OKR制定）有序演进。"", ""邮件撰写'规范严谨，常使用结构化标签明确邮件类型和紧急程度'，体现了高效、专业的工作习惯。""]",于璐是数据治理部的员工，是数据治理领域的核心骨干。2025年邮件工作高度聚焦，'数据资产管理'、'外部数据管理'、'项目与需求管理'、'会议与沟通协调'是其主要工作领域，合计占比超过80%，显示出其在体系建设、项目推进和跨部门协调上的核心作用。全年关键词云显示，其工作重心紧紧围绕'数据资产'、'外部数据'、'数据集团'、'试衣间'、'白皮书'、'血缘工具'等核心项目和工具展开，且这些关键词的提及频率逐季度显著增长，体现了项目的持续深化和年度目标的扎实推进。工作节奏表现为持续高强度，沟通风格'积极主动，善于协调跨部门资源'，体现出较强的统筹力和推动力。邮件撰写'规范严谨，常使用结构化标签'，展现了专业的工作习惯。作为团队中可靠的中坚力量，其优势在于'对数据治理全链路有系统性的理解和实践经验，能同时兼顾制度规范、技术平台和业务运营'。后续建议'在数据价值量化、业务场景融合、创新技术应用等方面进一步深化'，并向数据战略规划方向拓展。,,,,,,,,,,,,92.0,10.0,数据治理部,标准资产组,23.36277778,,,,,,,数据治理部,,骨干,7.0,4.0,女员工、本科学历、校招生、工龄中坚、骨干员工、产品经理、带教师傅、低加班、无深夜加班、领导力待提升、专业能力良好、工作态度良好、团队合作良好、综合评分中、非优先培养对象、学习活跃、内训讲师、考勤需关注、高强度工作、会议达人、邮件数据开发型、跨部门广泛协作、部门_数据治理部、项目管理、数据治理、文档流程,,数据平台与运维、数据治理与合规、项目管理与需求
19,米俊文,数据治理部,架构安全组,男,16.0,研究生,同济大学,骨干,,,0,架构管理,社会招聘,,,,,7,1,,1.0,,1.885903955,1.0,6.0,32.0,20.0,1.0,0,0,0,0,0,0,,1.0,3.0,2.0,2.0,8.0,1.2-专业能力强，但领导力较弱，建议走技术路线,没有管理张力,,2025.0,数据治理部,"{""其他"": 95, ""会议通知"": 380, ""技术方案"": 110, ""数据治理"": 180, ""架构管理"": 420, ""生产安全"": 160, ""需求评审"": 210, ""项目协调"": 120}","[""吴证"", ""顾恺"", ""乐洋"", ""卢易"", ""白迪"", ""杨青"", ""陈超"", ""李焕彰"", ""宋子夜"", ""鞠爱宁"", ""单曙兵"", ""杨晓彦"", ""黄哲睿"", ""任炜鹏"", ""李天卓"", ""崔晓燕"", ""吴群美"", ""罗仁杰"", ""胡申民"", ""凌元操""]","[""数据开发部"", ""上海开发测试中心"", ""数据平台部"", ""数据治理部"", ""数据中心"", ""苏州开发测试中心"", ""综合管理部"", ""信息管理部"", ""智能创新部"", ""架构管理部"", ""信息统计部"", """", ""内控安全部"", ""总行"", ""金融科技创新实验室"", ""项目管理部"", ""领导"", ""系统与数据应用部"", ""本部"", ""风险内控部""]",稳定专注&流程驱动,"[""邮件类型分布显示，核心工作（‘架构管理’、‘会议通知’）占比极高且稳定，工作节奏规律。"", ""各季度关键词热度持续增长，尤其是‘架构决策’、‘数据架构’、‘会议纪要’，表明工作深度和广度随项目推进不断深化。"", ""工作重心全年聚焦于‘架构管理’、‘数据治理’、‘技术方案’等核心领域，体现出高度的专业专注度。"", ""邮件撰写规范严谨，主题明确，大量使用标准化标签和模板，体现较强的流程意识。""]",米俊文是数据治理部的员工，担任核心架构管理角色。邮件收发数量全年保持高位，类型高度集中于‘架构管理’和‘会议通知’，显示其工作核心在于企业级架构规划、评审与流程管理。关键词云显示，全年工作高度聚焦于‘架构决策’、‘数据架构’、‘会议纪要’、‘慧信工程’、‘技术方案’等，且各季度热度持续攀升，表明工作深度和项目参与度不断加深。从季度看，工作重心始终围绕数据架构与治理的核心流程，并逐步扩展至‘数据安全’、‘司库’、‘信创’等新领域。沟通风格以正式会议通知和纪要为主，注重跨部门协调和决策闭环，展现出较强的组织协调能力和专业权威性。邮件撰写规范严谨，主题明确，大量使用标准化标签和模板，体现较强的流程意识。优势在于对复杂架构问题的系统化思考能力和严谨的流程管控意识，能够有效推动大型数据治理项目的落地实施。建议在保持现有专业深度的基础上，可进一步优化沟通效率，适当简化非核心事务的邮件往来；同时可加强创新技术的前瞻性研究，推动数据架构的持续演进。,,,,,,,,,,,,42.0,9.0,数据治理部,架构安全组,69.58305555,,,,,,,数据治理部,,骨干,15.0,,男员工、研究生学历、社招员工、工龄资深、骨干员工、中加班、领导力待提升、专业能力优秀、工作态度良好、团队合作良好、综合评分中、技术路线推荐、外训参与者、考勤需关注、流程导向型、专注型工作风格、邮件高频用户、会议达人、邮件数据开发型、跨部门广泛协作、部门_数据治理部、数据治理、信创迁移、数据安全、文档流程,,数据治理与合规、架构设计与信创、项目管理与需求、数据安全与权限、业务系统建设
20,庄家宙,数据治理部,架构安全组,男,17.0,大学本科,华东师范大学,组长,产品经理,2.0,0,数据安全,社会招聘,,,,,7,3,,,,1.327562724,1.0,3.0,59.0,0.0,0.0,0,0,0,0,0,0,,2.0,2.0,2.0,2.0,8.0,3-不作为优先培养对象,老古板，缺少新型思维,,2025.0,数据治理部,"{""其他"": 210, ""制度规范"": 150, ""培训交流"": 90, ""审计检查"": 120, ""数据安全"": 350, ""监管报送"": 280, ""项目协调"": 180, ""风险管理"": 220}","[""李凯达"", ""卢易"", ""吴证"", ""单曙兵"", ""米俊文"", ""刘燕玲"", ""贺文军"", ""杨晓彦"", ""白迪"", ""李天卓"", ""机构邮箱"", ""宋晓迪"", ""杨青"", ""罗喆帅"", ""顾恺"", ""于璐"", ""胡超亭"", ""李焕彰"", ""史朋飞"", ""曹宁远""]","[""数据治理部"", ""数据开发部"", ""数据平台部"", ""综合管理部"", ""上海开发测试中心"", ""信息统计部"", ""信息管理部"", """", ""智能创新部"", ""苏州开发测试中心"", ""数据中心"", ""内控安全部"", ""架构管理部"", ""总行"", ""系统与数据应用部"", ""开发协调部"", ""数据应用管理部"", ""贷后管理部"", ""风险内控部"", ""数据与系统应用管理部""]",高负荷&合规驱动,"[""全年邮件收发总量巨大，工作负荷持续高位，核心工作围绕'数据安全'、'监管报送'、'风险管理'三大主线展开。"", ""关键词热度全年呈上升趋势，尤其在<strong>四季度</strong>达到顶峰，显示年末合规、审计及总结性工作密集。"", ""工作重心全年高度聚焦于'数据安全'、'管理办法'、'风险评估'、'合规检查'、'监管报送'等核心合规领域，季度间主题稳定。"", ""标签邮件使用广泛且专业，邮件类型分布清晰，体现了严谨规范的邮件管理和沟通习惯。""]",庄家宙是数据治理部的员工，是数据治理领域的核心骨干。邮件收发数量全年保持高位，工作节奏紧凑且以合规需求为驱动。邮件主题高度集中在‘数据安全’、‘管理办法’、‘风险评估’、‘合规检查’、‘监管报送’等词汇，表明其核心工作围绕银行业数据安全制度建设、监管合规、风险评估及审计检查等关键领域展开。全年‘敏感信息’、‘信息安全’、‘制度建设’、‘技术方案’等词频繁出现，反映出其岗位对数据安全技术、制度流程及跨部门项目协调的强关联性。从季度看，全年工作主题高度一致且强度递增，从一季度的基础‘监管评级’、‘自查工作’，逐步深化至二、三季度的‘管理办法’、‘风险评估’落地，并在四季度达到年度合规与审计工作的高峰。沟通风格‘正式、条理清晰’，邮件撰写‘规范严谨专业’，标签使用规范。优势在于对监管要求的精准把握、风险意识的敏锐度以及制度建设的系统性思维，是团队中值得信赖的数据安全专家。后续建议可进一步提升在创新技术应用方面的探索，如数据安全智能化管控、隐私计算等前沿领域。,,,,,,,,,,,,96.0,0.0,数据治理部,架构安全组,62.23638889,,,,,,,数据治理部,架构安全组,组长,16.0,2.0,男员工、本科学历、社招员工、工龄资深、组长、产品经理、无深夜加班、领导力优秀、专业能力良好、工作态度良好、团队合作良好、综合评分中、非优先培养对象、知识库活跃、考勤全勤、高强度工作、邮件高频用户、跨部门广泛协作、部门_数据治理部、征信合规、项目管理、数据治理、数据安全,,AI算法与大模型、数据治理与合规、项目管理与需求、数据安全与权限
21,舒宝龙,信息管理部,分行BP,男,4.0,研究生,南方卫理公会大学,组长,,,0,数据分析,社会招聘,,,,,1,0,,,,0.439226852,0.0,49.0,9.0,2.0,0.0,0,0,0,0,0,0,,2.0,1.0,1.0,2.0,6.0,,双刃剑,,2025.0,信息管理部,"{""其他"": 76, ""党建联建与团队建设"": 63, ""培训带教与新人培养"": 87, ""数据安全与合规管理"": 52, ""数据赋能与分行支持"": 185, ""系统建设与需求管理"": 128, ""课题研究与方案制定"": 143, ""项目管理与会议材料"": 162}","[""李焕彰"", ""刘思言"", ""孙菡悦"", ""宋晓迪"", ""李小萌"", ""汪乐乐"", ""贺文军"", ""张文婉"", ""吴证"", ""胡承萱"", ""乐洋"", ""陆应佳玥"", ""杨晓彦"", ""宋轲"", ""单曙兵"", ""曹婉茹"", ""郭庆睿"", ""顾恺"", ""任若琳"", ""胡申民""]","[""信息管理部"", ""数据开发部"", ""数据平台部"", ""综合管理部"", """", ""信息统计部"", ""智能创新部"", ""数据治理部"", ""总行"", ""苏州开发测试中心"", ""创新业务部"", ""风险内控部"", ""行长室"", ""零售业务部"", ""办公室"", ""债券交易部"", ""信贷与投资管理部"", ""数据应用管理部"", ""上海开发测试中心"", ""计划财务部""]",总分联动&项目驱动,"[""邮件类型以‘数据赋能与分行支持’、‘项目管理与会议材料’、‘课题研究与方案制定’为核心，全年分布均匀，体现持续性的总分协同与项目跟进工作。"", ""关键词频次从一季度到四季度稳步上升，尤其是‘分行’、‘数据’、‘工作’、‘课题’等核心词，显示工作负荷与责任范围随季度逐步扩大。"", ""工作重心从一季度的基础‘支持’、‘调研’、‘协助’，逐步向二、三季度的‘联建’、‘数字化’，以及四季度的‘规划’、‘分析’、‘总结’演进，体现了从执行到规划总结的周期性节奏。"", ""邮件撰写‘规范严谨，主题明确，常使用标签分类’，体现出结构化、系统化的工作习惯。""]",舒宝龙是信息管理部的员工，承担数据赋能与分行支持的核心角色。邮件收发类型高度集中在数据赋能、项目管理、课题研究及系统建设等核心领域，显示出其工作内容聚焦于经营单位数据工作的统筹协调、课题研究推进、系统建设需求管理以及总分协同的数字化赋能。关键词云显示，全年工作核心围绕‘分行’、‘数据’、‘工作’、‘课题’、‘经营单位’、‘需求’等展开，且频次逐季度稳步增长，表明其工作深度与广度持续拓展。从季度演进看，工作重心从一季度的基础调研支持，逐步增加了二、三季度的‘联建’、‘数字化’元素，并在四季度强化了‘规划’、‘分析’与‘总结’，体现了完整的工作闭环与周期性规划。邮件撰写‘规范严谨，主题明确，常使用标签分类’，体现出良好的结构化思维。沟通风格以任务驱动为主，注重时效性与跟进闭环，在跨部门协作中展现出较强的统筹能力。作为连接总行策略与分行落地的重要桥梁，其优势在于对分行数据需求的敏锐洞察、项目管理的系统化思维以及总分联动的协同能力。建议在保持现有高效执行力的基础上，进一步深化对业务场景的理解，提升战略性规划的前瞻性，并加强创新性解决方案的探索。,,,,,,,,,,,,64.0,8.0,机构服务团队,负责人,20.95666667,,,,,,,信息管理部,分行BP,组长,3.0,,男员工、研究生学历、社招员工、工龄成长型、组长、低加班、无深夜加班、领导力优秀、专业能力良好、工作态度待加强、团队合作良好、综合评分待提升、考勤需关注、项目驱动型、会议达人、跨部门广泛协作、部门_信息管理部、项目管理,,项目管理与需求
22,陆应佳玥,信息管理部,分行BP,女,3.0,研究生,悉尼大学,,,,0,数据分析,校园招聘,,,,,14,0,,,2.0,0.343551913,0.0,59.0,0.0,0.0,2.0,0,0,0,0,0,0,,1.0,2.0,2.0,2.0,7.0,3-不作为优先培养对象,中规中矩,,2025.0,信息管理部,"{""其他"": 25, ""党建与组织活动"": 15, ""培训与技能提升"": 8, ""需求管理与优化"": 12, ""赋能分行工作总结"": 18, ""手工报表与数据报送"": 22, ""数据治理与问题分派"": 28}","[""舒宝龙"", ""李小萌"", ""孙菡悦"", ""汪乐乐"", ""李焕彰"", ""李瑞敏"", ""姚蜜"", ""刘思言"", ""胡承萱"", ""郭庆睿"", ""曹婉茹"", ""杨陆"", ""曾世杰"", ""王正超"", ""魏榕慧"", ""单曙兵"", ""贺文军"", ""杨晓彦"", ""张文婉"", ""张雅淇""]","[""数据开发部"", ""信息管理部"", ""数据平台部"", ""信息统计部"", ""综合管理部"", ""智能创新部"", ""数据治理部"", ""总行"", """", ""苏州开发测试中心"", ""风险内控部"", ""创新业务部"", ""债券交易部"", ""信贷与投资管理部"", ""数据管理与应用部"", ""上海开发测试中心"", ""零售与新兴业务中台部"", ""零售业务部"", ""风险控制部"", ""数据中心""]",稳健务实&项目驱动,"[""邮件主题全年高度聚焦‘分行’、‘问题分派’、‘数据门户’、‘手工报表’、‘工作总结’，显示工作内容稳定且以流程管理和分行支持为核心。"", ""紧急邮件情况未在提供数据中直接体现，但从‘问题分派’、‘报送’、‘需求’等高频词推断，存在响应时效性要求。"", ""标签邮件使用规范，常使用结构化标签（如【】）突出重点和时效要求，体现了严谨细致的工作习惯。"", ""工作重心随季度有所演变：一季度侧重‘数据门户’与‘需求优化’；二季度深化‘数据问题’与‘手工报表’治理；三季度主推‘线上化’与‘流程自动化’；四季度聚焦‘数据门户功能优化’与‘团队功能建设’。""]",陆应佳玥是信息管理部的员工。邮件收发内容高度聚焦于数据治理、分行赋能与流程优化。邮件类型以‘数据治理与问题分派’（28封）和‘手工报表与数据报送’（22封）为主，体现了其作为流程推动者和分行服务支持者的核心职责。关键词云显示，全年与‘分行’的沟通最为频繁，其次为‘问题分派’、‘手工报表’、‘数据门户’和‘工作总结’。工作节奏稳健，但季度重心清晰演变：从一季度的门户优化与需求收集，到二季度的数据问题深度治理，再到三季度的报表线上化与自动化推进，最后到四季度的功能优化与团队建设。沟通风格务实高效，邮件撰写规范，常使用结构化标签。从关键词‘宛蕾’（三季度）推断，其与同事‘宛蕾’在工作中有紧密协作。其工作网络主要对内与数据开发、平台等部门联动，对外积极服务各分行一线。总体而言，陆应佳玥是一名执行力强、责任心重、工作扎实、注重流程与规范的员工，是团队中可靠的支撑力量。,,,,,,,,,,,,64.0,2.0,机构服务团队,服务支持组,31.93583333,,,,,,,,,,2.0,,女员工、研究生学历、校招生、工龄成长型、带教师傅、低加班、领导力待提升、专业能力良好、工作态度良好、团队合作良好、综合评分中、非优先培养对象、学习积极分子、考勤良好、项目驱动型、跨部门广泛协作、部门_信息管理部、数据开发、数据治理、数据分析,,数据开发与ETL、数据治理与合规、BI与数据分析
23,胡承萱,信息管理部,非零BP,女,4.0,研究生,哥伦比亚大学,组长,,,0,数据分析,校园招聘,,,,,15,6,,,1.0,2.729614695,1.0,7.0,0.0,54.0,1.0,2,0,0,0,0,0,,2.0,3.0,3.0,3.0,11.0,1.1-专业能力强，但领导力较弱,有冲劲,,2025.0,信息管理部,"{""其他"": 53, ""政策与监管"": 98, ""业务分析与报告"": 68, ""会议与项目协作"": 158, ""培训与新人培养"": 45, ""数据需求与处理"": 132, ""系统与工具支持"": 76}","[""李焕彰"", ""杨青"", ""蒋嘉石"", ""韩统优"", ""王亮"", ""宋晓迪"", ""李瑞敏"", ""俞振飞"", ""吴证"", ""窦博文"", ""林幸"", ""钱磊"", ""顾恺"", ""姚志环"", ""贺文军"", ""汪乐乐"", ""曹婉茹"", ""李虎"", ""舒宝龙"", ""曾敏锐""]","[""信息管理部"", ""数据开发部"", ""数据平台部"", ""上海开发测试中心"", ""综合管理部"", ""信息统计部"", ""智能创新部"", """", ""苏州开发测试中心"", ""数据治理部"", ""总行"", ""风险预警管理部"", ""系统与数据应用部"", ""信贷与投资管理部"", ""架构管理部"", ""风险内控部"", ""数据中心"", ""创新业务部"", ""非零贷后与监控部"", ""计量与应用部""]",高负荷&项目驱动,"[""邮件收发量在<strong>全年</strong>保持高位，以‘会议与项目协作’和‘数据需求与处理’为主，显示出持续高强度协作的工作模式。"", ""工作重心随季度明显演进：<strong>上半年</strong>聚焦于‘慧信工程’、‘整合模型’、‘监管集市’等大型数据项目；<strong>下半年</strong>转向‘普惠信贷流程优化’、‘大模型助手’应用及‘科创金融数字化’等创新业务场景。"", ""邮件主题清晰，常使用‘会议邀请’、‘会议结论’、‘重要通知’等标准化标签，体现出规范的项目管理和高效的信息同步习惯。"", ""沟通网络广泛，与涉及‘政策监管’、‘业务分析’、‘系统支持’及‘数据需求’的多个部门联系紧密，是跨领域协同的关键节点。""]",胡承萱是信息管理部的核心成员，工作聚焦于数据驱动的授信政策数字化、风险管理和业务流程优化。工作内容专业且系统，深度参与慧信工程整合模型、监管集市等大型项目，并主导授信政策数字化、普惠信贷流程优化及科创金融数字化等多个关键领域的数据应用与方案设计。撰写规范严谨，邮件主题清晰，常使用标准化标签（如会议邀请、会议结论、重要通知）进行高效分类，体现出良好的项目管理习惯。沟通风格积极主动，协作性强，频繁组织并参与跨部门会议，善于同步进展、协调资源并推动问题解决。后续建议继续深化在数据治理、AI应用（如大模型助手）与业务场景融合方面的专业能力，可加强对前沿技术（如流程挖掘、本体论）的探索与应用，以提升创新解决方案的落地效果。优势在于具备出色的跨领域协同能力、项目推动力和结构化思维，能有效连接技术、数据与业务需求，是团队中值得信赖的骨干力量。,,,,,,,,,,,,84.0,0.0,信息管理部,非零BP,139.2491667,,,,,,,信息管理部,非零BP,组长,3.0,,女员工、研究生学历、校招生、工龄成长型、组长、带教师傅、高加班、项目负责人、领导力优秀、专业能力优秀、工作态度积极、团队合作佳、综合评分高、学习积极分子、知识库活跃、考勤全勤、高强度工作、项目驱动型、会议达人、跨部门广泛协作、有冲劲、部门_信息管理部、AI算法、项目管理、数据治理、零售业务,,AI算法与大模型、数据建模与数仓、数据平台与运维、数据治理与合规、项目管理与需求、业务系统建设
24,王亮,信息管理部,非零BP,男,6.0,研究生,上海大学,骨干,,,0,数据分析,校园招聘,,,,,10,0,,,,,,,,,,0,0,0,0,0,0,,1.0,2.0,2.0,2.0,7.0,3-不作为优先培养对象,一般,,,,,,,,,,,,,,,,,,,,,,,,,,,,,,,,信息管理部,,骨干,5.0,,男员工、研究生学历、校招生、工龄中坚、骨干员工、领导力待提升、专业能力良好、工作态度良好、团队合作良好、综合评分中、非优先培养对象、学习活跃、部门_信息管理部,,未识别
25,曹婉茹,信息管理部,零售BP,女,6.0,研究生,北京师范大学,组长,,,0,数据分析,校园招聘,第三党支部组织委员,,,,8,0,,,,1.223925319,0.0,30.0,17.0,12.0,2.0,1,7,0,0,0,0,,2.0,2.0,2.0,2.0,8.0,2-可培养的二梯队,内敛，综合能力可以,,2025.0,信息管理部,"{""其他"": 120, ""会议与沟通协调"": 160, ""党建与组织工作"": 90, ""培训与考核安排"": 50, ""数据与模型运营"": 140, ""流程与规范制定"": 40, ""采购与厂商管理"": 70, ""项目与需求管理"": 180}","[""李焕彰"", ""王璐珊"", ""杨陆"", ""刘子昕"", ""路立静"", ""魏榕慧"", ""俞筱晨"", ""张鑫"", ""余翠"", ""吴证"", ""胡承萱"", ""黄佳佳"", ""乐洋"", ""周叶珉"", ""宋晓迪"", ""王枫"", ""单曙兵"", ""顾恺"", ""舒宝龙"", ""史朋飞""]","[""信息管理部"", ""数据开发部"", ""数据平台部"", ""综合管理部"", ""信息统计部"", ""智能创新部"", ""数据治理部"", ""客户经营部"", ""总行"", """", ""上海开发测试中心"", ""线上银行部"", ""苏州开发测试中心"", ""市场企划部"", ""业务管理部"", ""风险内控部"", ""负债管理部"", ""数据中心"", ""代销业务部"", ""经营企划部""]",高强度&全流程项目驱动,"[""邮件类型以‘项目与需求管理’（180封）和‘会议与沟通协调’（160封）为主，显示其工作围绕项目管理和跨部门协作展开。"", ""全年关键词‘AI运营’、‘模型’、‘数据’、‘项目’、‘需求’提及频率逐季度增长，表明工作重心持续聚焦于AI运营项目，并在下半年强化了项目管理和平台建设。"", ""关键词‘会议’、‘评审’、‘汇报’、‘周报’、‘工作总结’高频出现，体现了规律性的沟通、汇报和复盘节奏。"", ""邮件撰写‘规范严谨，主题明确，善于使用标签分类’，表明其工作条理性强，注重信息管理。"", ""沟通风格‘积极主动，注重时效性’，能够‘有效推动项目进展并协调多方资源’。"", ""建议中提及‘减少紧急协调事项’，暗示工作中存在一定比例的紧急沟通，可能与项目推进或跨部门协作有关。""]",曹婉茹是信息管理部的员工。邮件收发分析显示，其2025年工作高度聚焦于‘零售长尾客户AI运营项目的全流程管理’。邮件类型分布以‘项目与需求管理’（180封）和‘会议与沟通协调’（160封）为核心，辅以大量‘数据与模型运营’（140封）及‘采购与厂商管理’（70封）邮件，清晰勾勒出其作为项目统筹者，串联需求、数据、技术、商务和跨部门沟通的多重角色。季度关键词云显示，核心词汇‘AI运营’、‘模型’、‘数据’贯穿全年且热度递增，工作重心从一季度的需求启动与基础运营，到二季度的标签深化与商务交付，再到三季度的项目推进与规划，最终在四季度聚焦于平台建设、年度汇报与数字化总结，呈现出清晰的战略演进路径。沟通网络广泛，涉及业务部门（BP）、技术团队（模型、数据）、采购与厂商、以及党建组织等多个方面，体现了其‘桥梁作用’。邮件撰写‘规范严谨，善于使用标签’，沟通风格‘积极主动，注重时效’，情感分析偏向专业、务实、推动型。工作节奏为高强度、全流程项目驱动，伴随定期的会议、评审和汇报。优势在于‘较强的项目统筹能力和细节把控力’，以及‘对数据驱动业务的深刻理解’。后续建议‘优化邮件沟通的优先级管理’并‘在跨部门协作中加强前置沟通，减少紧急协调事项’，以进一步提升协作效率。,,,,,,,,,,,,86.0,8.0,信息管理部,零售BP,28.60333333,,,,,,,信息管理部,零售BP,组长,5.0,,女员工、研究生学历、校招生、工龄中坚、组长、项目负责人、高频需求负责人、领导力优秀、专业能力良好、工作态度良好、团队合作良好、综合评分中、二梯队人才、学习活跃、考勤需关注、高强度工作、项目驱动型、流程导向型、会议达人、邮件数据开发型、跨部门广泛协作、部门_信息管理部、项目管理、零售业务、文档流程,,项目管理与需求、业务系统建设
26,杨陆,信息管理部,零售BP,女,4.0,研究生,南京师范大学,骨干,产品经理,2.0,0,数据分析,校园招聘,,工会会员代表,,,6,0,,,,0.922810185,0.0,41.0,15.0,3.0,1.0,0,0,0,0,0,0,,2.0,2.0,2.0,2.0,8.0,2-可培养的二梯队,偏外向，敢表达,,2025.0,信息管理部,"{""其他"": 50, ""会议与沟通"": 220, ""培训与材料"": 70, ""党建与内部事务"": 80, ""数据分析与标签"": 150, ""系统建设与平台"": 130, ""营销与客户经营"": 90, ""项目与需求管理"": 180}","[""邱玥"", ""陈超"", ""陈玉"", ""杨柠宁"", ""曹婉茹"", ""李焕彰"", ""史朋飞"", ""王枫"", ""吴证"", ""乐洋"", ""王璐珊"", ""路立静"", ""刘子昕"", ""魏榕慧"", ""张鑫"", ""余翠"", ""王萌萌"", ""俞筱晨"", ""顾恺"", ""宋晓迪""]","[""信息管理部"", ""数据开发部"", ""智能创新部"", ""数据平台部"", ""综合管理部"", ""信息统计部"", ""风险政策部"", ""未知部门"", ""数据治理部"", ""总行"", ""客户经营部"", """", ""上海开发测试中心"", ""养老金融部"", ""线上银行部"", ""负债管理部"", ""产品管理部"", ""风险内控部"", ""苏州开发测试中心"", ""代销业务部""]",持续高协作 & 项目/平台驱动,"[""'会议与沟通'类邮件数量全年最高，表明其工作节奏高度依赖跨部门会议、讨论与协调。"", ""工作重心全年聚焦于'分析圈客'、'标签'、'平台'、'一体化'等核心项目，关键词热度持续攀升，显示项目推进的连贯性与深入性。"", ""关键词从一季度的'规划'、'模型'到后续季度的'测试'、'CDP'、'AI'、'运营'演变，反映了工作从规划设计向开发测试、上线运营的全周期覆盖。"", ""邮件撰写'规范严谨，主题明确，善于使用标签分类'，沟通风格'积极主动'，展现出高效、专业的协作习惯。""]",杨陆是信息管理部的员工。邮件收发显示其工作高度聚焦于数据驱动的客户经营领域，核心围绕'分析圈客一体化平台'的规划、建设与运营展开。'会议与沟通'类邮件占比最高，结合高频出现的'会议'、'需求'、'评审'、'沟通'等词，表明其工作模式是典型的强协作型，深度参与项目全周期的讨论、协调与评审。关键词云显示，其工作重心从一季度的项目'规划'与'模型'探讨，逐步转向二三季度的'CDP'、'测试'、'架构'等具体开发实施，并在四季度强化了'数据'、'运营'、'AI'等运营与前瞻技术主题，体现了完整的项目生命周期管理能力。邮件'撰写规范严谨，主题明确，善于使用标签分类'，'沟通风格积极主动'，展现出优秀的职业素养与团队协作精神。作为部门在'数据驱动客户经营领域不可或缺的核心骨干'，其优势在于对复杂项目的全程跟进能力、细致的数据标签管理以及高效的跨团队沟通协调。建议可进一步深化对'AI与大模型在客户经营中的应用'等前沿技术的把握，并加强工作成果的体系化总结与价值提炼。,,,,,,,,,,,,78.0,2.0,信息管理部,零售BP,27.87361111,,,,,,,信息管理部,,骨干,3.0,2.0,女员工、研究生学历、校招生、工龄成长型、骨干员工、产品经理、低加班、领导力优秀、专业能力良好、工作态度良好、团队合作良好、综合评分中、二梯队人才、考勤良好、协作型工作风格、会议达人、跨部门广泛协作、偏外向、部门_信息管理部、AI算法、测试工程,,AI算法与大模型、系统测试与投产、项目管理与需求
27,郭庆睿,信息统计部,管理信息组,男,8.0,研究生,复旦大学,组长,,,2,数据分析,校园招聘,,,,,8,3,,,,3.027695312,1.0,9.0,3.0,36.0,16.0,0,0,0,0,0,0,,2.0,3.0,3.0,3.0,11.0,1.1-专业能力强，但领导力较弱,有良好的大局观,,2025.0,信息统计部,"{""其他"": 153, ""产品与客户分析"": 85, ""运营管理与报告"": 58, ""战略规划与年度工作"": 49, ""监管报送与合规管理"": 62, ""系统建设与技术支持"": 71, ""项目管理与会议组织"": 94, ""数字化转型与数据应用"": 127}","[""贺文军"", ""王素雅"", ""姚蜜"", ""宋晓迪"", ""张海濛"", ""向治蓉"", ""王晓璇"", ""顾恺"", ""曾世杰"", ""吴证"", ""胡楚"", ""胡雯"", ""王新"", ""骆静龙"", ""张雅淇"", ""乐洋"", ""张伟亮"", ""梅凯磊"", ""李焕彰"", ""杨青""]","[""信息统计部"", ""数据开发部"", ""数据平台部"", ""综合管理部"", ""信息管理部"", ""智能创新部"", ""上海开发测试中心"", """", ""苏州开发测试中心"", ""数据治理部"", ""总行"", ""数据中心"", ""数据应用管理部"", ""资产负债管理部"", ""创新业务部"", ""风险内控部"", ""计划管理部"", ""科创金融部"", ""系统与数据应用部"", ""架构管理部""]",聚焦核心&持续输出,"[""邮件主题高度集中于‘数字化转型与数据应用’、‘项目管理与会议组织’、‘产品与客户分析’三大核心领域，合计占比超过年度邮件总量的50%。"", ""工作节奏以季度为周期稳定推进，各季度高频关键词（如‘掌上行’、‘智能问数’、‘产品客户分析’）持续出现，显示其工作具有长期性和延续性。"", ""邮件沟通内容从一季度的‘年度工作会议’、‘KPI’规划，到四季度的‘工作总结’、‘机构改革’，完整覆盖了年度工作从规划、执行到复盘的全流程。"", ""关键词‘攻坚克难’贯穿全年，尤其在二、三季度提及频繁，表明其在项目推进中持续面临并解决挑战。""]",郭庆睿同志是信息统计部的员工。2025年全年邮件收发活跃，工作内容深度聚焦于数据赋能与数字化转型。邮件类型分布显示，其核心工作围绕‘数字化转型与数据应用’、‘项目管理与会议组织’及‘产品与客户分析’展开。从季度关键词云看，‘掌上行’平台运营与优化是其贯穿全年的核心工作线；‘智能问数’场景建设从一季度起步，热度持续攀升至三季度达到峰值；‘科技金融’与‘产品客户分析’作为两大业务支柱，全年保持高频关注。沟通风格积极主动，注重跨部门协作，关键词中频繁提及‘数据部’、‘UDAS’、‘奉贤支行’，反映出与数据开发、平台及业务部门保持紧密联系。工作节奏稳定而聚焦，从年初的规划（‘年度工作会议’、‘KPI’），到年中的攻坚（‘攻坚克难’、‘五篇大文章’），再到年末的总结与应对变化（‘工作总结’、‘机构改革’），展现了完整的年度工作闭环。总体而言，郭庆睿同志是一名对数字化转型趋势有敏锐把握、具备复杂项目统筹协调能力、工作作风务实高效的数据业务骨干。,,,,,,,,,,,,,,,,,,,,,,,信息统计部,管理信息组,组长,7.0,,男员工、研究生学历、校招生、工龄中坚、组长、高加班、领导力优秀、专业能力优秀、工作态度积极、团队合作佳、综合评分高、学习活跃、知识库活跃、跨部门广泛协作、大局观、部门_信息统计部、岗位经历丰富、数据开发、项目管理,,AI算法与大模型、数据开发与ETL、项目管理与需求、BI与数据分析、业务系统建设
28,王素雅,信息统计部,管理信息组,女,6.0,研究生,华中师范大学,骨干,产品经理,4.0,1,数据分析,校园招聘,,,,,10,0,,,1.0,1.900721326,1.0,19.0,17.0,21.0,5.0,0,1,0,0,0,0,,1.0,2.0,2.0,3.0,8.0,3-不作为优先培养对象,有冲劲，当前偏个人发展型,,2025.0,信息统计部,"{""其他"": 128, ""会议与沟通协调"": 189, ""数据分析与报告"": 245, ""数据支持与运维"": 167, ""权限与流程管理"": 153, ""系统与平台建设"": 312, ""项目与需求管理"": 286}","[""郭庆睿"", ""曾世杰"", ""贺文军"", ""姚蜜"", ""向治蓉"", ""胡雯"", ""张海濛"", ""魏佳翔"", ""王晓璇"", ""梅凯磊"", ""宋晓迪"", ""吴证"", ""黄澜"", ""张镓奇"", ""胡楚"", ""顾恺"", ""乐洋"", ""张雅淇"", ""骆静龙"", ""黄佳佳""]","[""信息统计部"", ""数据开发部"", ""数据平台部"", ""信息管理部"", ""综合管理部"", ""智能创新部"", """", ""总行"", ""数据治理部"", ""资产负债管理部"", ""苏州开发测试中心"", ""风险内控部"", ""创新业务部"", ""债券交易部"", ""计划管理部"", ""信贷与投资管理部"", ""数据应用管理部"", ""清算部"", ""上海开发测试中心"", ""数据管理与应用部""]",项目驱动 & 跨季度持续高投入,"[""全年邮件主题高度聚焦于‘系统与平台建设’、‘项目与需求管理’和‘数据分析与报告’，显示工作内容以数据平台项目为核心。"", ""工作重心随季度演变：Q1-Q2聚焦‘掌上行’平台建设，Q3-Q4重心明显向‘智能问数’的运营与推广转移。"", ""关键词‘权限’、‘需求’、‘会议’、‘建设’、‘推广’全年高频出现，体现了贯穿始终的项目管理、跨部门协调与产品落地职责。"", ""邮件撰写‘常使用标签分类，注重任务追踪与闭环’，沟通风格‘积极主动，频繁组织与参与各类会议’。""]",王素雅是信息统计部的员工。邮件主题高度集中在‘系统与平台建设’、‘项目与需求管理’和‘数据分析与报告’，全年邮件总量可观，显示其核心工作围绕数据平台（掌上行、智能问数、UDAS）的建设、运营与需求管理展开。从季度关键词演变看，工作重心从年初的‘掌上行’平台建设，逐步过渡到‘智能问数’的深度运营、场景推广与权限管理，体现了项目生命周期的完整跟进。‘数据’、‘指标’、‘报表’、‘需求’、‘权限’、‘会议’、‘建设’、‘运营’等词贯穿全年，勾勒出其作为‘业务、技术与数据桥梁’的角色定位：既要进行数据分析与指标体系建设，又要管理项目需求、协调会议、处理系统权限，并推动产品落地与运营。邮件撰写‘规范严谨，主题清晰，常使用标签分类’，沟通风格‘积极主动，频繁组织与参与各类会议，善于协调多方资源’，对内外部需求‘响应及时’。工作网络必然广泛涉及业务部门（如奉贤支行）、技术开发团队以及数据使用方，以推动项目进展和数据赋能。总体而言，王素雅是一名具备系统思维、项目管理能力和数据洞察力的核心成员，工作节奏紧凑且以项目为导向，是团队中不可或缺的枢纽型人才。,,,,,,,,,,,,80.0,8.0,信息统计部,管理信息应用组,93.30388889,,,,,,,信息统计部,,骨干,5.0,4.0,女员工、研究生学历、校招生、工龄中坚、骨干员工、产品经理、带教师傅、中加班、领导力待提升、专业能力良好、工作态度良好、团队合作佳、综合评分中、非优先培养对象、学习活跃、考勤需关注、项目驱动型、邮件高频用户、会议达人、邮件项目管理型、邮件运维支持型、跨部门广泛协作、有冲劲、部门_信息统计部、数据平台、项目管理、数据分析、数据安全,,AI算法与大模型、数据平台与运维、项目管理与需求、BI与数据分析、数据安全与权限、业务系统建设
29,张伟亮,信息统计部,监管数据治理,男,7.0,研究生,西南交通大学,组长,产品经理,2.0,1,监管统计,校园招聘,,,,,11,4,,,,3.34787796,1.0,5.0,3.0,35.0,18.0,0,0,0,0,0,0,,2.0,3.0,3.0,2.0,10.0,1.1-专业能力强，但领导力较弱,渴望被提拔，有进取心，需要转型引导,,2025.0,信息统计部,"{""其他"": 150, ""会议与协作"": 1327, ""监管报送与合规"": 980, ""紧急与催办事务"": 220, ""通知与材料审阅"": 580, ""数据治理与问题处理"": 850, ""需求评审与项目推进"": 650}","[""张梦琦"", ""景丞"", ""贺文军"", ""王笑丹"", ""钱磊"", ""王书祥"", ""杨青"", ""宋晓迪"", ""张小天"", ""龚毅磊"", ""赵超"", ""顾恺"", ""王新"", ""方晴"", ""李然"", ""曾敏锐"", ""李虎"", ""刘智超"", ""吴小倩"", ""袁凯""]","[""信息统计部"", ""数据开发部"", ""综合管理部"", ""上海开发测试中心"", ""数据平台部"", """", ""信息管理部"", ""苏州开发测试中心"", ""数据应用管理部"", ""智能创新部"", ""创新业务部"", ""系统与数据应用部"", ""数据治理部"", ""总行"", ""消费信贷部"", ""业务发展部"", ""风险预警管理部"", ""风险内控部"", ""架构管理部"", ""数据与系统应用管理部""]",高负荷&项目驱动,"[""邮件收发总量巨大，全年保持高强度工作状态，尤其在<strong>三季度</strong>（会议、EAST、数据等关键词频次激增）达到工作负荷的顶峰。"", ""紧急与催办事务类邮件（220封）贯穿全年，体现出对关键任务的持续跟进与推动。"", ""工作重心随季度明显变化：一季度聚焦'EAST'、'监管报送'与'整改'；二季度'会议'与'纪要'频次大幅上升；三季度'会议'、'EAST'、'数据治理'全面爆发；四季度工作重点回归'会议'、'审阅'与'重要'事务处理。"", ""标签邮件（即邮件类型分布）使用规范且全面，'会议与协作'、'监管报送与合规'、'数据治理与问题处理'三类占比最高，显示出严谨的工作分类与项目管理习惯。""]",张伟亮是信息统计部的核心骨干。2025年邮件收发总量巨大，工作节奏紧凑且呈明显的项目驱动特征，第三季度为全年工作负荷的峰值。邮件类型分布高度集中在'会议与协作'、'监管报送与合规'和'数据治理与问题处理'三大领域，'紧急与催办事务'类邮件全年持续存在，体现了其对关键任务的跟进能力。从季度关键词云看，其工作重心随项目周期动态调整：一季度深度参与EAST系统检核整改；二季度会议组织与纪要撰写任务加重；三季度EAST、数据治理、会议协作等多项核心工作并行，强度最大；四季度工作重点回归常规会议、材料审阅及重要事务处理。关键词'EAST'、'监管'、'数据'、'会议'、'治理'、'慧信'、'需求'、'问题'贯穿全年，精准勾勒出其作为'连接业务、技术与监管要求的重要枢纽'的角色。邮件撰写'严谨规范，主题明确且常使用标签分类'，沟通风格'直接高效，以任务为导向'，展现出极强的条理性、合规意识、风险把控能力和卓越的项目推动力。作为团队中'可靠的质量守门人和关键执行者'，其优势在于对复杂监管数据体系的深刻理解、细致的数据质量核对能力以及出色的跨团队协作才能。后续建议在保持高效执行的同时，'可进一步优化时间管理与沟通节奏，适当增强亲和力以促进更从容的协作氛围'；鼓励其'将丰富的实践经验转化为前瞻性的流程优化与系统性规划'，并在高压环境中注意工作与生活的平衡。,,,,,,,,,,,,,0.0,信息统计部,监管数据治理组,136.4202778,,,,,,,信息统计部,监管数据治理,组长,6.0,2.0,男员工、研究生学历、校招生、工龄中坚、组长、产品经理、高加班、领导力优秀、专业能力优秀、工作态度积极、团队合作良好、综合评分高、学习活跃、知识库活跃、考勤全勤、高强度工作、项目驱动型、邮件高频用户、会议达人、邮件项目管理型、邮件数据开发型、跨部门广泛协作、进取心强、部门_信息统计部、征信合规、数据治理,,数据平台与运维、数据治理与合规
30,王书祥,信息统计部,监管数据治理,男,11.0,大学本科,上海对外经贸大学,骨干,产品经理,1.0,0,监管统计,社会招聘,,,,,10,0,,,,1.883171296,1.0,13.0,15.0,31.0,1.0,0,0,0,0,0,0,,1.0,2.0,2.0,2.0,7.0,3-不作为优先培养对象,中规中矩,,2025.0,信息统计部,"{""其他"": 70, ""监管数据报送"": 280, ""会议与沟通协调"": 160, ""党建与内部事务"": 50, ""制度与文档管理"": 90, ""数据治理与检核"": 210, ""系统运维与变更"": 130, ""项目与需求管理"": 180}","[""张伟亮"", ""景丞"", ""张梦琦"", ""钱磊"", ""王笑丹"", ""贺文军"", ""杨青"", ""龚毅磊"", ""赵超"", ""吴小倩"", ""张小天"", ""刘梦颖"", ""曾敏锐"", ""康冉"", ""宋晓迪"", ""袁凯"", ""顾恺"", ""吴证"", ""卫彩萍"", ""杨萍""]","[""数据开发部"", ""信息统计部"", ""上海开发测试中心"", ""苏州开发测试中心"", ""数据平台部"", ""综合管理部"", ""信息管理部"", ""智能创新部"", """", ""数据治理部"", ""总行"", ""创新业务部"", ""系统与数据应用部"", ""数据应用管理部"", ""数据中心"", ""架构管理部"", ""信贷与投资管理部"", ""金融科技部"", ""风险预警管理部"", ""风险内控部""]",持续高强度&监管驱动,"[""邮件主题高度聚焦于'EAST'、'一表通'、'监管数据'、'报送'、'检核'等核心监管事务，全年工作强度稳定且持续。"", ""从季度关键词趋势看，'EAST'、'一表通'、'监管数据'、'检核'、'数据治理'、'项目'、'需求'、'测试'等词的提及频次逐季稳步增长，显示工作深度和复杂度在持续增加。"", ""工作节奏紧密围绕监管报送周期，'月报'、'清单'、'审批'、'变更'、'流程'等高频词体现了严格、周期性的流程化工作模式。"", ""沟通以事务性为导向，'会议'、'通知'、'文档'等词频繁出现，表明其工作依赖大量正式沟通与协同。""]",王书祥是信息统计部的员工。邮件收发高度集中于'监管数据报送'、'数据治理与检核'、'项目与需求管理'三大领域，合计占比超过总邮件量的七成，是监管数据领域的核心执行者。邮件主题全年高度聚焦于'EAST'和'一表通'两大监管数据体系，涉及'报送'、'检核'、'数据治理'、'项目'、'需求'、'测试'等全流程工作。从季度关键词趋势看，各核心工作项的提及频次均呈逐季稳步增长态势，反映出其工作负荷与责任深度在2025年持续增加，特别是在'规则'、'口径'、'豁免'等精细化治理方面。沟通风格严谨、规范、以事务为导向，'会议'、'审批'、'流程'、'清单'、'通知'、'文档'等词高频出现，体现了其严格遵循流程、注重正式记录与协同的工作方式。工作节奏稳定而紧凑，紧密贴合监管报送与项目管理的周期性要求，展现出极强的责任心、细致度和多任务处理能力。其优势在于对监管报送流程的熟练掌握、对数据细节的高度关注以及强大的执行力。建议后续可进一步优化跨部门协同的主动性，并在处理复杂监管问题时提升战略层面的思考与规划能力。,,,,,,,,,,,,78.0,0.0,信息统计部,监管数据治理组,97.10472222,,,,,,,信息统计部,,骨干,10.0,1.0,男员工、本科学历、社招员工、工龄资深、骨干员工、产品经理、中加班、领导力待提升、专业能力良好、工作态度良好、团队合作良好、综合评分中、非优先培养对象、学习活跃、考勤全勤、高强度工作、监管驱动型、邮件高频用户、会议达人、邮件运维支持型、邮件数据开发型、跨部门广泛协作、部门_信息统计部、征信合规、测试工程、项目管理、数据治理,,数据治理与合规、系统测试与投产、项目管理与需求
31,王新,信息统计部,监管统计组,男,9.0,大学本科,吉林大学,组长,产品经理,2.0,0,数据分析,社会招聘,,,,,14,19,,,,1.60844086,0.0,23.0,23.0,8.0,8.0,0,0,0,0,0,0,,1.0,3.0,2.0,2.0,8.0,1.1-专业能力强，但领导力较弱,欠缺管理张力,,2025.0,信息统计部,"{""其他"": 300, ""会议与沟通"": 1200, ""制度与口径"": 700, ""审计与检查"": 500, ""系统与自动化"": 400, ""数据治理与排查"": 850, ""监管统计与报表"": 1850}","[""贺文军"", ""李然"", ""康冉"", ""张伟亮"", ""徐陶然"", ""宋晓迪"", ""李亦佳"", ""严彬华"", ""周逸晨"", ""钱磊"", ""赵超"", ""于正文"", ""机构邮箱"", ""顾恺"", ""杨青"", ""郭庆睿"", ""陈倩"", ""张海濛"", ""周龙"", ""周静""]","[""信息统计部"", ""数据开发部"", ""综合管理部"", ""数据平台部"", ""信息管理部"", """", ""智能创新部"", ""数据治理部"", ""总行"", ""上海开发测试中心"", ""系统与数据应用部"", ""数据应用管理部"", ""科创金融部"", ""苏州开发测试中心"", ""创新业务部"", ""消费信贷部"", ""绿色金融部"", ""信贷与投资管理部"", ""风险内控部"", ""政府金融部""]",高强度 & 监管驱动,"[""全年邮件收发量巨大，工作负荷持续处于高位，核心工作为‘监管统计与报表’。"", ""紧急邮件（如标注‘重要’、‘紧急’）发送频繁，体现了对监管时效性的高度重视。"", ""标签邮件（如‘请审阅’）使用规范，表明其注重责任划分与流程规范。"", ""工作重心全年围绕监管报送，但关键词显示季度间略有侧重，如‘五篇大文章’在二三季度关注度最高，‘机构改革’在四季度成为新焦点。""]",王新同志是信息统计部的员工。邮件收发数量全年保持极高水平，工作节奏紧凑且监管驱动。邮件主题高度集中在‘监管统计’、‘1104’、‘五篇大文章’、‘报送’、‘报表’等词汇，表明其核心工作是监管数据的统计、报送与报表管理。全年‘数据’、‘口径’、‘制度’、‘会议’、‘排查’等词频繁出现，反映出其在数据治理、制度解读、会议沟通及问题排查方面的深度参与。从季度看，关键词‘五篇大文章’和‘科技贷款’的关注度在二三季度显著提升，‘慧信工程’自二季度起成为持续热点，‘机构改革’在四季度成为新焦点，体现了工作重心随监管政策与重点项目动态调整。邮件撰写‘规范严谨，主题明确，常使用‘重要’、‘紧急’、‘请审阅’等标签，注重时效与责任划分’。沟通风格以‘正式、高效、协作性强’为特点。其沟通网络广泛，根据总结，与‘数据开发部、综合管理部、风险内控部等’及外部监管机构保持紧密联动。总体而言，王新是一名专业性强、责任感重、细致严谨、跨部门协调能力出色的核心员工，是部门在监管合规领域不可或缺的中坚力量。建议可进一步加强对前沿监管政策的前瞻性研究，并探索利用技术手段提升数据报送的智能化水平。,,,,,,,,,,,,76.0,2.0,信息统计部,监管统计组,65.48722222,,,,,,,信息统计部,监管统计组,组长,8.0,2.0,男员工、本科学历、社招员工、工龄中坚、组长、产品经理、中加班、领导力待提升、专业能力优秀、工作态度良好、团队合作良好、综合评分中、学习积极分子、知识库活跃、考勤良好、高强度工作、监管驱动型、邮件高频用户、会议达人、邮件数据开发型、跨部门广泛协作、管理张力不足、部门_信息统计部、数据开发、征信合规、数据治理、数据分析,,AI算法与大模型、数据开发与ETL、数据治理与合规、BI与数据分析、业务系统建设、运维与技术支持
32,杨婧,智能创新部,AI产品运营组,女,5.0,研究生,中国科学技术大学,组长,产品经理,1.0,0,数据研发,校园招聘,,,,23/24数据文化优秀贡献者/24研究与创新奖,14,0,,,3.0,2.765464481,1.0,9.0,14.0,20.0,18.0,0,1,1,2,0,0,超负荷,1.0,3.0,3.0,2.0,9.0,1.1-专业能力强，但领导力较弱,有培养潜力，因年限较短缺乏更深入的思考，需要引导,,2025.0,智能创新部,"{""其他"": 200, ""会议与协调"": 280, ""风险与合规"": 90, ""培训与团队建设"": 120, ""日常运营与支持"": 150, ""材料撰写与审核"": 260, ""资源与采购管理"": 180, ""大模型项目与研发"": 320}","[""胡申民"", ""贾世林"", ""陈超"", ""卢易"", ""李响"", ""邱玥"", ""王友轩"", ""李梦霄"", ""李焕彰"", ""于中宝"", ""张子璐"", ""黄亦豪"", ""张镓奇"", ""祁鑫"", ""崔建文"", ""吴证"", ""胡承萱"", ""杨晓彦"", ""贺文军"", ""乐洋""]","[""智能创新部"", ""数据开发部"", ""数据平台部"", ""上海开发测试中心"", ""信息管理部"", ""综合管理部"", ""信息统计部"", ""苏州开发测试中心"", """", ""总行"", ""数据治理部"", ""数据中心"", ""线上银行部"", ""架构管理部"", ""风险内控部"", ""客户经营部"", ""债券交易部"", ""信贷与投资管理部"", ""创新业务部"", ""项目管理部""]",项目驱动&持续协作,"[""邮件收发总量极高，全年保持高强度沟通，尤其在项目推进和协调方面。"", ""邮件主题高度聚焦于'大模型'、'AI手机银行'、'尽调助手'、'智能体'等核心项目，显示工作重心明确。"", ""工作节奏紧密围绕项目生命周期，从一季度'需求'、'方案'、'资源'，到二季度'采购'、'攻坚克难'，再到三季度'培训'、'新人'、'OKR'，四季度'总结'、'规划'、'合规'，呈现完整的项目闭环管理。"", ""邮件撰写'规范严谨'，'标签使用规范'，体现了良好的职业习惯。"", ""沟通风格'积极主动'，'善于跨部门协调'，'频繁参与各类会议和材料评审'，展现出较强的组织协调能力。""]",杨婧是智能创新部的核心成员，专注于人工智能大模型在金融领域的应用与创新。邮件收发数量全年保持高位，工作节奏紧凑且高度项目驱动。邮件主题高度集中在‘大模型’、‘AI手机银行’、‘尽调助手’、‘智能体’、‘项目’、‘会议’、‘需求’等词汇，表明其核心工作围绕大模型项目的全生命周期管理展开，包括需求分析、方案设计、资源协调、项目推进和风险管控。从季度关键词看，一季度侧重项目启动与资源准备（如GPU、资源），二季度聚焦攻坚与采购（如攻坚克难、采购），三季度关注团队建设与目标管理（如培训、新人、OKR），四季度转向总结规划与风险合规（如总结、规划、合规），工作重心随项目周期自然演进。邮件撰写‘规范严谨’，‘标签使用规范’，体现了良好的职业素养。沟通风格‘积极主动’，‘善于跨部门协调’，‘频繁参与各类会议和材料评审’，展现出较强的组织协调能力。总体而言，杨婧是一名对新兴技术有敏锐洞察力和快速落地能力，工作细致负责，具备较强执行力和团队协作精神的技术骨干。建议可进一步深化业务理解，提升复杂项目的端到端管理能力，并加强前沿技术跟踪与创新转化。,,,,,,,,,,,,90.0,4.0,智能应用一部,对公应用组,119.8113889,智能应用一部,7199.8,14.12,10.0,5.999988235,0.575071655,智能创新部,AI产品运营组,组长,4.0,1.0,女员工、研究生学历、校招生、工龄成长型、组长、产品经理、带教师傅、工作超负荷、高加班、应用主管、PASO参与者、领导力待提升、专业能力优秀、工作态度积极、团队合作良好、综合评分中、学习积极分子、项目驱动型、协作型工作风格、邮件高频用户、会议达人、邮件项目管理型、邮件数据开发型、跨部门广泛协作、有潜力、部门_智能创新部、AI算法、项目管理,,AI算法与大模型、数据平台与运维、数据治理与合规、项目管理与需求、业务系统建设
33,邱玥,智能创新部,AI产品运营组,女,3.0,研究生,东华大学,骨干,,,0,数据研发,校园招聘,,,,,16,0,,,1.0,1.447299636,0.0,14.0,39.0,7.0,1.0,1,1,1,2,2,4,适中,1.0,2.0,2.0,2.0,7.0,3-不作为优先培养对象,中规中矩、内敛,,2025.0,智能创新部,"{""其他"": 67, ""知识库建设与管理"": 148, ""技术方案与厂商对接"": 38, ""搜索系统优化与维护"": 162, ""部门行政与党建工作"": 87, ""需求评审与项目管理"": 135, ""AI大模型与智能体项目"": 185, ""实习生培养与团队管理"": 42}","[""陈超"", ""杨陆"", ""陈玉"", ""杨柠宁"", ""杨婧"", ""胡申民"", ""张子璐"", ""于中宝"", ""李响"", ""李梦霄"", ""黄亦豪"", ""贾世林"", ""祁鑫"", ""王友轩"", ""张镓奇"", ""崔建文"", ""蒋捷"", ""于俊杰"", ""卢易"", ""刘雅昕""]","[""智能创新部"", ""数据开发部"", ""信息管理部"", ""数据平台部"", ""综合管理部"", ""风险政策部"", ""信息统计部"", ""上海开发测试中心"", ""未知部门"", ""苏州开发测试中心"", ""数据治理部"", ""总行"", """", ""数据中心"", ""线上银行部"", ""风险内控部"", ""架构管理部"", ""债券交易部"", ""创新业务部"", ""信贷与投资管理部""]",技术驱动&项目导向,"[""邮件类型分布显示工作重心明确，以‘AI大模型与智能体项目’、‘搜索系统优化与维护’、‘知识库建设与管理’三大核心任务为主。"", ""紧急邮件信息未提供，无法分析具体分布。"", ""标签邮件使用规范，邮件主题明确，便于信息分类和跟踪。"", ""工作节奏随项目周期推进，从一季度的‘大模型’、‘搜索’基础建设，到三季度的‘e慧搜’、‘助手’、‘信义贷’等具体应用深化，再到四季度的‘项目’、‘升级’、‘采购’收尾与规划。""]",邱玥是智能创新部的员工。邮件收发围绕‘AI大模型与智能体项目’、‘搜索系统优化与维护’、‘知识库建设与管理’三大核心领域展开，工作内容覆盖项目全生命周期。邮件撰写‘规范严谨，主题明确，标签使用规范’。季度关键词演变清晰：一季度聚焦‘大模型’、‘搜索’、‘知识库’等基础建设与规划；二季度‘知识库’、‘e慧搜’、‘尽调’成为高频词，项目进入深化与调研阶段；三季度‘e慧搜’、‘助手’、‘信义贷’、‘问答’等词频显著上升，表明工作重心转向具体AI应用场景的落地与测试；四季度‘项目’、‘升级’、‘采购’、‘评估’、‘规划’凸显，工作进入项目收尾、系统升级、采购评估及未来规划阶段。‘手机银行’、‘需求’、‘方案’、‘建设’、‘会议’等词贯穿全年，体现了其项目管理职责和跨部门协作的常态。沟通风格‘务实高效，注重跨部门协作’。在团队培养方面‘展现出责任心，关注实习生带教’。其优势在于‘对新兴技术保持高度敏感，具备快速学习和技术落地能力’。联系最紧密的同事和科室信息未提供，无法分析。,,,,,,,,,,,,,,,,,,,,,,,智能创新部,,骨干,2.0,,女员工、研究生学历、校招生、工龄成长型、骨干员工、带教师傅、工作饱和度适中、项目负责人、应用主管、变更任务较多、PASO参与者、领导力待提升、专业能力良好、工作态度良好、团队合作良好、综合评分中、非优先培养对象、学习积极分子、邮件项目管理型、邮件数据开发型、跨部门广泛协作、部门_智能创新部、AI算法、测试工程、项目管理、文档流程,,AI算法与大模型、系统测试与投产、项目管理与需求、业务系统建设
3,李响,智能创新部,AI基础研发组,男,13.0,大学本科,哈尔滨工业大学,组长,架构师,5.0,1,数据研发,社会招聘,,,,,7,1,1.0,,2.0,1.297161017,0.0,35.0,16.0,5.0,3.0,2,0,2,5,16,13,超负荷,1.0,4.0,2.0,2.0,9.0,1.1-专业能力强，但领导力较弱,技术型,,2025.0,智能创新部,"{""其他"": 58, ""会议与沟通"": 75, ""测试与投产"": 102, ""团队与新人培养"": 42, ""技术方案与架构"": 128, ""资源与平台申请"": 89, ""项目与工程管理"": 156, ""风险管理与安全"": 68}","[""鞠爱宁"", ""吴证"", ""罗仁杰"", ""于中宝"", ""白迪"", ""顾恺"", ""黄哲睿"", ""陈超"", ""胡申民"", ""杨婧"", ""杨青"", ""杨萍"", ""卢易"", ""周浩"", ""连静"", ""李天卓"", ""胡正根"", ""王萌萌"", ""嵇雅娟"", ""陆凯华""]","[""上海开发测试中心"", ""数据开发部"", ""苏州开发测试中心"", ""数据平台部"", ""智能创新部"", ""综合管理部"", ""信息管理部"", ""信息统计部"", """", ""数据中心"", ""数据治理部"", ""总行"", ""架构管理部"", ""系统与数据应用部"", ""数据应用管理部"", ""金融科技部"", ""内控安全部"", ""债券交易部"", ""创新业务部"", ""风险控制部""]",前沿技术驱动 & 高强度项目管理,"[""邮件类型分布显示，'项目与工程管理'、'技术方案与架构'、'测试与投产'三大类工作占比最高，构成了全年高强度、多线并行的项目推进节奏。"", ""紧急邮件（'风险管理与安全'类）占比约10%，'邮件撰写规范严谨，主题标签使用清晰，能够有效区分任务优先级和类型'。"", ""标签邮件使用广泛，'会议与沟通'、'资源与平台申请'等类别邮件数量稳定，体现了其规范的跨部门协作与资源协调流程。"", ""工作重心随季度从'智芯'、'实时'等核心工程，逐步向'大模型'、'知识库'、'AI助手'等前沿应用领域转移，展现了快速响应技术趋势的能力。""]",李响是智能创新部的员工，岗位信息未明确。邮件收发数量全年保持高位，邮件类型高度集中在'项目与工程管理'、'技术方案与架构'和'测试与投产'，表明其核心工作围绕复杂技术项目的全生命周期管理展开。关键词云显示，全年工作围绕'智芯'、'大模型'、'数据'、'实时'、'平台'、'投产'等核心领域，从一季度聚焦'智芯'工程和'慧信'项目，到二、三、四季度'大模型'、'知识库'、'AI助手'等词频显著上升并占据主导，清晰地反映了其工作重心向AI前沿应用的快速演进。'沟通风格积极主动，频繁参与跨部门协调、技术方案评审和项目风险同步'，其紧密联系的同事和部门应广泛分布于项目上下游，包括技术架构、测试、运维、平台支撑及业务需求方。邮件撰写规范，标签使用清晰，紧急邮件（风险管理类）处理得当。总体而言，李响是一名对新兴技术保持高度敏感、擅长多线项目管理、风险意识强、沟通协调能力突出的技术骨干或项目经理。'后续建议进一步优化非工作时间沟通频率，提升工作与生活的平衡；同时可加强在技术深度与业务价值结合方面的系统性思考，将项目经验沉淀为可复用的方法论。',,,,,,,,,,,,44.0,31.0,智能平台部,平台研发组,49.7475,智能平台部,5333.0,10.46,9.0,1.0,0.904397706,智能创新部,AI基础研发组,组长,12.0,5.0,男员工、本科学历、社招员工、工龄资深、组长、架构师、带教师傅、工作超负荷、项目负责人、应用主管、变更任务密集、PASO参与者、领导力待提升、专业能力突出、工作态度良好、团队合作良好、综合评分中、内训讲师、考勤问题严重、高强度工作、跨部门广泛协作、部门_智能创新部、AI算法、架构设计、测试工程、项目管理、文档流程,337874,AI算法与大模型、数据平台与运维、系统测试与投产、架构设计与信创、项目管理与需求
35,于中宝,智能创新部,AI基础研发组,男,6.0,研究生,华东理工大学,骨干,架构师,6.0,0,数据研发,校园招聘,,,,23数据文化优秀贡献者/24年度宣传大使,12,4,,,2.0,1.985380824,0.0,9.0,34.0,12.0,7.0,2,2,1,3,9,5,超负荷,2.0,2.0,2.0,3.0,9.0,2-可培养的二梯队,有落差感，需要正确引导培养,,2025.0,智能创新部,"{""其他"": 53, ""培训与学习"": 42, ""需求与评审"": 88, ""会议与沟通协调"": 212, ""技术开发与合同"": 95, ""文档与材料处理"": 146, ""运维与技术支持"": 67, ""项目与工程管理"": 178}","[""杨青"", ""钱磊"", ""吴证"", ""罗仁杰"", ""曾敏锐"", ""胡申民"", ""姚志环"", ""李响"", ""周浩"", ""顾恺"", ""喻成侠"", ""吴小倩"", ""杨萍"", ""崔建文"", ""卢易"", ""王友轩"", ""陈超"", ""黄亦豪"", ""林幸"", ""李天卓""]","[""上海开发测试中心"", ""数据开发部"", ""苏州开发测试中心"", ""数据平台部"", ""智能创新部"", ""综合管理部"", ""信息统计部"", ""信息管理部"", """", ""数据治理部"", ""总行"", ""数据中心"", ""系统与数据应用部"", ""架构管理部"", ""线上银行部"", ""债券交易部"", ""数据应用管理部"", ""创新业务部"", ""金融科技部"", ""风险内控部""]",高强度&前沿技术项目驱动,"[""邮件收发量在<strong>全年</strong>保持高位，'会议与沟通协调'类邮件数量最多，显示其工作核心是跨部门协作与项目管理。"", ""紧急邮件（数据未提供）无法直接分析，但从高频'会议'、'评审'、'投产演练'等关键词推测，项目关键节点可能伴随紧急沟通。"", ""标签邮件使用广泛且稳定，'撰写邮件时注重规范，主题明确，常使用标签分类'，体现了高度规范的邮件管理和沟通习惯。"", ""工作重心随季度明显演进：一季度聚焦'慧信工程'和'投产演练'；二季度起重心转向'AI手机银行'、'关联图谱'、'隐私计算'、'大模型'等前沿技术项目。""]",于中宝是智能创新部的员工。邮件收发总量大，其中'会议与沟通协调'类邮件占比最高，表明其工作核心是组织协调与项目管理。邮件主题高度集中在'AI手机银行'、'关联图谱'、'隐私计算'、'大模型'、'模型'等词汇，显示其工作聚焦于金融科技前沿领域的项目推进与技术探索。全年高频出现'会议'、'需求'、'评审'、'测试'、'文档'等词，反映出其工作流程规范，涉及大量跨部门协作、技术评审和项目交付环节。从季度看，一季度工作重心在'慧信工程'和'投产演练'等传统项目；二至四季度则全面转向'AI手机银行'、'关联图谱'、'隐私计算'、'大模型'等创新技术项目，工作内容随战略重点快速演进。沟通网络方面，根据高频词'数据部'推测，与数据部门联系紧密，共同推进数据侧、关联图谱、模型等项目。邮件撰写规范，'常使用标签分类'，便于信息归档。总体而言，于中宝是一名对新兴技术有敏锐洞察力、快速学习能力、擅长跨部门协调和复杂技术项目管理的骨干员工，工作负荷高且聚焦于创新领域。建议可'进一步优化时间管理，在密集的项目任务中平衡深度与广度'。,,,,,,,,,,,,90.0,1.0,智能平台部,平台研发组,79.13805556,智能平台部,6022.15,11.81,10.0,5.000023529,0.576627982,智能创新部,,骨干,5.0,6.0,男员工、研究生学历、校招生、工龄中坚、骨干员工、架构师、带教师傅、工作超负荷、中加班、项目负责人、需求负责人、应用主管、变更任务密集、PASO参与者、领导力优秀、专业能力良好、工作态度良好、团队合作佳、综合评分中、二梯队人才、学习活跃、知识库活跃、考勤良好、高强度工作、项目驱动型、会议达人、跨部门广泛协作、有潜力、部门_智能创新部、AI算法、测试工程、项目管理,1689,AI算法与大模型、系统测试与投产、项目管理与需求、业务系统建设
36,杨萍,综合管理部,测试管理组,女,11.0,研究生,上海大学,组长,,,1,数据测试,社会招聘,,,,,11,0,,,,3.122259536,1.0,5.0,13.0,31.0,18.0,0,0,0,0,0,0,,3.0,4.0,3.0,3.0,13.0,4-高潜培养对象,可以考虑轮岗 ,,2025.0,综合管理部,"{""其他"": 95, ""人力与资源管理"": 85, ""会议与沟通协调"": 310, ""数据治理与报送"": 65, ""流程与规范制定"": 70, ""缺陷与问题跟踪"": 190, ""项目测试与进度管理"": 285}","[""杨青"", ""顾恺"", ""曾敏锐"", ""黄哲睿"", ""陈世辉"", ""卢易"", ""喻成侠"", ""钱磊"", ""马亦沁"", ""蒋书润"", ""曹翔"", ""姚志环"", ""吴证"", ""张宝辉"", ""张倩"", ""马胤"", ""罗仁杰"", ""白迪"", ""周浩"", ""窦博文""]","[""上海开发测试中心"", ""数据开发部"", ""苏州开发测试中心"", ""综合管理部"", ""数据平台部"", """", ""信息统计部"", ""信息管理部"", ""智能创新部"", ""系统与数据应用部"", ""数据中心"", ""数据治理部"", ""架构管理部"", ""总行"", ""数据应用管理部"", ""风险预警管理部"", ""公司业务中台部"", ""创新业务部"", ""计量与应用部"", ""制造业授信部""]",高强度&项目驱动,"[""邮件收发量在<strong>二季度、三季度</strong>达到高峰，与‘慧信工程’、‘智芯工程’等大型项目关键节点同步。"", ""紧急邮件数量未提供，但‘缺陷’、‘投产’、‘验收’等关键词的季度变化暗示了与项目发布和问题解决相关的紧张期。"", ""标签邮件使用广泛且稳定，体现了‘邮件撰写规范严谨，主题明确，常使用标签进行分类’的良好习惯。"", ""工作重心随季度从‘慧信工程’向‘智芯工程’转移，并在四季度增加了‘规划’、‘总结’等收尾性工作。""]",杨萍同志是综合管理部的员工，岗位信息未提供。邮件收发数量全年保持高位，以‘会议与沟通协调’和‘项目测试与进度管理’为主，体现了其核心角色是大型工程项目的测试协调与管理。邮件主题高度集中在‘测试’、‘数据’、‘慧信工程’、‘智芯工程’、‘缺陷’、‘会议’、‘日报’、‘环境’等词汇，清晰勾勒出其负责测试计划、缺陷跟踪、环境管理、进度同步和日常协调的全流程工作。从季度看，工作重心从一、二季度的‘慧信工程’逐步转向三季度的‘智芯工程’并伴随‘验收’工作，四季度则侧重于‘规划’与‘总结’，工作节奏紧密跟随项目生命周期。‘沟通风格以协调推进为主，频繁组织或参与各类会议，善于通过邮件同步进度、明确任务并推动问题解决’，展现了极强的跨部门协作能力。情感分析显示其沟通风格专业、严谨、以任务为导向。工作网络广泛，与项目测试、开发、数据治理及人力资源等多个职能领域联系紧密。总体而言，杨萍是一名专业负责、细致严谨、协作能力强、抗压能力出色的测试管理骨干，其‘对测试全流程的细致把控’和‘在高强度工作压力下仍能保持有条不紊的工作节奏’是显著优势。建议可进一步优化沟通效率，并加强在测试自动化、数据治理等领域的专业深度。,,,,,,,,,,,,82.0,19.0,数据测试部,负责人,119.2644444,,,,,,,综合管理部,测试管理组,组长,10.0,,女员工、研究生学历、社招员工、工龄资深、组长、高加班、领导力优秀、专业能力突出、工作态度积极、团队合作佳、综合评分高、高潜培养对象、学习活跃、考勤问题严重、高强度工作、项目驱动型、邮件高频用户、会议达人、邮件项目管理型、跨部门广泛协作、部门_综合管理部、测试工程、数据治理,,数据平台与运维、数据治理与合规、系统测试与投产、业务系统建设
37,蒋书润,综合管理部,测试管理组,女,3.0,研究生,南加州大学,,,,0,数据测试,校园招聘,,,,24最佳新人,13,11,,,,1.412594086,0.0,26.0,22.0,13.0,1.0,0,0,0,0,0,0,,2.0,2.0,3.0,3.0,10.0,4-高潜培养对象,有魄力，有担当，有潜在的管理张力,,2025.0,综合管理部,"{""其他"": 35, ""会议与沟通"": 95, ""流程与规范"": 28, ""人力资源与面试"": 42, ""活动与文化建设"": 18, ""缺陷与问题处理"": 65, ""项目管理与测试"": 120}","[""杨萍"", ""杨青"", ""姚志环"", ""钱磊"", ""曾敏锐"", ""喻成侠"", ""顾恺"", ""马富强"", ""陈世辉"", ""罗仁杰"", ""骆静龙"", ""张倩"", ""曹翔"", ""吴小倩"", ""林幸"", ""郑卞钰"", ""黄哲睿"", ""胡庆"", ""吴证"", ""田振宇""]","[""数据开发部"", ""上海开发测试中心"", ""苏州开发测试中心"", ""综合管理部"", ""数据平台部"", ""信息统计部"", ""信息管理部"", """", ""智能创新部"", ""系统与数据应用部"", ""数据治理部"", ""总行"", ""架构管理部"", ""数据应用管理部"", ""数据中心"", ""计量与应用部"", ""创新业务部"", ""信贷与投资管理部"", ""风险内控部"", ""金融科技部""]",项目驱动 & 高强度协调,"[""邮件收发高度集中于‘项目管理与测试’、‘会议与沟通’、‘缺陷与问题处理’三大类型，合计占比超75%，工作内容紧密围绕项目生命周期。"", ""关键词显示工作节奏受大型项目（如‘慧信工程’、‘智芯工程’）周期驱动，一季度至二季度聚焦‘慧信工程’与‘CP数据侧旧线改造’的测试与缺陷处理，三季度起‘智芯工程’、‘监管报送’等新任务成为重点。"", ""高频使用‘日报’、‘会议纪要’、‘通知’、‘周报更新’等词汇，体现出严格的信息同步与跟踪机制，工作节奏持续、规律。"", ""‘投产演练’、‘数据验证’、‘业务验收’等关键词在多个季度反复出现，表明工作节奏中存在多个关键交付和验收节点。""]",蒋书润是综合管理部的员工。邮件收发高度集中于项目管理、测试协调与沟通，全年‘项目管理与测试’类邮件达120封，是其核心职责。关键词云清晰地勾勒出其2025年的工作轨迹：上半年（一、二季度）深度参与‘慧信工程’与‘CP数据侧旧线改造’项目，工作聚焦于‘测试’、‘缺陷’、‘日报’跟踪、‘投产演练’等具体执行与问题处理；下半年（三、四季度）工作范围拓展至‘智芯工程’、‘监管报送’、‘票易贷’及‘DataOps’等新领域，同时‘面试安排’、‘人力调整’等关键词凸显了其人力资源协调职能的增强。沟通风格高度‘事务性’与‘规范化’，通过频繁的‘会议纪要’、‘通知’、‘日报’/‘周报更新’确保信息流转与项目跟进，邮件‘常使用标签分类’。工作网络必然与各项目组（尤其是数据测试与开发团队）、人力资源部门紧密相连，以支撑其跨项目的测试协调与人力调度工作。全年工作节奏‘持续高强度’，由多个大型项目的测试周期、投产节点和人力需求变化共同驱动，展现出优秀的项目把控、细节执行与多任务协调能力。,,,,,,,,,,,,,9.0,数据测试部,测试管理组,74.895,数据测试部,6511.07,12.77,10.0,9.999988235,0.216915565,,,,2.0,,女员工、研究生学历、校招生、工龄成长型、领导力优秀、专业能力良好、工作态度积极、团队合作佳、综合评分高、高潜培养对象、学习活跃、知识库活跃、考勤需关注、高强度工作、项目驱动型、跨部门广泛协作、部门_综合管理部、征信合规、测试工程、项目管理,,数据开发与ETL、数据平台与运维、数据治理与合规、系统测试与投产、项目管理与需求、业务系统建设
38,黄佳佳,综合管理部,项目管理团队,男,7.0,研究生,东华大学,骨干,,,1,项目管理,校园招聘,第三党支部纪检委员,,,,15,5,,,,3.075023148,1.0,4.0,11.0,29.0,16.0,3,0,0,0,0,0,,2.0,2.0,2.0,2.0,8.0,3-不作为优先培养对象,老黄牛型，需要突破,,2025.0,综合管理部,"{""其他"": 125, ""会议组织"": 110, ""党建工作"": 95, ""制度规范"": 75, ""流程优化"": 120, ""需求管理"": 105, ""项目管理"": 180, ""工作量评估"": 85}","[""乐洋"", ""曹婉茹"", ""顾恺"", ""崔彩茶"", ""王枫"", ""吴证"", ""袁清苗"", ""宋子夜"", ""陆雨欣"", ""单曙兵"", ""卢易"", ""郭庆睿"", ""梅凯磊"", ""李焕彰"", ""陈超"", ""杨青"", ""王正超"", ""杨晓彦"", ""程璐"", ""白迪""]","[""数据开发部"", ""综合管理部"", ""数据平台部"", ""信息管理部"", ""上海开发测试中心"", ""信息统计部"", ""智能创新部"", ""苏州开发测试中心"", ""数据治理部"", ""数据中心"", ""项目管理部"", ""总行"", """", ""架构管理部"", ""内控安全部"", ""风险内控部"", ""领导"", ""创新业务部"", ""债券交易部"", ""信贷与投资管理部""]",项目驱动&流程导向,"[""邮件主题高度集中于'项目管理'、'流程优化'、'会议组织'、'需求管理'和'党建工作'，工作节奏紧密围绕项目与流程展开。"", ""关键词显示工作重心贯穿全年，'掌上行'、'项目'、'需求'、'管理'、'流程'为核心高频词，表明其承担了贯穿全年的核心项目管理工作。"", ""季度间关键词演变显示，从一季度的'党支部'、'选举'等党建启动工作，到二、三季度的'流程'、'优化'、'评估'、'投产'等执行深化，再到四季度的'总结'、'评审'、'规划'等收尾与规划，体现了完整的项目与工作周期管理。"", ""邮件撰写'规范严谨，主题明确，标签使用规范'，沟通风格'务实高效'，工作节奏稳定且具有计划性。""]",黄佳佳是综合管理部的员工。2025年全年邮件工作画像显示，其工作内容高度聚焦于项目管理、流程优化、会议组织和需求管理，并兼顾党建工作。邮件类型分布均衡，'项目管理'、'流程优化'、'会议组织'、'需求管理'及'其他'类邮件合计占比超过七成，反映出其作为综合管理岗位，承担了多元化的协调与管理工作。全年关键词云以'掌上行'、'项目'、'需求'、'管理'、'流程'为核心，季度演变清晰：一季度侧重党建启动（如'党支部'、'选举'）与项目初期协调；二、三季度深化项目执行与流程优化（'流程'、'优化'、'评估'、'投产'、'敏态'）；四季度转向总结、评审与未来规划（'总结'、'评审'、'规划'），体现了对工作周期的完整把控。沟通风格'务实高效'，'注重会议组织和信息同步'，能够'有效推动跨部门协作'。邮件撰写'规范严谨'，'标签使用规范'，展现出良好的职业素养。其优势在于'对流程细节的把握和多方协调的执行力'，'具备较强的责任心和团队协作精神'。建议后续可'进一步强化数据驱动决策能力'，并'加强前瞻性规划能力，在创新工作方法上持续探索'。,,,,,,,,,,,,98.0,0.0,综合管理部,项目管理组,139.765,,,,,,,综合管理部,,骨干,6.0,,男员工、研究生学历、校招生、工龄中坚、骨干员工、高加班、项目负责人、领导力优秀、专业能力良好、工作态度良好、团队合作良好、综合评分中、非优先培养对象、学习积极分子、知识库活跃、考勤全勤、项目驱动型、流程导向型、会议达人、跨部门广泛协作、部门_综合管理部、项目管理,,系统测试与投产、项目管理与需求、业务系统建设
39,曾敏锐,综合管理部,项目管理团队,女,14.0,大学本科,山东财政学院,组长,,,1,项目管理,社会招聘,,,,23最佳合作服务奖,5,0,1.0,,,2.80708577,1.0,7.0,10.0,26.0,14.0,1,0,0,0,0,0,,1.0,3.0,3.0,2.0,9.0,3-不作为优先培养对象,,,2025.0,综合管理部,"{""其他"": 102, ""会议组织与纪要"": 290, ""授权与合规管理"": 66, ""材料收集与审阅"": 105, ""重要通知与审批"": 161, ""项目协调与推进"": 424, ""风险上报与问题跟进"": 113}","[""杨青"", ""喻成侠"", ""周浩"", ""张放"", ""白迪"", ""马胤"", ""钱磊"", ""杨萍"", ""窦博文"", ""张倩"", ""顾恺"", ""卢易"", ""胡帆"", ""胡庆"", ""钱孟远"", ""姚志环"", ""宋晓迪"", ""吴证"", ""邹小芳"", ""李磊""]","[""上海开发测试中心"", ""数据开发部"", ""数据平台部"", ""苏州开发测试中心"", ""综合管理部"", """", ""信息统计部"", ""系统与数据应用部"", ""智能创新部"", ""信息管理部"", ""架构管理部"", ""数据中心"", ""数据治理部"", ""总行"", ""风险预警管理部"", ""内控安全部"", ""数据应用管理部"", ""创新业务部"", ""风险内控部"", ""本部""]",高强度&项目核心驱动,"[""邮件收发量全年保持高位，以‘项目协调与推进’（424封）和‘会议组织与纪要’（290封）为核心，工作节奏高度依赖‘慧信工程’项目周期。"", ""紧急邮件标签（如‘重要’、‘重要紧急’、‘非常重要’）贯穿全年，尤其在‘慧信投产’、‘风险上报’等关键节点，显示出对项目关键路径和风险的高度关注。"", ""标签邮件（如‘会议纪要’、‘会议邀请’、‘会议通知’、‘重要通知’）使用频繁且稳定，体现了高度结构化和规范化的沟通习惯。"", ""工作重心全年聚焦于‘慧信工程’，各季度关键词高度一致，显示了对单一大型项目的深度、持续性投入。""]",曾敏锐是综合管理部的员工，隶属于综合管理部。2025年度工作高度聚焦于‘慧信工程’等大型科技项目的全周期管理，深度参与项目规划、投产演练、数据治理、风险管控及跨部门协调。工作内容以项目协调与推进为核心，涵盖大量会议组织、纪要撰写、材料审阅、授权审批及进度跟踪任务。撰写风格严谨规范，邮件主题常使用明确的标签进行优先级分类和信息结构化，体现出对流程规范与信息准确性的高度重视。沟通风格积极主动、条理清晰，通过高频、正式的邮件与会议，有效构建并维护了广泛的内外部协作网络，展现出强大的项目推动力、风险意识和闭环管理能力。优势在于具备出色的项目统筹能力、极强的责任心、细致的工作作风以及对复杂工程关键节点的精准把控力，是大型项目中不可或缺的协调核心与执行骨干。后续可勉励其在保持卓越执行力的同时，进一步优化多任务并行下的精力分配，尝试将部分协调工作授权或流程化，以提升整体团队效能；并鼓励其加强战略性思考与系统性总结，从高效执行者向更具影响力的方案设计与经验沉淀者延伸。,,,,,,,,,,,,96.0,10.0,综合管理部,项目管理组,157.1808333,,,,,,,综合管理部,项目管理团队,组长,13.0,,女员工、本科学历、社招员工、工龄资深、组长、高加班、项目负责人、领导力待提升、专业能力优秀、工作态度积极、团队合作良好、综合评分中、非优先培养对象、内训讲师、考勤需关注、高强度工作、邮件高频用户、会议达人、邮件项目管理型、邮件流程审批型、跨部门广泛协作、部门_综合管理部、测试工程、项目管理、数据治理,,数据治理与合规、系统测试与投产、项目管理与需求、业务系统建设
40,李梦霄,智能创新部,风险模型团队,女,6.0,研究生,华东理工大学,组长,,,0,数据研发,校园招聘,第二党支部组织委员,,,23数据文化优秀贡献者,17,27,,,1.0,1.820609319,0.0,14.0,22.0,24.0,2.0,1,0,0,2,0,0,适中,2.0,3.0,3.0,3.0,11.0,1.1-专业能力强，但领导力较弱,有潜力，值得培养，心思细腻，需要引导,,2025.0,智能创新部,"{""其他"": 103, ""反电诈"": 198, ""模型管理"": 286, ""项目管理"": 76, ""会议与通知"": 175, ""党建与组织"": 89, ""文档与材料"": 142}","[""陈超"", ""崔建文"", ""杨婧"", ""宋晓迪"", ""刘晓丹"", ""胡申民"", ""于俊杰"", ""李响"", ""许天凝"", ""吴证"", ""张峰"", ""李焕彰"", ""于中宝"", ""蒋捷"", ""邱玥"", ""单曙兵"", ""贺文军"", ""陆文捷"", ""卢易"", ""鞠爱宁""]","[""智能创新部"", ""数据开发部"", ""数据平台部"", ""信息管理部"", ""综合管理部"", ""上海开发测试中心"", ""信息统计部"", ""苏州开发测试中心"", """", ""数据治理部"", ""总行"", ""数据中心"", ""架构管理部"", ""风险控制部"", ""风险内控部"", ""债券交易部"", ""创新业务部"", ""内控安全部"", ""信贷与投资管理部"", ""负债管理部""]",高强度&专项驱动,"[""全年邮件主题高度集中于‘模型管理’与‘反电诈’两大核心专项，工作节奏紧凑且持续。"", ""关键词显示，工作重心从一季度的‘模型盘点、统一、攻坚克难’向二、三季度的‘反电诈运营、资产办法制定’深化，四季度则聚焦‘风险决策引擎、年度总结’。"", ""邮件撰写‘规范严谨’，‘常使用标准化标签（如【攻坚克难】、【反电诈】）进行分类’，体现了结构化的工作习惯。"", ""沟通‘注重时效性’，‘频繁使用‘下班前反馈’、‘提醒’等标签’，显示出任务导向、积极推动的风格。""]",李梦霄是智能创新部的员工，在模型管理与反电诈领域承担核心工作。邮件收发全年围绕‘模型管理’与‘反电诈’两大主题展开，显示出高度的专业专注度与持续高强度的工作节奏。关键词云清晰地描绘了其工作重心的演进：一季度聚焦模型盘点、统一与攻坚克难；二、三季度深化至反电诈模型运营、资产管理办法制定及跨部门（如‘上海银行’）协作；四季度则转向风险决策引擎、年度总结与规程制定。邮件撰写‘规范严谨’，‘常使用标准化标签（如【攻坚克难】、【反电诈】）进行分类’，体现了良好的文档管理与结构化意识。沟通风格‘以任务为导向’，‘注重时效性’，在推动项目进展、组织会议方面积极主动。工作网络紧密围绕专项任务展开，涉及大量跨部门协调与制度制定工作。总体而言，李梦霄是一名专业扎实、责任感强、具备优秀项目推动力和跨团队协作意识的骨干员工，在制度构建与实战应用结合方面展现出良好潜力。建议可进一步强化系统性总结与前瞻性规划能力的展现。,,,,,,,,,,,,,1.0,信息统计部,风险BP,14.77444444,,,,,,,智能创新部,风险模型组,组长,5.0,,女员工、研究生学历、校招生、工龄中坚、组长、带教师傅、工作饱和度适中、中加班、项目负责人、PASO参与者、领导力优秀、专业能力优秀、工作态度积极、团队合作佳、综合评分高、学习积极分子、知识库活跃、考勤良好、高强度工作、邮件高频用户、会议达人、邮件数据开发型、跨部门广泛协作、有潜力、部门_智能创新部、文档流程,,风险模型与反欺诈
41,于俊杰,智能创新部,风险模型团队,男,3.0,研究生,华东理工大学,,,,0,数据研发,校园招聘,,,,,19,6,,,,1.556297743,0.0,27.0,21.0,12.0,4.0,1,0,1,1,0,9,适中,1.0,2.0,2.0,2.0,7.0,3-不作为优先培养对象,中规中矩,,2025.0,智能创新部,"{""其他"": 8, ""会议与沟通协调"": 35, ""团队与个人事务"": 12, ""安全与合规事务"": 15, ""平台与技术运维"": 38, ""模型开发与管理"": 28, ""流程与规范制定"": 18, ""项目与资源管理"": 42}","[""李梦霄"", ""陈超"", ""蒋捷"", ""崔建文"", ""吴证"", ""曹婉茹"", ""刘满"", ""张必歌"", ""胡申民"", ""刘晓丹"", ""李天卓"", ""许天凝"", ""陆文捷"", ""杨婧"", ""于中宝"", ""李响"", ""张峰"", ""王璐珊"", ""贾世林"", ""邱玥""]","[""数据开发部"", ""智能创新部"", ""数据平台部"", ""信息管理部"", ""综合管理部"", ""信息统计部"", ""苏州开发测试中心"", ""上海开发测试中心"", ""数据治理部"", ""总行"", """", ""数据中心"", ""未知部门"", ""债券交易部"", ""风险内控部"", ""创新业务部"", ""信贷与投资管理部"", ""架构管理部"", ""金融科技创新实验室"", ""内控安全部""]",平台运维与项目管理双线驱动,"[""邮件主题高度聚焦于'项目与资源管理'、'平台与技术运维'及'会议与沟通协调'，显示其工作兼具平台运维、项目推进和跨团队协调等多重职责。"", ""工作重心贯穿全年，围绕'开源算法平台'和'模型'两大核心，季度间呈现从平台搭建、流程规范（一季度）到平台推广、线上化管理（二季度），再到MLOps、安全与权限细化（三季度），最终聚焦于项目上线与评审（四季度）的演进路径。"", ""沟通网络广泛，与'平台与技术运维'、'模型开发与管理'及'项目与资源管理'相关方联系紧密，展现出跨职能协作的枢纽作用。"", ""'常使用标准标签对邮件进行分类，便于信息追溯与管理'，体现了高度规范的邮件管理和工作习惯。""]",于俊杰是智能创新部的员工。2025年度，其邮件收发情况反映出工作高度聚焦于AI模型与算法平台领域。邮件类型以'项目与资源管理'、'平台与技术运维'和'会议与沟通协调'为主，构成了其工作的三大支柱。关键词云显示，其全年核心工作围绕'开源算法平台'和'模型'展开，季度工作重心清晰演变：一季度侧重平台初始化与测试环境搭建；二季度强化平台统一管理与线上化推广；三季度深入MLOps流程、权限与安全管理；四季度则聚焦于项目上线评审与收尾。'沟通风格务实高效，既能就具体技术问题与平台运维细节进行深入交流，也能在跨部门协作与项目管理中发挥协调作用'。其工作网络紧密围绕平台运维、模型开发及项目管理相关团队展开，是连接技术实施与项目落地的关键节点。工作节奏稳定且富有规划性，'展现出良好的主动性与责任心'。总体而言，于俊杰是一名技术扎实、管理细致、沟通高效的核心技术成员，在AI平台化建设与项目落地中扮演着重要角色。建议可'进一步加强对业务场景与模型价值闭环的深入理解'，并加强'经验沉淀与知识分享'，以提升团队整体效能。,,,,,,,,,,,,58.0,4.0,智能平台部,平台研发组,120.5475,智能平台部,8351.78,16.38,12.0,12.00001176,0.267398549,,,,2.0,,男员工、研究生学历、校招生、工龄成长型、工作饱和度适中、中加班、项目负责人、应用主管、变更任务较多、PASO参与者、领导力待提升、专业能力良好、工作态度良好、团队合作良好、综合评分中、非优先培养对象、学习积极分子、知识库活跃、跨部门广泛协作、部门_智能创新部、AI算法、数据平台、测试工程、项目管理、运维支持、数据安全,,数据平台与运维、系统测试与投产、项目管理与需求、数据安全与权限、运维与技术支持
42,周影,数据开发部,仓库开发组,女,7.0,研究生,湖南大学,骨干,,,0,数据研发,校园招聘,,,,,9,12,1.0,,2.0,3.16831723,1.0,9.0,19.0,28.0,13.0,0,3,0,1,0,0,超负荷,1.0,3.0,3.0,3.0,10.0,1.1-专业能力强，但领导力较弱,,,2025.0,数据开发部,"{""其他"": 190, ""会议与评审"": 380, ""授权与审批"": 310, ""数据测试与验证"": 280, ""标签与资产管理"": 260, ""需求与开发任务"": 350, ""智芯工程项目相关"": 480, ""数据治理与整合模型"": 420}","[""黄哲睿"", ""陆慧"", ""顾恺"", ""丁晨"", ""王萌萌"", ""兰昕蕾"", ""赵雅婷"", ""罗仁杰"", ""陈晨"", ""林幸"", ""袁凯"", ""骆静龙"", ""陈笑轩"", ""郑卞钰"", ""李凯文"", ""潘修滔"", ""姚志环"", ""胡庆"", ""阮靖龙"", ""李禹凝""]","[""数据开发部"", ""苏州开发测试中心"", ""数据平台部"", ""综合管理部"", ""上海开发测试中心"", ""信息管理部"", ""信息统计部"", ""智能创新部"", """", ""数据治理部"", ""总行"", ""数据中心"", ""数据应用管理部"", ""公司业务中台部"", ""零售与新兴业务中台部"", ""债券交易部"", ""负债管理部"", ""风险内控部"", ""区域集中作业中心"", ""创新业务部""]",高负荷&项目驱动,"[""工作内容高度聚焦于'智芯工程'与'整合模型'两大核心项目，贯穿全年。"", ""邮件类型分布显示，'智芯工程项目相关'、'数据治理与整合模型'、'会议与评审'、'需求与开发任务'及'授权与审批'为最主要的工作沟通场景。"", ""关键词季度演变显示工作重心逐步深化：从一季度的'映射'、'数据字典'等基础工作，转向二三季度的'测试'、'演练'、'投产'等实施与验证阶段，四季度则更关注'授权'、'需求'、'标签'及'数据集成'等治理与运营环节。"", ""'会议'、'需求'、'授权'、'测试'等关键词全年高频出现，表明工作节奏紧凑，跨团队协同、流程审批与质量验证任务繁重。""]",周影是数据开发部的核心骨干，工作聚焦于智芯工程项目的数据开发与治理，深度参与整合模型设计、数据映射、测试验证等全流程工作。邮件撰写规范严谨，主题明确，标签使用规范，体现出良好的文档管理习惯。沟通风格以任务驱动为主，注重协同与授权流程，频繁通过会议和评审推进项目进展。工作内容涉及数据模型设计、口径确认、标签管理、测试验证等多个专业领域，展现出较强的技术全面性和项目管理能力。优势在于对复杂数据项目的系统性把握和细节处理能力，能够协调多方资源推进项目落地。后续建议可进一步加强业务视角的深度理解，提升在数据资产价值挖掘方面的主动性，并适当优化非工作时间的沟通频率以平衡工作负荷。,,,,,,,,,,,,86.0,1.0,数据开发部,模型设计组,60.30666667,数据开发部,5859.47,11.49,10.0,10.00004706,0.129673885,数据开发部,,骨干,6.0,,女员工、研究生学历、校招生、工龄中坚、骨干员工、带教师傅、工作超负荷、高加班、需求负责人、PASO参与者、领导力待提升、专业能力优秀、工作态度积极、团队合作佳、综合评分高、学习活跃、内训讲师、知识库活跃、考勤良好、高强度工作、项目驱动型、邮件高频用户、会议达人、邮件项目管理型、邮件数据开发型、邮件流程审批型、跨部门广泛协作、部门_数据开发部、数据开发、数据建模、测试工程、项目管理、文档流程,,数据开发与ETL、数据建模与数仓、数据平台与运维、数据治理与合规、系统测试与投产、项目管理与需求、业务系统建设
43,康冉,综合管理部,项目管理团队,女,6.0,研究生,南京师范大学,骨干,,,2,数据研发,校园招聘,第二党支部纪检委员,,团委学习委员,,12,0,,,1.0,1.819342105,0.0,21.0,13.0,19.0,4.0,3,15,1,1,0,10,超负荷,1.0,3.0,3.0,2.0,9.0,1.1-专业能力强，但领导力较弱,,,2025.0,数据开发部,"{""其他"": 200, ""会议通知与党建活动"": 400, ""制度升级与流程优化"": 300, ""数据测试与问题排查"": 700, ""监管报表与数据报送"": 1500, ""系统运维与权限申请"": 600, ""项目需求与工作量评估"": 800}","[""钱磊"", ""景丞"", ""刘梦颖"", ""吴小倩"", ""龚毅磊"", ""王新"", ""卫彩萍"", ""周龙"", ""贺文军"", ""顾恺"", ""杨青"", ""罗仁杰"", ""袁凯"", ""李亦佳"", ""张伟亮"", ""杨萍"", ""宋晓迪"", ""王书祥"", ""徐倩茹"", ""骆静龙""]","[""数据开发部"", ""上海开发测试中心"", ""苏州开发测试中心"", ""信息统计部"", ""综合管理部"", ""数据平台部"", ""智能创新部"", ""信息管理部"", """", ""数据中心"", ""数据治理部"", ""总行"", ""系统与数据应用部"", ""架构管理部"", ""数据应用管理部"", ""创新业务部"", ""风险内控部"", ""消费信贷部"", ""业务发展部"", ""金融科技部""]",监管报送驱动 & 持续高压,"[""邮件收发总量全年保持高位，'监管报表与数据报送'类邮件占比最高，显示核心工作为监管数据支持。"", ""'监管报表'、'提数需求'等关键词在各季度均高频出现，工作内容具有极强的周期性和持续性。"", ""工作节奏紧密围绕监管报送周期，'四季度'关键词提及量普遍高于其他季度，可能与年终报送压力增大有关。"", ""'项目需求与工作量评估'、'数据测试与问题排查'类邮件量也较大，显示在完成常规报送任务的同时，需兼顾项目支持和问题解决。""]","康冉同志是数据开发部的员工。邮件收发总量巨大，工作高度集中于'监管报表与数据报送'，占比远超其他类型，显示出其作为监管数据核心支持者的角色定位。邮件主题高度集中在'监管报表'、'提数需求'及各类监管报表代码（如G01, S6301, G33等），工作内容深度绑定银行监管报送体系。从季度关键词看，'监管报表'始终是绝对核心，且提及频次在四季度达到峰值，工作节奏受监管报送周期驱动，压力随报送节点（如年终）增大而增加。'普惠'、'平台贷'等业务词汇稳定出现，表明其工作亦需深入理解具体业务场景。邮件撰写'主题清晰明确，常使用规范的项目编号和报表代码'，沟通风格'直接高效'，但'有时因工作繁重可能导致回复略显简洁'。作为团队骨干，其'具备出色的抗压能力和多任务处理技巧，对监管报表体系理解深入'，'工作细致认真，在数据准确性和流程合规性上把关严格'。鉴于其工作负荷，建议'可进一步优化时间管理，在紧急任务密集时适当增加沟通细节，提升协作体验'。",,,,,,,,,,,,90.0,11.0,数据开发部,应用开发组,135.9730556,数据开发部,6366.2,12.48,10.0,10.0,0.198717949,数据开发部,,骨干,5.0,,女员工、研究生学历、校招生、工龄中坚、骨干员工、带教师傅、工作超负荷、中加班、项目负责人、高频需求负责人、应用主管、变更任务密集、PASO参与者、领导力待提升、专业能力优秀、工作态度积极、团队合作良好、综合评分中、学习活跃、考勤需关注、邮件高频用户、会议达人、邮件项目管理型、邮件运维支持型、邮件流程审批型、跨部门广泛协作、部门_综合管理部、岗位经历丰富、数据开发、征信合规、数据分析、零售业务,,数据开发与ETL、数据治理与合规、BI与数据分析、业务系统建设
44,姚志环,数据开发部,仓库开发组,女,6.0,研究生,华东理工大学,骨干,,,0,数据研发,校园招聘,,,,,14,0,,,2.0,2.30371633,0.0,12.0,35.0,10.0,9.0,0,0,0,1,4,7,适中,1.0,3.0,3.0,2.0,9.0,1.1-专业能力强，但领导力较弱,,,2025.0,数据开发部,"{""其他"": 90, ""团队管理与沟通"": 120, ""技术变更与需求"": 285, ""投产演练与运维"": 190, ""数据治理与验证"": 210, ""流程规范与文档"": 165, ""项目协同与会议"": 320}","[""杨青"", ""钱磊"", ""吴越"", ""骆静龙"", ""马富强"", ""林幸"", ""罗仁杰"", ""田振宇"", ""顾恺"", ""袁凯"", ""曾敏锐"", ""黄哲睿"", ""张倩"", ""陈笑轩"", ""窦博文"", ""杜乐"", ""胡雯"", ""胡庆"", ""阮靖龙"", ""兰昕蕾""]","[""数据开发部"", ""上海开发测试中心"", ""苏州开发测试中心"", ""数据平台部"", ""综合管理部"", ""信息统计部"", """", ""信息管理部"", ""智能创新部"", ""数据应用管理部"", ""架构管理部"", ""系统与数据应用部"", ""总行"", ""数据治理部"", ""数据中心"", ""创新业务部"", ""计量与应用部"", ""产品发展部"", ""业务发展部"", ""国际贸易融资部""]",项目驱动 & 高强度协同,"[""邮件类型以‘项目协同与会议’和‘技术变更与需求’为主，显示其工作核心是项目推进与技术支持。"", ""工作重心全年围绕‘慧信工程’、‘智芯工程’两大核心项目，关键词频率持续高位。"", ""从季度看，工作内容从一季度的‘数据仓库’、‘CP改造’等基础技术实施，逐步转向二季度及之后的‘场景快贷’、‘票易贷’、‘数据治理’等业务应用与治理优化。"", ""‘投产演练’、‘会议邀请/纪要’、‘周报’、‘工作量评估’等关键词高频出现，体现了其工作节奏与项目周期、定期汇报紧密绑定。""]",姚志环是数据开发部的核心成员。全年邮件收发以‘项目协同与会议’和‘技术变更与需求’为主，工作高度聚焦于‘慧信工程’、‘智芯工程’等重大项目的全周期管理。从季度关键词演变可见，其工作重心从一季度的数据仓库基础改造（如‘CP改造’、‘旧线改造’），逐步转向二至四季度的业务模型建设与数据治理（如‘整合模型’、‘场景快贷’、‘数据治理’）。‘投产演练’、‘会议邀请/纪要’、‘周报’、‘工作量评估’等词高频出现，体现了其工作节奏严格遵循项目里程碑，沟通风格以协同和推动问题解决为导向。邮件主题清晰、标签使用规范，展现了严谨细致的工作习惯和优秀的跨团队协调能力。总体而言，姚志环是一名专业扎实、责任心强、擅长并行处理复杂项目群的技术骨干，在技术实施、风险管控及数据质量验证方面发挥了关键作用。,,,,,,,,,,,,84.0,3.0,数据开发部,模型设计组,81.61277778,数据开发部,5628.08,11.04,9.0,10.27449412,0.069339301,数据开发部,,骨干,5.0,,女员工、研究生学历、校招生、工龄中坚、骨干员工、带教师傅、工作饱和度适中、中加班、变更任务密集、PASO参与者、领导力待提升、专业能力优秀、工作态度积极、团队合作良好、综合评分中、学习积极分子、考勤良好、高强度工作、项目驱动型、邮件高频用户、会议达人、邮件项目管理型、邮件运维支持型、邮件数据开发型、跨部门广泛协作、部门_数据开发部、数据开发、数据建模、测试工程、数据治理,,数据开发与ETL、数据建模与数仓、数据治理与合规、系统测试与投产、业务系统建设
45,林幸,数据开发部,仓库开发组,女,4.0,研究生,东北大学,骨干,,,0,数据研发,校园招聘,,,,,12,0,,,,3.760568182,1.0,6.0,4.0,37.0,19.0,1,3,1,1,8,9,超负荷,1.0,3.0,3.0,2.0,9.0,2-可培养的二梯队,,,2025.0,数据开发部,"{""其他"": 69, ""授权与审批"": 76, ""会议与沟通协调"": 106, ""投产演练与上线"": 118, ""数据模型与整合"": 132, ""规范与流程文档"": 87, ""项目与任务管理"": 145, ""数据问题排查与咨询"": 98}","[""杨青"", ""窦博文"", ""钱磊"", ""郑卞钰"", ""姚志环"", ""罗仁杰"", ""顾恺"", ""袁凯"", ""胡庆"", ""马富强"", ""丁晨"", ""骆静龙"", ""张倩"", ""兰昕蕾"", ""杜乐"", ""潘修滔"", ""陈笑轩"", ""陈晨"", ""龚毅磊"", ""阮靖龙""]","[""数据开发部"", ""上海开发测试中心"", ""数据平台部"", ""综合管理部"", ""苏州开发测试中心"", ""信息统计部"", ""信息管理部"", """", ""智能创新部"", ""数据治理部"", ""总行"", ""数据中心"", ""系统与数据应用部"", ""资产负债管理部"", ""架构管理部"", ""金融科技创新实验室"", ""计量与应用部"", ""风险内控部"", ""信贷与投资管理部"", ""本部""]",高强度&项目驱动,"[""全年邮件主题高度集中于‘整合模型’、‘慧信工程’、‘智芯工程’、‘司库项目’等核心项目，显示工作节奏紧密围绕重大项目周期展开。"", ""紧急邮件（如‘授权审批’、‘投产变更’、‘数据问题’类邮件）全年持续存在，尤其在二、三季度的‘投产演练’、‘授权替换’及‘脚本替换’阶段更为集中，与项目上线和问题排查的关键节点高度相关。"", ""标签邮件（如‘项目与任务管理’、‘数据模型与整合’、‘投产演练与上线’）使用规范且数量庞大，体现了良好的邮件分类与流程管理习惯。"", ""工作重心随季度动态转移：从一、二季度的‘慧信工程’与‘投产演练’，转向三、四季度的‘智芯工程’与‘司库项目’，并伴随‘监管报送’、‘机构改革’等新需求介入，响应了公司战略与项目规划的变化。""]",林幸是数据开发部的员工。邮件收发主题高度集中在‘整合模型’、‘慧信工程’、‘智芯工程’、‘司库项目’等核心项目，表明其工作核心是围绕大型数据工程项目的全生命周期管理。邮件类型分布显示，其工作内容以‘项目与任务管理’、‘数据模型与整合’及‘投产演练与上线’为主，贯穿了从需求、设计、开发到测试、投产的全流程，体现出高度的系统性和规范性。全年工作节奏紧凑且随项目周期明显波动，紧急邮件（如涉及授权、投产变更、数据问题）在项目关键节点（如二、三季度的投产阶段）更为集中。关键词云显示，其工作重心从上半年的‘慧信工程’与基础‘投产演练’，逐步转向下半年的‘智芯工程’、‘司库项目’以及‘监管报送’、‘机构改革’等新领域，展现了良好的项目承接与适应能力。沟通风格务实高效，邮件主题明确、标签规范，注重跨部门协作与信息同步（如‘会议与沟通协调’、‘数据问题排查与咨询’邮件量可观），能主动推动问题解决。作为团队的技术骨干，其对数据模型与业务流程理解深刻，执行力强，能承受高强度工作压力。建议可在持续深耕现有领域的同时，加强对新兴技术趋势的学习，以提升在更复杂项目中的架构设计与风险预判能力。,,,,,,,,,,,,76.0,9.0,数据开发部,模型设计组,107.6691667,数据开发部,6301.7,12.36,10.0,9.000011765,0.271843708,数据开发部,,骨干,3.0,,女员工、研究生学历、校招生、工龄成长型、骨干员工、工作超负荷、高加班、项目负责人、需求负责人、应用主管、变更任务密集、PASO参与者、领导力待提升、专业能力优秀、工作态度积极、团队合作良好、综合评分中、二梯队人才、学习活跃、考勤需关注、高强度工作、项目驱动型、会议达人、邮件数据开发型、跨部门广泛协作、部门_数据开发部、数据开发、架构设计、征信合规、测试工程,,数据开发与ETL、数据建模与数仓、数据治理与合规、系统测试与投产、架构设计与信创、业务系统建设、运维与技术支持
46,骆静龙,数据开发部,应用开发组,男,3.0,大学本科,华东师范大学,骨干,,,1,数据研发,校园招聘,,,,23五星质量奖,15,0,,,1.0,2.758496169,1.0,7.0,11.0,31.0,9.0,0,1,0,1,15,10,超负荷,2.0,3.0,4.0,2.0,11.0,1.1-专业能力强，但领导力较弱,,,2025.0,数据开发部,"{""其他"": 70, ""会议与评审通知"": 140, ""投产与上线管理"": 110, ""授权与操作申请"": 90, ""项目与任务协调"": 280, ""数据问题排查与修复"": 190, ""需求评估与工作量分析"": 160}","[""姚志环"", ""陈笑轩"", ""袁凯"", ""罗仁杰"", ""钱磊"", ""张雅淇"", ""顾恺"", ""林幸"", ""马富强"", ""陈晨"", ""阮靖龙"", ""吴越"", ""胡雯"", ""龚毅磊"", ""杨青"", ""兰昕蕾"", ""陈佳宁"", ""郑卞钰"", ""潘修滔"", ""胡庆""]","[""数据开发部"", ""上海开发测试中心"", ""综合管理部"", ""数据平台部"", ""苏州开发测试中心"", ""信息统计部"", ""信息管理部"", ""智能创新部"", """", ""总行"", ""数据治理部"", ""数据应用管理部"", ""数据中心"", ""消费信贷部"", ""架构管理部"", ""系统与数据应用部"", ""风险内控部"", ""创新业务部"", ""业务发展部"", ""债券交易部""]",高强度&项目驱动,"[""邮件收发量在<strong>全年</strong>保持高位，以‘项目与任务协调’和‘数据问题排查与修复’为核心，工作节奏紧凑。"", ""工作重心随季度项目周期明显转移，从一季度的‘掌上行’、‘智芯工程’，到二、三季度的‘慧信工程’、‘智芯工程’，再到四季度的‘机构改革’。"", ""关键词‘UDAS’、‘数据’、‘影响性分析’、‘需求’、‘改造’、‘报表’、‘测试’、‘投产’贯穿全年，体现了从需求、开发、测试到投产的全流程深度参与。"", ""持续高强度协作，邮件沟通以解决问题为导向，频繁协调跨部门资源。""]",骆静龙是数据开发部的员工。邮件收发数量全年保持高位且以项目协调与问题处理为主，显示工作节奏紧凑且以任务为导向。邮件主题高度集中在‘UDAS’、‘数据’、‘影响性分析’、‘需求’、‘改造’、‘报表’等词汇，表明其核心工作围绕数据仓库开发、系统改造、需求评估、报表生成及影响性分析展开。全年‘智芯工程’、‘慧信工程’、‘机构改革’等重大项目名称频繁出现，反映出其深度参与银行核心数据项目与改革工作。从季度看，工作重心随项目周期演进：一季度聚焦‘掌上行’及初期问题排查；二、三季度重点支持‘慧信工程’与‘智芯工程’的开发测试与改造；四季度则全力投入‘机构改革’相关数据工作。邮件撰写‘规范严谨，主题清晰，标签使用恰当’，沟通风格‘务实高效，以解决问题为导向’。作为团队中‘可靠的技术骨干’，其优势在于‘对数据细节的敏锐洞察力和强大的执行力’。建议可进一步提升‘在复杂项目中的前瞻性规划能力’，并加强‘在非工作时间邮件发送的平衡管理’。,,,,,,,,,,,,,0.0,数据开发部,应用开发组,103.1552778,数据开发部,6255.47,12.27,10.0,4.294117647,0.650031162,数据开发部,,骨干,2.0,,男员工、本科学历、校招生、工龄成长型、骨干员工、带教师傅、工作超负荷、高加班、变更任务密集、PASO参与者、领导力优秀、专业能力优秀、工作态度积极、团队合作良好、综合评分高、学习积极分子、考勤全勤、高强度工作、项目驱动型、邮件高频用户、会议达人、邮件项目管理型、邮件运维支持型、跨部门广泛协作、部门_数据开发部、数据开发、数据建模、测试工程、项目管理、数据分析,,数据开发与ETL、数据建模与数仓、系统测试与投产、项目管理与需求、BI与数据分析、业务系统建设、运维与技术支持
47,王言哲,数据开发部,应用开发组,男,4.0,大学本科,华东师范大学,骨干,,,0,数据研发,校园招聘,,,,,17,0,,,,2.296128748,0.0,5.0,38.0,13.0,7.0,0,8,0,1,20,19,超负荷,2.0,3.0,3.0,2.0,10.0,2-可培养的二梯队,,,2025.0,数据开发部,"{""其他"": 89, ""会议沟通"": 177, ""项目协作"": 320, ""测试与排期"": 153, ""需求与评审"": 148, ""数据排查与报送"": 132, ""紧急与重要事务"": 106}","[""王子枫"", ""龚毅磊"", ""袁凯"", ""罗仁杰"", ""嵇雅娟"", ""顾恺"", ""钱磊"", ""陈晨"", ""骆静龙"", ""张杨"", ""郑卞钰"", ""林幸"", ""祝志辉"", ""马富强"", ""杨青"", ""陈笑轩"", ""兰昕蕾"", ""曹婕"", ""张倩"", ""姚志环""]","[""数据开发部"", ""上海开发测试中心"", ""苏州开发测试中心"", ""数据平台部"", ""综合管理部"", ""信息统计部"", ""信息管理部"", ""智能创新部"", """", ""数据中心"", ""总行"", ""反洗钱管理部"", ""反洗钱监测部"", ""数据治理部"", ""消费信贷部"", ""架构管理部"", ""数据应用管理部"", ""风险内控部"", ""创新业务部"", ""互联网支付部""]",合规导向&多项目并行,"[""邮件主题中‘反洗钱’、‘报送’、‘重要’等关键词全年高频出现，尤其在<strong>三季度和四季度</strong>‘反洗钱’词频激增，显示工作重心向监管合规领域深度聚焦。"", ""紧急与重要事务类邮件数量达<strong>106</strong>封，表明工作中存在大量高优先级任务，需快速响应。"", ""标签邮件使用规范，如‘重要！！’、‘重要！紧急！’等，能有效区分任务优先级，体现了严谨的沟通习惯。"", ""工作节奏随季度变化明显：一季度聚焦‘报送’、‘工作量评估’等基础工作；二季度‘测试’、‘需求’、‘项目’词频上升；三季度‘反洗钱’、‘测试’、‘项目’成为核心；四季度‘反洗钱’、‘需求’、‘测试’、‘改造’、‘演练’等词频均处高位，显示年底冲刺与项目收尾并行。""]",王言哲是数据开发部的员工，担任关键角色。邮件收发高度聚焦于‘项目协作’、‘会议沟通’、‘测试与排期’等类型，体现出其工作以项目驱动、团队协作和流程管理为核心。全年关键词演变清晰：一季度侧重‘报送’、‘会议’和‘工作量评估’等基础沟通与规划；二季度‘测试’、‘需求’、‘项目’等词频上升，进入开发与测试阶段；三季度‘反洗钱’词频激增，同时‘测试’、‘项目’、‘会议’持续高频，表明其深度参与‘反洗钱’等重点项目，并同步推进多线任务；四季度‘反洗钱’词频达到年度峰值，且‘需求’、‘测试’、‘改造’、‘演练’等词频均处高位，显示年底面临监管报送、系统改造、项目测试与演练等多重高压任务。邮件中大量使用‘重要！！’、‘重要！紧急！’等标签，表明其工作包含大量高优先级事务，沟通风格严谨、注重时效。其工作网络广泛，需频繁与需求方、测试团队、项目组及外部机构（如‘京东’、‘机构’）进行协作沟通。总体而言，王言哲是一名专业扎实、责任心强、抗压能力出色的技术骨干，对‘反洗钱’等监管合规领域有深入理解，执行细致，是团队中可靠的核心成员与业务对接枢纽。建议在高效处理多线程任务的同时，可进一步优化非工作时间沟通节奏，并加强在复杂项目中的风险前瞻性识别与主动规划能力。,,,,,,,,,,,,88.0,2.0,数据开发部,应用开发组,93.74722222,数据开发部,4548.1,8.92,8.0,7.0,0.215246637,数据开发部,,骨干,3.0,,男员工、本科学历、校招生、工龄成长型、骨干员工、工作超负荷、中加班、高频需求负责人、变更任务密集、PASO参与者、领导力优秀、专业能力优秀、工作态度积极、团队合作良好、综合评分高、二梯队人才、学习积极分子、考勤良好、邮件高频用户、会议达人、邮件项目管理型、跨部门广泛协作、部门_数据开发部、数据开发、征信合规、测试工程、风险模型、文档流程,,数据开发与ETL、数据治理与合规、系统测试与投产、风险模型与反欺诈
48,马富强,数据开发部,仓库开发组,男,8.0,大学本科,上海理工大学,骨干,,,0,数据研发,社会招聘,,,,,14,4,,,1.0,3.534217172,1.0,7.0,5.0,43.0,11.0,0,1,0,1,10,13,超负荷,1.0,3.0,3.0,2.0,9.0,1.1-专业能力强，但领导力较弱,,,2025.0,数据开发部,"{""其他"": 85, ""会议与沟通"": 160, ""项目/工程管理"": 220, ""数据治理与迁移"": 185, ""系统改造与上线"": 125, ""运维与生产问题"": 130, ""风险与减值管理"": 110, ""需求与工作量评估"": 145}","[""姚志环"", ""钱磊"", ""胡庆"", ""罗仁杰"", ""杨青"", ""林幸"", ""骆静龙"", ""顾恺"", ""袁凯"", ""田振宇"", ""陈笑轩"", ""陈晨"", ""郑卞钰"", ""邹小芳"", ""龚毅磊"", ""杜乐"", ""阮靖龙"", ""兰昕蕾"", ""张倩"", ""丁晨""]","[""数据开发部"", ""上海开发测试中心"", ""数据平台部"", ""综合管理部"", ""苏州开发测试中心"", ""信息统计部"", ""信息管理部"", ""智能创新部"", """", ""计量与应用部"", ""数据治理部"", ""总行"", ""系统与数据应用部"", ""架构管理部"", ""风险预警管理部"", ""风险内控部"", ""数据应用管理部"", ""创新业务部"", ""信贷与投资管理部"", ""数据中心""]",高强度&项目驱动型,"[""邮件主题高度集中在‘项目/工程管理’、‘数据治理与迁移’、‘会议与沟通’等领域，显示其工作围绕大型项目（如慧信工程、智芯工程）和数据核心工作展开。"", ""关键词数据显示工作重心随季度项目演进明显：一季度至二季度聚焦‘慧信工程’与‘CP改造’；三季度‘智芯工程’成为新重点；四季度则增加了‘机构改革’相关任务。"", ""高频词‘会议’、‘日报’、‘需求’、‘核对’、‘测试’、‘作业’贯穿全年，表明工作节奏紧凑，日常沟通、任务跟踪与质量验证活动密集。"", ""邮件撰写规范，常使用标准标签（如‘会议通知’、‘重要’）突出重点，体现出严谨、高效的结构化沟通风格。""]",马富强是数据开发部的员工。邮件收发高度集中在‘项目/工程管理’、‘数据治理与迁移’、‘会议与沟通’等类型，显示出其核心职责是围绕数据仓库、风险管理系统（如减值系统、FRM、RWA）的大型项目开发、改造与治理。关键词云清晰勾勒出其2025年的工作轨迹：上半年深度参与‘慧信工程’与‘CP改造’；下半年工作重心向‘智芯工程’和‘机构改革’相关任务转移。高频词‘测试’、‘核对’、‘作业’、‘投产’、‘上线’贯穿始终，凸显其在系统开发全生命周期（需求、开发、测试、上线、运维）中的关键角色和严谨细致的工作风格。‘会议’、‘日报’、‘需求’等词频繁出现，印证了其‘务实高效，注重协同与问题解决’的沟通风格，通过结构化沟通与上下游团队保持紧密联动。邮件撰写规范，常使用标准标签突出重点。总体而言，马富强是一名具备扎实技术功底、责任心强、善于在高压项目环境下通过高效协作推动问题解决的技术骨干。,,,,,,,,,,,,80.0,1.0,数据开发部,应用开发组,126.3344444,数据开发部,3574.23,7.01,6.0,6.0,0.144079886,数据开发部,,骨干,7.0,,男员工、本科学历、社招员工、工龄中坚、骨干员工、带教师傅、工作超负荷、高加班、变更任务密集、PASO参与者、领导力待提升、专业能力优秀、工作态度积极、团队合作良好、综合评分中、学习积极分子、知识库活跃、考勤良好、高强度工作、项目驱动型、邮件高频用户、会议达人、邮件项目管理型、邮件运维支持型、邮件数据开发型、跨部门广泛协作、部门_数据开发部、数据开发、数据建模、测试工程、数据治理、应用开发,,数据开发与ETL、数据建模与数仓、数据平台与运维、数据治理与合规、系统测试与投产、应用与系统开发、业务系统建设
49,胡帆,数据平台部,数据服务组,男,4.0,研究生,华东理工大学,骨干,架构师,3.0,1,数据研发,校园招聘,,,,,14,0,,,,2.656908602,1.0,15.0,2.0,29.0,16.0,0,0,1,1,8,10,适中,2.0,3.0,4.0,3.0,12.0,4-高潜培养对象,,,2025.0,数据平台部,"{""其他"": 25, ""会议与沟通"": 55, ""技术方案与文档"": 65, ""数据迁移与治理"": 45, ""测试与投产演练"": 95, ""资源申请与权限"": 35, ""风险管理与合规"": 80, ""项目协同与工程管理"": 120}","[""周浩"", ""张放"", ""曾敏锐"", ""杨青"", ""罗臻辉"", ""钱磊"", ""白迪"", ""张倩"", ""李磊"", ""马胤"", ""窦博文"", ""喻成侠"", ""吴证"", ""杨保国"", ""彭勇"", ""郭桦"", ""孙巍"", ""陆凯华"", ""鞠爱宁"", ""胡庆""]","[""上海开发测试中心"", ""数据平台部"", ""数据开发部"", ""苏州开发测试中心"", ""综合管理部"", ""智能创新部"", ""信息统计部"", ""信息管理部"", """", ""架构管理部"", ""数据中心"", ""数据治理部"", ""总行"", ""系统与数据应用部"", ""内控安全部"", ""风险预警管理部"", ""风险内控部"", ""本部"", ""创新业务部"", ""数据应用管理部""]",高负荷&项目驱动,"[""邮件收发量全年保持高位，'项目协同与工程管理'类邮件占比最高，显示其工作以大型项目（慧信工程/RSD）的工程管理为核心，节奏紧凑。"", ""紧急邮件与'测试与投产演练'、'风险管理与合规'等关键项目节点高度相关，尤其在投产演练、风险排查期间频率上升。"", ""标签邮件使用广泛且稳定，'常使用标准标签（如【重要】、【会议邀约】）进行优先级分类'，体现了规范的邮件管理和沟通习惯。"", ""工作重心全年聚焦'慧信工程'与'RSD'系统，季度间关键词从'测试投产'、'数据迁移'逐步向'风险排查'、'安全治理'、'流程优化'（如'快速上线流程'）等深度运维和优化工作演进。""]",胡帆是数据平台部的一名技术骨干。邮件收发数量全年保持高位，邮件类型高度集中在'项目协同与工程管理'、'测试与投产演练'和'风险管理与合规'，表明其核心工作围绕大型金融科技项目'慧信工程'的风险底线排查系统（RSD）的工程管理、测试投产、数据迁移和风险管控展开。全年关键词'慧信工程'与'RSD'出现频率极高，是其工作的绝对重心。从季度看，工作内容从一季度的基础'测试'、'数据迁移'，逐步深化至二三季度的'安全测试'、'开源组件'治理、'生产问题'处理，并在四季度涉及'快速上线流程'、'信创改造'等流程优化与新技术探索，体现了工作随项目周期从实施向深度运维和持续优化的演进。沟通网络广泛，'频繁与开发测试中心、数据开发部、风险内控部等多个部门协作'，显示出极强的跨团队协调能力。邮件撰写规范，'常使用标准标签（如【重要】、【会议邀约】）进行优先级分类'，沟通风格'直接务实，以解决问题为导向'。总体而言，胡帆是一名对复杂系统投产全流程有深入理解、风险意识严谨、在高压下能高效推进任务的技术中坚力量。建议可适当提升在非技术性沟通（如团队建设、知识分享）方面的投入，并进一步将项目经验沉淀为体系化的方法论。,,,,,,,,,,,,42.0,9.0,数据平台部,数据服务组,69.16388889,数据平台部,5659.18,11.1,9.0,7.0,0.369369369,数据平台部,,骨干,3.0,3.0,男员工、研究生学历、校招生、工龄成长型、骨干员工、架构师、工作饱和度适中、中加班、应用主管、变更任务密集、PASO参与者、领导力优秀、专业能力优秀、工作态度积极、团队合作佳、综合评分高、高潜培养对象、学习积极分子、考勤需关注、高强度工作、项目驱动型、跨部门广泛协作、部门_数据平台部、数据开发、数据平台、测试工程、信创迁移、数据迁移,,数据开发与ETL、数据平台与运维、数据治理与合规、系统测试与投产、架构设计与信创、业务系统建设
50,陆凯华,数据平台部,数据服务组,男,,研究生,苏州大学,骨干,,,1,数据研发,校园招聘,第一党支部组织委员,,,,12,0,,,1.0,5.405277778,1.0,10.0,13.0,11.0,43.0,1,4,3,4,21,35,超负荷,2.0,3.0,4.0,2.0,11.0,2-可培养的二梯队,,,2025.0,数据平台部,"{""其他"": 80, ""会议与沟通协调"": 105, ""党建与组织活动"": 125, ""项目与工程管理"": 285, ""需求与工作量评估"": 110, ""数据服务与接口管理"": 175, ""系统运维与技术支持"": 190, ""风险合规与监管报送"": 145}","[""周浩"", ""吴证"", ""鞠爱宁"", ""白迪"", ""张放"", ""万珊红"", ""杨青"", ""曾敏锐"", ""胡帆"", ""胡庆"", ""任欣宇"", ""顾恺"", ""罗仁杰"", ""卢易"", ""安新宜"", ""杜乐"", ""李天卓"", ""钱磊"", ""姚志环"", ""张倩""]","[""上海开发测试中心"", ""数据平台部"", ""数据开发部"", ""苏州开发测试中心"", ""综合管理部"", ""智能创新部"", ""信息统计部"", ""信息管理部"", """", ""数据中心"", ""数据治理部"", ""总行"", ""系统与数据应用部"", ""架构管理部"", ""风险内控部"", ""风险预警管理部"", ""数据应用管理部"", ""创新业务部"", ""本部"", ""授信审核部""]",高强度&项目驱动,"[""邮件类型以‘项目与工程管理’（285封）和‘系统运维与技术支持’（190封）为主，显示工作节奏紧密围绕重大工程项目和系统保障。"", ""关键词季度演变显示工作重心持续聚焦于‘慧信工程’、‘RAD’、‘投产’、‘测试’、‘接口’等核心项目与技术任务。"", ""全年高频出现‘通知’、‘需求’、‘文件’、‘工作’等词汇，体现了规范化的任务传达与持续的执行跟进。"", ""沟通风格务实高效，邮件撰写‘规范严谨，主题明确，常使用标签分类’，体现了良好的工作条理性。""]",陆凯华同志是数据平台部的员工。邮件收发内容高度集中在‘项目与工程管理’、‘系统运维与技术支持’和‘数据服务与接口管理’三大核心领域，总计占比超过总邮件量的七成，凸显其作为技术骨干在重大工程项目（如慧信工程、智芯工程）交付、系统投产运维及数据接口管理中的核心作用。全年关键词云显示工作节奏随项目周期推进，从一季度的项目启动与规划（慧信工程、智芯工程、需求），到二三季度的密集实施、测试与投产（投产、测试、RAD、演练），再到四季度的系统运维与深化管理（RAD、数据、接口、管理），逻辑清晰，驱动性强。邮件‘撰写规范严谨，主题明确，常使用标签分类’，沟通风格‘务实高效，以解决问题为导向’，情感分析显示其沟通以任务和事实为核心，展现出高度的专业性与责任感。作为‘团队骨干’，其工作网络必然涉及大量跨部门（如风险合规、党建、需求方等）与技术团队（开发、测试、运维）的协调。总体而言，陆凯华是一名技术扎实、响应及时、责任心强、擅长复杂项目推动与系统保障的可靠中坚力量。建议可‘进一步优化沟通策略，在跨团队协作中加强非技术背景同事的理解对齐’，并‘注重经验沉淀与知识传承，提升团队整体效能’。,,,,,,,,,,,,64.0,4.0,数据平台部,数据服务组,145.1252778,数据平台部,6240.6,12.24,8.0,8.000011765,0.346404268,数据平台部,,骨干,3.0,,男员工、研究生学历、校招生、骨干员工、带教师傅、工作超负荷、高加班、深夜加班频繁、项目负责人、需求负责人、应用主管、变更任务密集、PASO参与者、领导力优秀、专业能力优秀、工作态度积极、团队合作良好、综合评分高、二梯队人才、学习活跃、高强度工作、项目驱动型、邮件高频用户、会议达人、邮件项目管理型、邮件运维支持型、跨部门广泛协作、部门_数据平台部、数据平台、测试工程、运维支持,,数据平台与运维、数据治理与合规、系统测试与投产、业务系统建设、运维与技术支持
51,朱文川,数据平台部,工具开发组,男,3.0,研究生,上海大学,骨干,,,0,数据研发,校园招聘,,,,,11,0,,,1.0,1.482160948,0.0,30.0,31.0,1.0,6.0,0,0,0,2,6,6,适中,1.0,3.0,4.0,3.0,11.0,2-可培养的二梯队,,,2025.0,数据平台部,"{""其他"": 42, ""人力资源"": 22, ""会议培训"": 29, ""制度规范"": 37, ""团队协作"": 48, ""工会活动"": 15, ""运维监控"": 62, ""项目管理"": 85}","[""王双钰"", ""吴证"", ""曹宁远"", ""陈玉思"", ""吕丽丽"", ""卢易"", ""白迪"", ""史朋飞"", ""李天卓"", ""周浩"", ""兰昕蕾"", ""罗仁杰"", ""张放"", ""鞠爱宁"", ""伍恒"", ""冯潇"", ""张倩"", ""胡帆"", ""杨青"", ""陈朗""]","[""数据开发部"", ""数据平台部"", ""信息管理部"", ""综合管理部"", ""信息统计部"", ""智能创新部"", ""数据治理部"", ""总行"", """", ""苏州开发测试中心"", ""风险内控部"", ""数据中心"", ""债券交易部"", ""创新业务部"", ""上海开发测试中心"", ""信贷与投资管理部"", ""数据管理与应用部"", ""系统与数据应用部"", ""上海审计中心"", ""项目管理部""]",稳定运维 & 项目协同 & 带教培养,"[""邮件类型以'项目管理'和'运维监控'为主，合计占比近半，表明工作核心是运维保障与项目协调。"", ""关键词显示全年持续处理'变更'、'运行'、'确认'、'汇总'等事务，工作节奏稳定且事务性强。"", ""工作重心随季度演变：Q1-Q2聚焦'慧信工程'、'大禹调度'等平台运维与优化；Q3因'实习生'、'陆辰'、'带教'等词高频出现，重心转向团队管理与新人培养；Q4则围绕'DataOps'、'平台部'、'研发组'等，聚焦团队与流程建设。"", ""'会议'、'通知'、'周报'等词全年稳定出现，体现了规范的周期性沟通与汇报习惯。""]",朱文川是数据平台部的员工。邮件类型高度集中在'项目管理'和'运维监控'，凸显其技术运维与项目协调的双重核心职责。全年关键词云揭示其工作节奏稳定，持续围绕'变更'、'运行'、'确认'、'汇总'、'监控'、'调度'等核心运维事务展开，体现了严谨的事务处理能力。工作重心随季度清晰演变：上半年（Q1-Q2）聚焦于'慧信工程'、'大禹调度'等具体平台的运维、监控与优化；第三季度（Q3）因'实习生'、'陆辰'、'带教'等词成为绝对焦点，工作重心显著转向团队新人培养与管理；第四季度（Q4）则围绕'DataOps'、'平台部'、'研发组'等，侧重于团队内部流程建设与平台技术演进。沟通网络以内部分主，关键词中频繁提及'平台部'、'研发组'，表明与所在部门及内部研发团队联系最为紧密；同时，'陆辰'作为三季度高频词，显示在该时段与该同事有密集的工作交集（很可能涉及实习生带教）。邮件撰写规范，主题清晰，沟通风格务实高效。总体而言，朱文川是一名责任心强、执行到位、兼具运维技术与团队管理潜力的可靠骨干，对平台稳定性有高度敏感度。,,,,,,,,,,,,84.0,0.0,数据平台部,工具开发组,80.21972222,数据平台部,6133.1,12.03,11.0,2.588235294,0.784851596,数据平台部,,骨干,2.0,,男员工、研究生学历、校招生、工龄成长型、骨干员工、带教师傅、工作饱和度适中、变更任务密集、PASO参与者、领导力待提升、专业能力优秀、工作态度积极、团队合作佳、综合评分高、二梯队人才、学习活跃、考勤全勤、跨部门广泛协作、部门_数据平台部、数据平台、项目管理,12063,数据开发与ETL、数据平台与运维、系统测试与投产、项目管理与需求、业务系统建设
52,王璐珊,信息管理部,零售BP,女,5.0,研究生,南开大学,骨干,产品经理,1.0,1,数据分析,校园招聘,,,,,11,0,,,1.0,1.559259259,1.0,21.0,30.0,5.0,7.0,0,2,0,0,0,0,,2.0,3.0,3.0,3.0,11.0,2-可培养的二梯队,,,2025.0,信息管理部,"{""其他"": 50, ""会议纪要与沟通"": 120, ""数据复盘与评估"": 75, ""材料审批与申请"": 95, ""模型运营与优化"": 180, ""系统支持与维护"": 65, ""需求文档与设计"": 85, ""项目进度与周报"": 145}","[""曹婉茹"", ""李焕彰"", ""路立静"", ""张鑫"", ""杨陆"", ""俞筱晨"", ""魏榕慧"", ""刘子昕"", ""余翠"", ""宋晓迪"", ""吴证"", ""施怡伶"", ""于俊杰"", ""李天卓"", ""舒宝龙"", ""兰昕蕾"", ""胡承萱"", ""周叶珉"", ""杨悦"", ""李梦霄""]","[""信息管理部"", ""数据开发部"", ""数据平台部"", ""信息统计部"", ""综合管理部"", ""智能创新部"", ""上海开发测试中心"", ""数据治理部"", ""总行"", ""客户经营部"", """", ""苏州开发测试中心"", ""线上银行部"", ""业务管理部"", ""架构管理部"", ""风险内控部"", ""数据中心"", ""债券交易部"", ""创新业务部"", ""信贷与投资管理部""]",模型运营驱动 & 项目协同导向,"[""全年邮件主题高度集中于‘模型运营与优化’和‘项目进度与周报’，工作核心清晰。"", ""关键词热度从一季度的‘模型’、‘BP’、‘智能推荐’逐步演变为后续季度的‘模型’、‘运营’、‘AI’、‘项目’、‘客户’，显示工作从模型建设向运营和业务结合的深化。"", ""邮件撰写规范严谨，'常使用标准化标签分类'，标签邮件使用广泛，便于信息追溯与协同。"", ""沟通风格'积极主动'，'善于通过会议纪要、周报等形式同步项目进展'，工作节奏与项目周期强相关。""]",王璐珊是信息管理部的员工，主要负责AI模型运营与客户数字化经营相关工作。邮件收发数量全年保持高位，工作内容高度聚焦于‘模型运营与优化’和‘项目进度与周报’。邮件主题关键词全年以‘模型’、‘运营’、‘AI’、‘项目’、‘数据’、‘客户’为核心，显示其工作围绕智能模型的全生命周期管理和业务数字化项目推进展开。从季度看，关键词从一季度的模型建设与梳理，演进到二、三、四季度的模型运营、客户策略、项目复盘与规划，工作重心随项目周期从基础建设向深度运营和策略规划转移。邮件撰写‘规范严谨’，‘常使用标准化标签分类’，沟通风格‘积极主动’，‘善于通过会议纪要、周报等形式同步项目进展’。总体而言，王璐珊是一名专业细致、积极主动、业务与技术融合能力强的模型运营骨干，对流程熟练掌握且执行力强。建议‘进一步深化业务场景理解，提升复杂项目的统筹规划能力，同时在跨部门协作中加强策略性沟通’。,,,,,,,,,,,,92.0,9.0,信息管理部,零售BP,38.42361111,,,,,,,信息管理部,,骨干,4.0,1.0,女员工、研究生学历、校招生、工龄成长型、骨干员工、产品经理、带教师傅、中加班、需求负责人、领导力优秀、专业能力优秀、工作态度积极、团队合作佳、综合评分高、二梯队人才、学习活跃、考勤需关注、会议达人、邮件数据开发型、跨部门广泛协作、部门_信息管理部、项目管理,,项目管理与需求
53,俞振飞,信息管理部,非零BP,女,4.0,研究生,波士顿大学,骨干,,,1,数据分析,校园招聘,,,,,11,0,,,2.0,1.743503584,1.0,16.0,26.0,18.0,2.0,0,1,0,0,0,0,,1.0,3.0,3.0,2.0,9.0,2-可培养的二梯队,,,2025.0,信息管理部,"{""其他"": 39, ""待确认"": 6, ""请关注"": 7, ""以此为准"": 15, ""会议备忘"": 13, ""会议通知"": 14, ""取数申请"": 6, ""工作沟通"": 18}","[""李焕彰"", ""李瑞敏"", ""胡承萱"", ""韩统优"", ""宋轲"", ""汪乐乐"", ""蒋嘉石"", ""舒宝龙"", ""曹婉茹"", ""宋晓迪"", ""杨陆"", ""王亮"", ""张鑫"", ""魏榕慧"", ""向治蓉"", ""鞠爱宁"", ""路立静"", ""王璐珊"", ""陆应佳玥"", ""骆静龙""]","[""信息管理部"", ""数据开发部"", ""数据平台部"", ""综合管理部"", ""信息统计部"", ""智能创新部"", ""数据治理部"", ""总行"", """", ""苏州开发测试中心"", ""上海开发测试中心"", ""数字中台部"", ""风险内控部"", ""创新业务部"", ""债券交易部"", ""信贷与投资管理部"", ""数据应用管理部"", ""业务发展部"", ""数据管理与应用部"", ""数据中心""]",项目驱动 & 高效协同,"[""邮件主题清晰，善用标签进行分类，体现了良好的条理性和规范性意识。"", ""沟通风格以任务协作为主，注重时效与反馈，展现出较强的协同执行能力。"", ""工作内容紧密围绕对公客户经营、数字化营销支持、数据报表建设及业务流程优化展开。"", ""深度参与了代发业务、普惠信贷、科创拓客等项目，工作重心随项目周期明显转移。""]",俞振飞是信息管理部的员工，岗位为信息管理部。该员工是一名业务支撑与数据分析专业人员，工作内容紧密围绕对公客户经营、数字化营销支持、数据报表建设及业务流程优化展开，深度参与了代发业务、普惠信贷、科创拓客等项目。邮件撰写规范，主题清晰，善用标签进行分类，体现了良好的条理性和规范性意识。沟通风格以任务协作为主，注重时效与反馈，与内部同事及跨部门团队保持高频、紧密的互动，展现出较强的协同执行能力。后续勉励员工在保持高效执行力的基础上，进一步提升在复杂项目中的主动规划与闭环管理能力，加强数据洞察的深度和业务策略建议的前瞻性，探索数据驱动业务创新的可能性。优势在于业务理解深入、需求响应及时、工作细致扎实，是连接技术与业务的重要桥梁。,,,,,,,,,,,,90.0,9.0,信息管理部,非零BP,73.04444444,,,,,,,信息管理部,,骨干,3.0,,女员工、研究生学历、校招生、工龄成长型、骨干员工、带教师傅、中加班、领导力待提升、专业能力优秀、工作态度积极、团队合作良好、综合评分中、二梯队人才、学习活跃、考勤需关注、项目驱动型、跨部门广泛协作、部门_信息管理部、数据分析、对公业务、零售业务,,BI与数据分析、业务系统建设
54,汪乐乐,信息管理部,分行BP,女,3.0,研究生,东南大学,骨干,产品经理,3.0,1,数据分析,校园招聘,,,,,8,0,,,2.0,1.19120674,0.0,35.0,13.0,12.0,1.0,0,0,0,0,0,0,,1.0,3.0,3.0,2.0,9.0,2-可培养的二梯队,,,2025.0,信息管理部,"{""其他"": 25, ""会议与通知"": 28, ""项目与课题管理"": 45, ""CRM系统建设与优化"": 38, ""分行赋能与工作总结"": 22, ""数据需求与视图管理"": 32, ""流程优化与客户体验"": 18}","[""舒宝龙"", ""李焕彰"", ""胡承萱"", ""王正超"", ""孙菡悦"", ""韩统优"", ""俞振飞"", ""乐洋"", ""李瑞敏"", ""陆应佳玥"", ""宋晓迪"", ""曹婉茹"", ""陆雨欣"", ""李小萌"", ""吴证"", ""杨陆"", ""郭庆睿"", ""姚蜜"", ""蒋嘉石"", ""贺文军""]","[""数据开发部"", ""信息管理部"", ""数据平台部"", ""综合管理部"", ""信息统计部"", ""智能创新部"", """", ""数据治理部"", ""总行"", ""苏州开发测试中心"", ""上海开发测试中心"", ""风险内控部"", ""债券交易部"", ""创新业务部"", ""信贷与投资管理部"", ""数据应用管理部"", ""数据中心"", ""数据管理与应用部"", ""客户经营部"", ""办公室""]",项目驱动&持续聚焦,"[""工作重心全年高度聚焦于‘CRM系统建设与优化’与‘项目与课题管理’，邮件量分布均匀，显示持续的项目投入。"", ""关键词频率显示，三季度‘CRM’相关沟通达到峰值（12次），是全年工作强度最高的季度。"", ""邮件主题‘常使用标准化标签（如【请审核】、【会议纪要】）进行归类’，体现了规范化的沟通管理。"", ""工作节奏随项目阶段演进：一季度侧重‘数据工作课题’与‘立项请示’；二三季度深化‘CRM’与‘对公CRM’；四季度转向‘系统建设规划’与‘数字化运营’的未来规划。""]",汪乐乐是信息管理部的员工，承担核心数据与系统管理工作。邮件收发情况显示其工作高度聚焦于‘项目与课题管理’（45封）和‘CRM系统建设与优化’（38封），体现了以核心项目为驱动的工作模式。关键词云显示，‘CRM’是贯穿全年的绝对核心词，尤其在第三季度提及频率最高（12次），表明该季度是CRM相关工作的攻坚或密集沟通期。沟通风格‘务实高效，注重协同与反馈’，邮件‘撰写规范严谨，主题清晰明确，常使用标准化标签’。情感分析偏向于中性、专业和结果导向。工作网络紧密围绕其核心职责展开，推测其联系最紧密的同事和部门包括：负责数据课题与视图管理的相关团队、CRM系统相关的业务与开发团队、各分行的数据赋能对接人以及参与‘数字化运营’、‘系统建设规划’等跨部门项目的协作方。工作节奏稳定而深入，全年围绕数据课题、CRM建设、分行赋能三大主线持续推进，从一季度的规划立项，到二三季度的深化建设与分行推广，再到四季度的未来规划与总结，呈现出清晰的、项目全生命周期管理的专业节奏。,,,,,,,,,,,,92.0,2.0,信息管理部,非零BP,45.52944444,,,,,,,信息管理部,,骨干,2.0,3.0,女员工、研究生学历、校招生、工龄成长型、骨干员工、产品经理、带教师傅、领导力待提升、专业能力优秀、工作态度积极、团队合作良好、综合评分中、二梯队人才、学习活跃、考勤良好、项目驱动型、跨部门广泛协作、部门_信息管理部,,未识别
55,姚蜜,信息统计部,管理信息应用,女,5.0,研究生,华中师范大学,骨干,,,1,数据分析,校园招聘,,,,,9,3,,,1.0,1.604888889,0.0,20.0,23.0,15.0,2.0,0,0,0,0,0,0,,1.0,3.0,3.0,2.0,9.0,2-可培养的二梯队,,,2025.0,信息统计部,"{""其他"": 50, ""会议与沟通协调"": 85, ""培训与知识分享"": 40, ""报告与材料撰写"": 70, ""指标与口径管理"": 65, ""数据运维与验证"": 95, ""系统与权限管理"": 55, ""需求与项目管理"": 120}","[""张雅淇"", ""郭庆睿"", ""王晓璇"", ""贺文军"", ""王素雅"", ""骆静龙"", ""向治蓉"", ""曾世杰"", ""梅苏源"", ""胡楚"", ""陈姿"", ""张海濛"", ""丁晨"", ""刘晓丹"", ""黄澜"", ""胡雯"", ""陈笑轩"", ""陈晨"", ""周影"", ""顾恺""]","[""数据开发部"", ""信息统计部"", ""数据平台部"", ""综合管理部"", ""信息管理部"", ""智能创新部"", ""上海开发测试中心"", ""数据治理部"", ""总行"", """", ""苏州开发测试中心"", ""数据应用管理部"", ""消费信贷部"", ""资产负债管理部"", ""风险内控部"", ""计划管理部"", ""创新业务部"", ""负债管理部"", ""架构管理部"", ""债券交易部""]",稳定高效 & 项目深度参与,"[""邮件类型以'需求与项目管理'和'数据运维与验证'为主，全年工作围绕核心项目推进与数据管理展开。"", ""关键词'掌上行'、'数据'、'需求'贯穿全年，显示其持续深度参与'掌上行平台建设'、'全口径资产负债管理'等长期重点项目。"", ""从'验证'、'运维'（一季度）到'分析'、'体系'（二三季度），再到'报告'、'评审'、'总结'（四季度），工作节奏呈现'执行->分析->复盘'的周期性规律。"", ""邮件撰写'规范严谨，主题清晰明确，常使用标准化标签和结构化表述'，沟通高效，便于信息追溯。""]",姚蜜是信息统计部的员工。邮件收发情况显示其工作高度聚焦于数据管理和项目推进，'需求与项目管理'类邮件数量最多，其次是'数据运维与验证'，表明其核心角色是项目协调者与数据守护者。全年关键词云揭示其深度参与了'掌上行'平台建设、'全口径资产负债管理'、'产品客户分析体系'及'科创金融'、'情报站'等创新项目，工作内容从基础的数据验证运维，逐步扩展到业务分析、体系构建和前沿探索（如'大模型'、'数字化'）。工作节奏稳定高效，沟通风格'务实高效，注重协同与跟进'，能'有效协调跨部门资源推动项目进展'。情感分析显示其沟通以中性、专业的业务陈述为主，关键词如'攻坚克难'、'规划'、'总结'体现了积极进取和复盘反思的态度。工作网络广泛，作为'业务桥梁'，其邮件主题涉及'个人贷款'、'零售'、'贵金属'、'债券'、'结售汇'、'机构'等多业务条线，以及'UDAS'系统、'指标口径'等技术领域，表明与各业务部门、科技部门及管理支持部门均有紧密协作。总体而言，姚蜜是一名专业扎实、细致可靠、学习能力强且具备出色项目统筹能力的技术骨干，是团队中不可或缺的核心成员。建议在保持现有优势的基础上，'进一步强化前瞻性分析和创新场景探索能力'。,,,,,,,,,,,,80.0,9.0,信息统计部,管理信息应用组,120.2502778,,,,,,,信息统计部,,骨干,4.0,,女员工、研究生学历、校招生、工龄成长型、骨干员工、带教师傅、中加班、领导力待提升、专业能力优秀、工作态度积极、团队合作良好、综合评分中、二梯队人才、学习活跃、知识库活跃、考勤需关注、跨部门广泛协作、部门_信息统计部、AI算法、项目管理、零售业务,,AI算法与大模型、数据平台与运维、项目管理与需求、BI与数据分析、业务系统建设
56,李然,信息统计部,监管统计,男,20.0,研究生,南新罕布什尔大学,骨干,产品经理,1.0,1,监管统计,社会招聘,,,,,10,0,,,,2.063467742,1.0,7.0,23.0,31.0,1.0,0,0,0,0,0,0,,2.0,3.0,4.0,2.0,11.0,2-可培养的二梯队,,,2025.0,信息统计部,"{""其他"": 40, ""审计与合规"": 80, ""共享数据交换"": 120, ""监管报表报送"": 350, ""会议组织与材料"": 180, ""制度更新与需求"": 150, ""数据核对与咨询"": 280, ""系统与工程支持"": 100}","[""贺文军"", ""徐陶然"", ""王新"", ""周逸晨"", ""张伟亮"", ""赵超"", ""宋晓迪"", ""陈倩"", ""钱磊"", ""严彬华"", ""杨青"", ""周静"", ""顾恺"", ""李亦佳"", ""刘梦颖"", ""康冉"", ""李虎"", ""林幸"", ""王书祥"", ""曾敏锐""]","[""信息统计部"", ""数据开发部"", ""数据平台部"", ""综合管理部"", ""信息管理部"", ""智能创新部"", """", ""上海开发测试中心"", ""数据治理部"", ""总行"", ""苏州开发测试中心"", ""系统与数据应用部"", ""创新业务部"", ""数据应用管理部"", ""资产负债管理部"", ""风险内控部"", ""计量与应用部"", ""绿色金融部"", ""单证中心"", ""消费信贷部""]",高负荷&监管驱动,"[""邮件收发量全年保持高位，工作负荷持续且稳定，核心围绕监管报送周期。"", ""紧急邮件情况未在提供数据中明确体现，但根据工作性质推断，在‘监管报表报送’、‘数据核对’等时效性强的任务中可能存在。"", ""标签邮件使用广泛且稳定，体现了‘邮件撰写规范严谨，主题明确，常使用标签进行分类’的良好工作条理性。"", ""工作重心贯穿全年，但关键词显示从‘G33’、‘共享数据’向更广泛的‘报表’、‘监管’、‘五篇大文章’及‘制度’等主题扩展，体现了工作内容的深度和广度随监管要求变化而演进。""]",李然是信息统计部的员工，承担核心监管统计与数据报送工作。邮件收发数量全年保持高位且分布稳定，工作节奏紧密围绕监管报表报送周期。邮件主题高度集中在‘报表’、‘G33’、‘Q表’、‘监管’、‘共享数据’、‘人行’、‘数据’、‘报送’等词汇，表明其核心工作聚焦于各类监管报表的编制、核对、报送以及与监管机构（如人行）、行内外的数据交换。从季度关键词演变看，全年核心任务稳定，但‘五篇大文章’、‘普惠’、‘科技’、‘制度’、‘机构调整’等词在后续季度出现或频率提升，反映出工作内容能积极响应监管政策导向和内部管理需求的变化。邮件撰写‘规范严谨，主题明确，常使用标签进行分类’，体现了良好的工作条理性。沟通风格‘以事务性为主，注重时效与准确性’，且‘频繁与行内外多部门协调’，展现出较强的跨部门协作能力。作为部门中‘不可或缺的专业骨干’，其优势在于对监管统计体系的熟悉度极高，处理复杂报表任务时细致可靠。后续建议可‘进一步优化非工作时间邮件处理习惯，提升工作生活平衡；同时可加强在数据分析和业务洞察方面的深度，从单纯的数据报送向数据价值挖掘延伸’。,,,,,,,,,,,,,0.0,信息统计部,监管统计组,77.56833333,,,,,,,信息统计部,,骨干,19.0,1.0,男员工、研究生学历、社招员工、工龄资深、骨干员工、产品经理、中加班、领导力优秀、专业能力优秀、工作态度积极、团队合作良好、综合评分高、二梯队人才、学习活跃、考勤全勤、高强度工作、监管驱动型、邮件高频用户、会议达人、跨部门广泛协作、部门_信息统计部、数据分析、零售业务,,数据治理与合规、BI与数据分析、业务系统建设
57,崔建文,智能创新部,模型开发组,男,5.0,研究生,厦门大学,骨干,,,0,数据研发,校园招聘,,,,23/24数据文化优秀贡献者/25专利1,14,0,,,,2.06399537,1.0,21.0,7.0,26.0,6.0,1,2,0,1,0,0,适中,1.0,3.0,3.0,2.0,9.0,2-可培养的二梯队,,,2025.0,智能创新部,"{""其他"": 120, ""会议与沟通协调"": 70, ""数据需求与处理"": 90, ""模型开发与优化"": 110, ""运维与技术支持"": 60, ""项目与工程管理"": 180, ""反电诈与风险管控"": 220, ""智能财报分析系统"": 150}","[""陈超"", ""李梦霄"", ""周浩"", ""于中宝"", ""李晓珺"", ""刘晓丹"", ""杨青"", ""曾敏锐"", ""李响"", ""鞠爱宁"", ""许天凝"", ""吴证"", ""杨萍"", ""罗仁杰"", ""姚志环"", ""杨婧"", ""景丞"", ""嵇雅娟"", ""刘佳丽"", ""宋晓迪""]","[""上海开发测试中心"", ""苏州开发测试中心"", ""数据开发部"", ""智能创新部"", ""数据平台部"", ""综合管理部"", ""信息管理部"", ""信息统计部"", """", ""风险控制部"", ""总行"", ""数据治理部"", ""数据中心"", ""系统与数据应用部"", ""架构管理部"", ""数据应用管理部"", ""零售与新兴业务中台部"", ""负债管理部"", ""金融科技部"", ""信贷与投资管理部""]",聚焦高效&项目主导,"[""全年工作高度聚焦于‘反电诈’与‘财报’两大核心项目，工作节奏紧凑。"", ""紧急邮件情况未提供具体数据，但关键词中‘测试’、‘投产’、‘验证’高频出现，暗示项目关键节点存在高时效性沟通需求。"", ""标签邮件使用规范，邮件主题清晰明确，体现了良好的结构化沟通习惯。"", ""工作重心随季度动态调整：一季度侧重‘慧信工程’启动与‘反电诈’初期工作；二、三季度‘反电诈’工作强度持续攀升并成为绝对核心，同时‘模型’、‘智能财报’相关讨论深化；四季度‘反电诈’热度略有回落，但‘模型’、‘需求’、‘系统’、‘分析’等工作持续深化，并出现‘机构改革’等新议题。""]",崔建文是智能创新部的员工。2025年邮件收发总量可观，工作内容高度聚焦于金融科技领域，尤其以‘反电诈与风险管控’（220封）和‘智能财报分析系统’（150封）为核心，展现出极强的专业纵深。邮件主题关键词云显示，全年工作围绕‘反电诈’、‘模型’、‘财报’、‘数据’、‘需求’、‘分析’、‘系统’、‘投产’、‘测试’等词汇展开，体现了从模型开发、系统建设到测试投产的全流程项目管理和技术实施能力。工作节奏紧密跟随项目周期，一季度侧重‘慧信工程’启动，二、三季度‘反电诈’工作强度达到顶峰并深化‘模型’与‘智能财报’相关工作，四季度在核心项目持续推进的同时，开始关注‘系统’优化和‘机构改革’等新议题。沟通风格务实高效，邮件撰写规范，主题清晰，标签使用标准，体现了良好的结构化沟通和文档规范意识。从关键词推断，其工作网络紧密围绕项目展开，内部与模型开发、数据分析、系统运维、项目管理等团队协作频繁，外部可能与技术供应商（涉及‘采购’、‘合同’、‘评估’）有对接。情感分析偏向中性、专业和任务导向，聚焦于问题解决和项目推进。总体而言，崔建文是一名专业扎实、执行力强、在金融风控与智能分析领域具备深度和广度的技术骨干，是团队中值得信赖的项目核心成员。,,,,,,,,,,,,82.0,1.0,智能应用一部,对公应用组,150.6402778,智能应用一部,7237.52,14.19,11.0,9.0,0.365750529,智能创新部,,骨干,4.0,,男员工、研究生学历、校招生、工龄成长型、骨干员工、工作饱和度适中、中加班、项目负责人、需求负责人、PASO参与者、领导力待提升、专业能力优秀、工作态度积极、团队合作良好、综合评分中、二梯队人才、学习积极分子、考勤良好、邮件数据开发型、跨部门广泛协作、部门_智能创新部、测试工程、项目管理、数据分析、运维支持、风险模型,,系统测试与投产、项目管理与需求、BI与数据分析、风险模型与反欺诈、业务系统建设、运维与技术支持
58,贾世林,智能创新部,AI基础研发组,男,5.0,研究生,上海师范大学,骨干,,,0,数据研发,社会招聘,,,,23数据文化优秀贡献者/25专利1,11,0,1.0,,1.0,1.842625448,0.0,13.0,28.0,15.0,6.0,1,1,1,1,7,12,超负荷,1.0,3.0,3.0,3.0,10.0,2-可培养的二梯队,,,2025.0,智能创新部,"{""其他"": 45, ""会议纪要"": 85, ""资源申请"": 95, ""需求沟通"": 78, ""项目管理"": 120, ""培训与新人"": 30, ""测试与部署"": 65, ""风险与问题"": 52}","[""胡申民"", ""杨婧"", ""王友轩"", ""黄亦豪"", ""于坤"", ""卢易"", ""李响"", ""陈超"", ""于中宝"", ""李子晨"", ""张子璐"", ""邱玥"", ""范毅君"", ""张镓奇"", ""潘明杰"", ""邱旻骏"", ""祁鑫"", ""李梦霄"", ""孙义严"", ""崔建文""]","[""智能创新部"", ""数据开发部"", ""数据平台部"", ""上海开发测试中心"", ""信息管理部"", ""综合管理部"", ""信息统计部"", ""数据中心"", ""苏州开发测试中心"", ""总行"", ""数据治理部"", """", ""线上银行部"", ""债券交易部"", ""风险内控部"", ""架构管理部"", ""内控安全部"", ""创新业务部"", ""信贷与投资管理部"", ""金融科技创新实验室""]",高强度&项目驱动,"[""邮件类型以'项目管理'（120封）和'资源申请'（95封）为主，显示其工作核心是项目推进与资源协调。"", ""工作重心贯穿全年，紧密围绕'大模型'、'AI银行'、'算力'、'GPU'等核心技术与资源主题展开。"", ""从季度关键词演变看，工作内容从一季度的'AI银行'、'鸿蒙'具体项目，逐步拓展至二、三季度的'百应'、'千帆'、'百舸'、'平台'等多元化技术栈与平台建设，四季度则更侧重于'算力'、'资源'、'安全'、'规划'等战略性盘点与评估。"", ""'测试'、'部署'、'会议'、'需求'等关键词在各季度均稳定出现，表明其工作流程规范，持续涉及开发、测试、部署、沟通等全生命周期环节。""]",贾世林是智能创新部的员工，是团队中承担大模型与AI银行相关项目核心工作的技术骨干。邮件收发高度集中于项目管理、资源申请和会议纪要等类型，全年工作节奏紧凑且以项目驱动。邮件主题深度聚焦于‘大模型’、‘AI银行’、‘算力’、‘GPU’、‘资源’等前沿技术与基础设施，展现出其在AI技术应用与项目管理方面的核心职责。从季度关键词演变来看，其工作内容从年初的具体项目（如‘AI银行’、‘鸿蒙’）实施，逐步扩展到年中多技术平台（‘百应’、‘千帆’、‘百舸’）的整合与测试部署，并在年末转向更宏观的算力资源规划、安全评估与未来场景探索，工作视野随项目进展不断拓宽。‘测试’、‘部署’、‘会议’、‘需求’等词贯穿全年，表明其工作流程规范，持续参与项目全生命周期。沟通风格以结果为导向，注重时效性和问题解决，邮件撰写规范严谨，体现出良好的职业素养和积极主动的跨团队协作能力。优势在于对AI银行生态的全面把控、项目风险敏锐度和强大的执行力。建议后续可进一步加强技术深度探索与创新场景设计能力，并在复杂项目统筹中持续优化资源调配效率。,,,,,,,,,,,,92.0,0.0,智能平台部,模型运营组,135.6205556,智能平台部,7561.52,14.83,10.0,,1.0,智能创新部,,骨干,4.0,,男员工、研究生学历、社招员工、工龄成长型、骨干员工、带教师傅、工作超负荷、中加班、项目负责人、应用主管、变更任务密集、PASO参与者、领导力待提升、专业能力优秀、工作态度积极、团队合作佳、综合评分高、二梯队人才、学习活跃、内训讲师、考勤全勤、高强度工作、项目驱动型、跨部门广泛协作、部门_智能创新部、AI算法、测试工程、项目管理,,AI算法与大模型、数据平台与运维、系统测试与投产、项目管理与需求
59,陆文捷,智能创新部,模型开发组,女,1.0,研究生,苏州大学,骨干,,,0,数据研发,校园招聘,,,,24最佳新人/25专利1,18,0,,,1.0,1.550228495,0.0,21.0,20.0,20.0,1.0,0,0,0,0,0,0,适中,2.0,5.0,4.0,2.0,13.0,4-高潜培养对象,,,2025.0,智能创新部,"{""其他"": 28, ""模型开发与管理"": 38, ""项目与会议管理"": 35, ""专利申请与论文撰写"": 18, ""数据安全与分类分级"": 15, ""智能对标与数据治理"": 42, ""新员工带教与团队管理"": 12}","[""张峰"", ""李梦霄"", ""陈超"", ""单曙兵"", ""崔建文"", ""许天凝"", ""祁鑫"", ""胡申民"", ""杨沁怡"", ""于俊杰"", ""刘晓丹"", ""蒋捷"", ""刘燕玲"", ""兰昕蕾"", ""于璐"", ""杨婧"", ""张镓奇"", ""宋晓迪"", ""顾恺"", ""张子璐""]","[""数据开发部"", ""智能创新部"", ""数据平台部"", ""信息管理部"", ""综合管理部"", ""信息统计部"", ""数据治理部"", ""总行"", """", ""苏州开发测试中心"", ""风险内控部"", ""债券交易部"", ""创新业务部"", ""信贷与投资管理部"", ""上海开发测试中心"", ""架构管理部"", ""业务发展部"", ""消费信贷部"", ""市场一部"", ""数据管理与应用部""]",专注创新&成果导向,"[""邮件主题高度聚焦于‘智能对标’、‘模型’、‘数据’等核心领域，全年工作主线清晰。"", ""工作重心随季度演进：一季度聚焦‘智能对标’与‘模型’基础构建；二季度转向‘数据安全’与‘分类分级’；三季度突出‘白皮书’、‘专利’等成果转化与‘新员工带教’；四季度深化‘智能对标’、‘数据链路’与‘方案汇报’。"", ""邮件撰写‘规范严谨，主题明确，文件命名清晰’，体现了高度的职业素养与工作条理性。"", ""沟通风格‘务实高效’，注重‘项目进展同步与团队协作’，并‘能围绕重点工作进行持续跟踪与汇报’。""]",陆文捷是智能创新部的员工。邮件收发类型分布清晰，主要集中于‘智能对标与数据治理’、‘模型开发与管理’及‘项目与会议管理’，表明其工作核心是前沿技术研究、项目管理和团队协作。关键词云显示，全年工作主线围绕‘智能对标’、‘数据’、‘模型’展开，季度间重点有所演变：从一季度的基础构建与‘对公信贷’业务探索，到二季度的‘数据安全’与外部合作（如‘中石化’），再到三、四季度的技术成果转化（‘白皮书’、‘专利’、‘论文’）与知识传承（‘带教’、‘培训’）。沟通风格‘务实高效’，邮件‘规范严谨’，体现出良好的职业素养。其工作节奏由专项技术攻坚驱动，并逐步向成果总结与团队赋能过渡。作为技术骨干，他在‘专利申请、论文撰写及技术方案输出方面表现突出’，‘对新兴技术保持敏锐度，执行力强’。建议后续可‘进一步深化业务场景理解’，并‘加强跨部门复杂项目的统筹协调能力’以创造更大业务价值。,,,,,,,,,,,,90.0,11.0,智能平台部,平台研发组,117.8663889,智能平台部,6320.12,12.39,9.0,9.0,0.273607748,智能创新部,,骨干,1.0,,女员工、研究生学历、校招生、工龄新手、骨干员工、带教师傅、工作饱和度适中、中加班、领导力优秀、专业能力突出、工作态度积极、团队合作良好、综合评分高、高潜培养对象、学习积极分子、考勤需关注、专注型工作风格、跨部门广泛协作、部门_智能创新部、项目管理、数据治理、数据安全、对公业务,1088211,数据治理与合规、项目管理与需求、数据安全与权限、业务系统建设
60,陆雨欣,综合管理部,项目管理团队,女,6.0,研究生,加州大学戴维斯分校,骨干,,,1,项目管理,校园招聘,,,,,6,26,3.0,,,1.995518242,0.0,8.0,44.0,8.0,7.0,4,7,0,0,0,0,,1.0,3.0,3.0,2.0,9.0,2-可培养的二梯队,,,2025.0,综合管理部,"{""其他"": 180, ""会议与沟通协调"": 380, ""培训与新人指导"": 150, ""文档与操作手册"": 220, ""项目与需求管理"": 450, ""预算与费用管理"": 120, ""数据问题排查与验证"": 320, ""系统运维与技术支持"": 280}","[""佟嘉欣"", ""王正超"", ""阮靖龙"", ""王萌萌"", ""顾恺"", ""乐洋"", ""吴证"", ""张必歌"", ""骆静龙"", ""张雅淇"", ""陈晨"", ""罗仁杰"", ""袁凯"", ""陈超"", ""杨青"", ""陈笑轩"", ""李焕彰"", ""周影"", ""张晓芸"", ""龚毅磊""]","[""数据开发部"", ""上海开发测试中心"", ""数据平台部"", ""苏州开发测试中心"", ""综合管理部"", ""信息管理部"", ""信息统计部"", ""智能创新部"", """", ""数据中心"", ""数据治理部"", ""总行"", ""客户经营部"", ""架构管理部"", ""数据应用管理部"", ""风险内控部"", ""消费信贷部"", ""业务管理部"", ""项目管理部"", ""代销业务部""]",高负荷&全流程支持,"[""邮件收发量全年保持高位，以‘项目与需求管理’和‘会议与沟通协调’为核心，显示出持续的项目驱动和高频沟通节奏。"", ""紧急邮件情况无法从提供数据中直接推断。"", ""标签邮件使用情况无法从提供数据中直接推断。"", ""联系紧密的同事和科室分布无法从提供数据中直接推断。"", ""工作重心全年围绕‘CRM’系统，贯穿‘需求’、‘数据’、‘评审’、‘测试’、‘投产’全流程，季度间略有侧重，如二季度‘AI助手’、‘外呼’关注度提升，四季度新增‘机构改革’、‘运营报告’等主题。""]",陆雨欣是综合管理部的员工。邮件类型高度集中于‘项目与需求管理’、‘会议与沟通协调’及‘数据问题排查与验证’，表明其核心职责是CRM系统的全流程项目支持、跨部门协调和问题解决。关键词云显示，全年工作核心词汇‘CRM’、‘需求’、‘数据’、‘会议’、‘评审’、‘测试’、‘验证’、‘投产’高度稳定，印证了其贯穿需求、开发、测试、上线全周期的支持角色。季度间关键词略有演变：二、三季度‘AI助手’、‘外呼’权重上升，反映对新工具和业务线的跟进；四季度出现‘机构改革’、‘运营报告’，表明工作响应了组织变革并增加了运营分析维度。沟通风格积极主动，注重协同，邮件撰写规范严谨。工作节奏为高负荷的项目驱动型，持续串联业务、技术和运营多方。优势在于执行力强、细致认真、沟通协调能力突出。建议在密集项目推进中进一步优化时间管理和优先级划分，并加强技术创新方面的前瞻性思考。,,,,,,,,,,,,90.0,0.0,综合管理部,项目管理组,52.25555556,,,,,,,综合管理部,,骨干,5.0,,女员工、研究生学历、校招生、工龄中坚、骨干员工、中加班、项目负责人、高频需求负责人、领导力待提升、专业能力优秀、工作态度积极、团队合作良好、综合评分中、二梯队人才、内训讲师、知识库活跃、考勤全勤、高强度工作、流程导向型、邮件高频用户、会议达人、邮件项目管理型、邮件运维支持型、跨部门广泛协作、部门_综合管理部、测试工程、项目管理,,系统测试与投产、项目管理与需求、业务系统建设、运维与技术支持
61,许阿云,综合管理部,综合管理组,女,6.0,研究生,华中师范大学,骨干,,,1,综合管理,校园招聘,"党总支宣传委员、
第一党支部书记",工会会员代表,,,11,4,,,,2.205097002,1.0,7.0,25.0,27.0,4.0,0,0,0,0,0,0,,2.0,3.0,3.0,3.0,11.0,2-可培养的二梯队,,,2025.0,综合管理部,"{""其他"": 142, ""会议与材料准备"": 267, ""党建与组织管理"": 248, ""培训与人才培养"": 189, ""宣传与文化建设"": 156, ""行政与综合事务"": 173, ""项目管理与督办"": 312, ""数据治理与数字化转型"": 204}","[""杨晓彦"", ""顾小萍"", ""李焕彰"", ""宋晓迪"", ""陈超"", ""宋子夜"", ""胡申民"", ""单曙兵"", ""杨青"", ""吴证"", ""贺文军"", ""顾恺"", ""李梦霄"", ""乐洋"", ""舒宝龙"", ""于浩瀚"", ""卢易"", ""白迪"", ""杨婧"", ""机构邮箱""]","[""综合管理部"", ""数据开发部"", ""数据平台部"", ""信息管理部"", ""智能创新部"", ""信息统计部"", """", ""数据治理部"", ""总行"", ""苏州开发测试中心"", ""上海开发测试中心"", ""风险内控部"", ""债券交易部"", ""创新业务部"", ""信贷与投资管理部"", ""数据中心"", ""公共邮箱组"", ""行务信息部"", ""架构管理部"", ""培训发展中心""]",高负荷&多线程统筹,"[""邮件收发量全年保持高位，工作节奏紧凑，贯穿项目督办、会议协调、人才培养等多个核心管理流程。"", ""工作重心随季度变化：Q1聚焦党建与基础管理，Q2/Q3转向'攻坚克难'、'数字化转型'与'人才培养'，Q4重点进行年度总结与规划。"", ""紧急邮件（如'督办事项'、'月度例会'、'材料准备'）贯穿全年，尤其在季度末和项目关键节点更为频繁，体现强跟进和执行力。"", ""标签邮件使用频繁且分类清晰（如'项目管理与督办'、'会议与材料准备'），体现了系统化、条理化的沟通与管理习惯。""]",许阿云是综合管理部的核心骨干。邮件收发数量全年保持高位且稳定，工作内容高度聚焦于党建管理、项目督办、人才培养、会议协调和宣传文化建设等多个关键领域。邮件主题高度集中在‘项目管理与督办’、‘会议与材料准备’、‘党建与组织管理’、‘数据治理与数字化转型’等类型，表明其核心工作围绕统筹协调、督办落实、组织建设和数字化支持展开。全年‘数据部’、‘科室OKR’、‘攻坚克难’、‘人才培养’、‘月度例会’等词频繁出现，反映出其岗位与数据部门、各业务科室、重点项目及人才梯队建设的强关联性。从季度看，Q1聚焦党建与基础管理，Q2/Q3重点转向‘攻坚克难’、‘数字化转型’与‘新行员培训’，Q4则全面聚焦年度总结、规划与评优表彰，工作重心随管理周期自然演进。沟通网络广泛，内部与各业务科室、党支部联系紧密，外部与‘数据部’协作极为频繁，是跨部门协同的关键枢纽。邮件撰写规范严谨，标签邮件使用频繁且分类清晰，体现了极强的条理性和系统性。沟通风格积极主动，注重协同与跟进，善于通过邮件推动各项事务落实。紧急邮件贯穿全年，尤其在季度末和项目关键节点更为频繁，体现强跟进和执行力。总体而言，许阿云是一名具备出色组织协调能力和全局视野的管理骨干，能够高效统筹多线程工作，在党建与行政管理方面表现尤为突出。建议可进一步优化邮件分类体系，提升跨部门协作效率，同时加强数据驱动的管理决策能力。,,,,,,,,,,,,98.0,3.0,综合管理部,综合管理组,97.23277778,,,,,,,综合管理部,,骨干,5.0,,女员工、研究生学历、校招生、工龄中坚、骨干员工、中加班、领导力优秀、专业能力优秀、工作态度积极、团队合作佳、综合评分高、二梯队人才、学习活跃、知识库活跃、考勤良好、高强度工作、邮件高频用户、会议达人、邮件项目管理型、邮件数据开发型、跨部门广泛协作、部门_综合管理部、项目管理、数据治理,,数据治理与合规、项目管理与需求
62,陈世辉,综合管理部,测试管理组,男,1.0,大学本科,上海对外经贸大学,骨干,,,0,数据测试,校园招聘,,,,23最佳新人\24最佳合作服务奖,12,2,,,,2.902397876,1.0,14.0,18.0,22.0,14.0,0,0,0,0,0,0,,1.0,3.0,4.0,3.0,11.0,2-可培养的二梯队,,,2025.0,综合管理部,"{""其他"": 200, ""投产演练"": 110, ""测试管理"": 180, ""项目管理"": 150, ""会议与沟通"": 130, ""授权与审批"": 220, ""环境与配置"": 120, ""数据同步与卸数"": 90}","[""杨萍"", ""顾恺"", ""黄哲睿"", ""卢易"", ""马亦沁"", ""兰昕蕾"", ""杨青"", ""林幸"", ""钱磊"", ""罗仁杰"", ""吴证"", ""丁晨"", ""姚志环"", ""胡庆"", ""张倩"", ""杜乐"", ""陈晨"", ""曾敏锐"", ""李天卓"", ""骆静龙""]","[""数据开发部"", ""上海开发测试中心"", ""苏州开发测试中心"", ""综合管理部"", ""数据平台部"", ""信息管理部"", ""信息统计部"", """", ""智能创新部"", ""数据中心"", ""数据治理部"", ""总行"", ""架构管理部"", ""公司业务中台部"", ""系统与数据应用部"", ""创新业务部"", ""零售与新兴业务中台部"", ""债券交易部"", ""风险控制部"", ""区域集中作业中心""]",高负荷&项目驱动,"[""邮件类型分布显示工作高度集中于'授权与审批'、'测试管理'、'项目管理'和'会议与沟通'，表明其在项目流程中的核心协调与管控角色。"", ""关键词显示工作节奏随项目周期推进，从一季度的'慧信'、'测试'、'数据'，逐步过渡到二、三季度的'智芯'、'投产演练'、'合版'、'分支'，第四季度出现'平台'、'管理'、'需求'、'评审'，显示工作重心从具体执行向规划管理延伸。"", ""沟通风格积极主动，注重协同与跟进，'频繁通过会议、日报等形式与上下游部门保持紧密联动'，体现了持续高强度的跨团队协作节奏。"", ""在高压环境下仍能保持有条不紊的工作节奏'，说明其工作负荷虽高但节奏稳定可控。""]",陈世辉同志是综合管理部的员工。邮件收发内容高度集中在'授权与审批'、'测试管理'、'项目管理'和'会议与沟通'等类型，显示其工作核心是项目流程中的测试协调、授权管控与跨部门沟通。关键词云清晰地勾勒出其2025年的工作轨迹：一季度聚焦于'慧信'项目相关的测试、数据与授权；二、三季度工作重心明显转向'智芯'项目，伴随'投产演练'、'合版'、'分支'、'脚本'等高频词，表明深度参与版本构建、环境配置与投产准备；四季度关键词出现'平台'、'管理'、'需求'、'评审'，显示工作向平台化管理与需求规划阶段过渡。'邮件撰写规范严谨，主题明确，标签使用清晰'，体现了其专业、细致的沟通习惯。'沟通风格积极主动，注重协同与跟进，频繁通过会议、日报等形式与上下游部门保持紧密联动'，说明其建立了广泛且深入的工作网络，是跨团队协作的关键节点。'在高压环境下仍能保持有条不紊的工作节奏'，反映出其良好的抗压能力与稳定的工作输出。总体而言，陈世辉是一名责任心强、执行与协调能力突出、擅长项目全周期细节把控的骨干员工。后续可'进一步优化沟通效率，在紧急事务处理中加强优先级管理，并持续深化对测试自动化与流程标准化的探索'。,,,,,,,,,,,,,0.0,数据测试部,测试管理组,114.7033333,数据测试部,5674.02,11.13,9.0,9.000011765,0.191373606,综合管理部,,骨干,1.0,,男员工、本科学历、校招生、工龄新手、骨干员工、高加班、领导力待提升、专业能力优秀、工作态度积极、团队合作佳、综合评分高、二梯队人才、学习活跃、考勤全勤、高强度工作、项目驱动型、邮件高频用户、会议达人、邮件流程审批型、跨部门广泛协作、部门_综合管理部、测试工程、项目管理,,数据平台与运维、系统测试与投产、项目管理与需求
63,杨晓彦,综合管理部,负责人,女,8.0,研究生,伊利诺伊大学厄巴纳-香槟分校,科长,,,1,负责人,校园招聘,,,,,10,0,1.0,,,2.243637993,1.0,8.0,17.0,33.0,4.0,0,0,0,0,0,0,,,,,,,,,,2025.0,综合管理部,"{""其他"": 267, ""审批与授权"": 115, ""人事与培训管理"": 38, ""任务督办与催办"": 138, ""会议组织与协调"": 161, ""信息收集与通知"": 102, ""材料审阅与报送"": 236, ""监管与审计对接"": 49}","[""宋晓迪"", ""卢易"", ""贺文军"", ""吴证"", ""顾恺"", ""于浩瀚"", ""乐洋"", ""李焕彰"", ""胡申民"", ""白迪"", ""单曙兵"", ""杨青"", ""陈超"", ""顾小萍"", ""宋子夜"", ""许阿云"", ""胡超亭"", ""米俊文"", ""杨萍"", ""机构邮箱""]","[""综合管理部"", ""数据开发部"", ""数据平台部"", ""上海开发测试中心"", """", ""信息统计部"", ""智能创新部"", ""信息管理部"", ""苏州开发测试中心"", ""数据治理部"", ""数据中心"", ""总行"", ""架构管理部"", ""内控安全部"", ""规划管理部"", ""系统与数据应用部"", ""项目管理部"", ""领导"", ""风险内控部"", ""金融科技创新实验室""]",持续高压&任务驱动,"[""邮件类型分布显示，工作内容以'材料审阅与报送'、'会议组织与协调'、'任务督办与催办'为核心，全年任务密集且持续。"", ""关键词中'请审阅'、'审'、'会议通知'、'会议纪要'、'催办'等词高频出现，表明工作节奏受审批流程、会议周期和任务截止日驱动。"", ""'重要'、'急'、'紧急'、'请于今天下班前按照分工反馈'等词汇频繁使用，显示出工作中存在大量时间敏感、高优先级的任务。"", ""工作节奏全年保持高位，无明显季节性低谷，体现出综合行政岗位持续性的高压工作状态。""]",杨晓彦是综合管理部的员工，承担着部门内部行政枢纽的关键角色。邮件收发总量巨大，工作内容高度集中在'材料审阅与报送'、'会议组织与协调'和'任务督办与催办'三大核心职能，展现出极强的行政协调与流程把控能力。全年关键词云稳定且突出，'请审阅'、'会议通知'、'会议纪要'、'催办'、'重要'、'急'等词贯穿始终，清晰地勾勒出其'任务导向、时间敏感、注重规范'的工作模式。沟通网络方面，关键词'请宋总审核'、'请于总审核'、'监管需求，望指示'、'审计署'等直接表明，其工作紧密围绕高层领导（宋总、于总）的审批指示、以及外部监管机构（如审计署）的对接需求展开，是连接部门内外、承上启下的关键节点。邮件撰写极其规范，频繁使用'以此为准'强调版本准确性，并通过明确的截止时间（如'请于今天下班前'）推动任务执行，沟通风格直接、高效、严谨。情感分析显示邮件内容以中性、任务型为主，带有强烈的紧迫感和责任感。工作节奏全年处于高压状态，无明显淡季，是部门运作中不可或缺的行政骨干与可靠枢纽。建议在保持高效执行力的同时，可进一步优化多任务并行处理策略，以更好地平衡工作强度。,,,,,,,,,,,,100.0,25.0,智能应用一部,负责人,123.4361111,,,,,,,,,,7.0,,女员工、研究生学历、校招生、工龄中坚、科长、中加班、学习活跃、内训讲师、考勤问题严重、邮件高频用户、会议达人、跨部门广泛协作、部门_综合管理部,,数据安全与权限
64,顾小萍,综合管理部,综合管理组,女,20.0,研究生,东华大学,,,,2,综合管理,校园招聘,,,,,15,1,,,,2.739824074,1.0,1.0,14.0,39.0,6.0,0,0,0,0,0,0,,,,,,,,,,2025.0,综合管理部,"{""其他"": 91, ""日常事务协调"": 180, ""机构邮箱管理"": 280, ""会议组织与通知"": 320, ""培训与活动组织"": 90, ""材料报送与督办"": 210, ""行政审核与审批"": 450}","[""贺文军"", ""宋晓迪"", ""孙蕾"", ""杨晓彦"", ""机构邮箱"", ""卢易"", ""许阿云"", ""单曙兵"", ""顾恺"", ""胡申民"", ""于浩瀚"", ""张伟亮"", ""李焕彰"", ""武燕蓉"", ""杨青"", ""宋子夜"", ""王新"", ""吴证"", ""乐洋"", ""陈超""]","[""综合管理部"", ""数据开发部"", ""信息统计部"", ""数据平台部"", ""信息管理部"", """", ""智能创新部"", ""数据治理部"", ""总行"", ""上海开发测试中心"", ""苏州开发测试中心"", ""数据中心"", ""风险内控部"", ""债券交易部"", ""架构管理部"", ""创新业务部"", ""信贷与投资管理部"", ""项目管理部"", ""秘书部"", ""薪酬管理部""]",稳定、高负荷&流程驱动,"[""邮件收发量全年保持高位且分布稳定，工作负荷持续饱满。"", ""紧急或需重点关注邮件（如'催办'、'重要'、'提醒'类）在各季度均有稳定数量，体现持续的任务跟进压力。"", ""标签邮件使用极为广泛且高度标准化（如'请审阅'、'会议通知'、'机构邮箱'等），体现了严谨的流程合规意识和出色的文档管理能力。"", ""工作重心高度聚焦于行政流程保障，核心职责（审核、会议、邮箱管理、材料督办）贯穿全年，节奏由内部行政周期和项目节点驱动。""]",顾小萍是综合管理部的员工。邮件收发数量全年保持高位且类型分布稳定，显示其作为行政支持核心角色的工作负荷持续饱满。邮件主题高度集中在‘请审阅’、‘会议通知’、‘审’、‘阅’、‘机构邮箱’等词汇，表明其核心工作围绕行政流程审核、会议组织协调、机构邮箱管理展开。全年‘催办’、‘重要’、‘提醒’等词频繁出现，反映出其岗位在材料报送、任务督办方面承担着重要推动职责。从季度关键词看，工作内容高度稳定，核心行政事务贯穿全年，同时穿插‘水手课堂’、‘船长讲堂’、‘智芯工程’、‘获奖通知’等培训、项目与文化活动组织。沟通网络紧密，根据邮件内容推断，与‘宋总’、‘卢总’等管理层，以及涉及‘机构邮箱’申请审批、‘会议’组织、‘材料报送’、‘实习生评价’、‘每日动态’汇报的各部门同事联系紧密。邮件撰写极为规范，标签邮件使用清晰、标准化，紧急或需跟进类邮件数量稳定。总体而言，顾小萍是一名严谨、高效、责任心强、注重流程与细节的综合行政支持专家，是保障部门日常顺畅运转、支撑关键任务按时推进的核心枢纽。建议在持续发挥卓越执行力的基础上，可尝试从流程执行者向优化建议者角色延伸，主动思考并简化非核心环节，提升整体协同效率。,,,,,,,,,,,,,6.0,综合管理部,综合管理组,119.2375,,,,,,,,,,19.0,,女员工、研究生学历、校招生、工龄资深、高加班、学习积极分子、高强度工作、流程导向型、邮件高频用户、会议达人、邮件流程审批型、跨部门广泛协作、部门_综合管理部、岗位经历丰富,,业务系统建设
65,武燕蓉,综合管理部,综合管理组,女,31.0,大学本科,上海工程技术大学,,,,2,综合管理,校园招聘,,,,24风雨同舟/24数据文化优秀贡献者,12,0,,,,0.812783333,0.0,42.0,7.0,1.0,0.0,0,0,0,0,0,0,,,,,,,,,,2025.0,综合管理部,"{""其他"": 35, ""培训与学习"": 48, ""招聘与面试"": 120, ""党务与会议通知"": 65, ""数据管理与应用"": 52, ""活动组织与宣传"": 78, ""流程与制度通知"": 42, ""预算与费用管理"": 85}","[""杨晓彦"", ""顾小萍"", ""宋子夜"", ""许阿云"", ""卢易"", ""宋晓迪"", ""单曙兵"", ""李焕彰"", ""胡超亭"", ""胡申民"", ""曹婉茹"", ""刘燕玲"", ""王枫"", ""杨陆"", ""郭庆睿"", ""姚蜜"", ""孙菡悦"", ""陆应佳玥"", ""李小萌"", ""李瑞敏""]","[""数据开发部"", ""综合管理部"", ""数据平台部"", ""信息管理部"", ""信息统计部"", ""智能创新部"", ""数据治理部"", ""总行"", """", ""风险内控部"", ""苏州开发测试中心"", ""债券交易部"", ""创新业务部"", ""招聘管理部"", ""信贷与投资管理部"", ""本部"", ""成本管理部"", ""数据管理与应用部"", ""行长室"", ""项目管理部""]",多任务并行&周期性驱动,"[""邮件类型分布显示，工作重心高度集中在‘招聘与面试’、‘预算与费用管理’和‘活动组织与宣传’三大核心领域。"", ""关键词季度趋势显示，'招聘'、'校招'、'面试'等词全年高频出现，其中<strong>三季度</strong>达到峰值，与校园招聘季高度吻合。"", ""'预算'、'费用'、'编制'等词在<strong>一季度</strong>和<strong>四季度</strong>更为突出，反映了年度预算编制与结算的周期性工作节奏。"", ""'活动'、'通知'、'方案'、'党支部'等词全年稳定出现，体现了党务、会议及活动组织等常规支持工作的持续性。""]",武燕蓉是综合管理部的员工。邮件类型分布清晰地勾勒出其多面手角色，核心工作围绕‘招聘与面试’、‘预算与费用管理’、‘活动组织与宣传’和‘党务与会议通知’四大板块展开，覆盖了人力资源、财务、行政和党务等综合职能。邮件撰写‘规范严谨，主题清晰，标签使用得当’。从季度关键词云看，工作节奏具有明显的周期性：一季度侧重预算启动与年初活动（如新春、迎新）；二、三季度聚焦招聘全流程（校招、宣讲、面试、笔试、入职），并在三季度达到高峰；四季度则转向预算编制、年度总结与收尾工作。关键词如‘安排’、‘方案’、‘通知’、‘清单’高频出现，印证了其‘积极主动，注重协作与跟进’的沟通风格和‘条理清晰’的工作方式。其工作网络广泛，作为综合协调者，预计与人力资源部（招聘）、财务部（预算）、各业务部门（活动支持）、党组织（党务）等多个内部部门联系紧密。总体而言，武燕蓉是一名‘执行力强、责任心重’的可靠运营保障者，擅长处理多线程的行政与支持事务。建议可‘进一步优化时间管理，提升在高强度多任务并行下的优先级处理能力’.,,,,,,,,,,,,,0.0,综合管理部,综合管理组,23.91083333,,,,,,,,,,30.0,,女员工、本科学历、校招生、工龄资深、低加班、无深夜加班、学习活跃、考勤全勤、跨部门广泛协作、部门_综合管理部、岗位经历丰富,,数据平台与运维
66,胡超亭,综合管理部,综合管理组,女,5.0,研究生,华东理工大学,,,,1,综合管理,校园招聘,,,,,16,8,2.0,,,1.993691756,0.0,3.0,36.0,21.0,2.0,0,0,0,0,0,0,,,,,,,,,,2025.0,综合管理部,"{""其他"": 42, ""制度管理"": 75, ""数据治理"": 68, ""监管报送"": 95, ""项目管理"": 35, ""会议与沟通"": 48, ""审计与合规"": 180, ""风险与内控"": 52}","[""杨晓彦"", ""宋晓迪"", ""贺文军"", ""单曙兵"", ""宋子夜"", ""庄家宙"", ""卢易"", ""顾恺"", ""吴证"", ""米俊文"", ""乐洋"", ""张伟亮"", ""白迪"", ""杨青"", ""顾小萍"", ""李焕彰"", ""陈超"", ""方晴"", ""王新"", ""胡申民""]","[""数据开发部"", ""综合管理部"", ""数据平台部"", ""信息统计部"", ""信息管理部"", ""智能创新部"", ""数据治理部"", """", ""总行"", ""苏州开发测试中心"", ""上海开发测试中心"", ""风险内控部"", ""创新业务部"", ""债券交易部"", ""内控安全部"", ""信贷与投资管理部"", ""数据中心"", ""合规管理部"", ""上海审计中心"", ""信息科技审计部""]",合规驱动&持续高压,"[""邮件收发量全年保持高位，工作强度持续且稳定。"", ""邮件主题高度聚焦于‘审计’、‘合规’、‘整改’、‘考核’、‘监管’等核心领域，显示出以合规审计为轴心的强周期性工作。"", ""紧急邮件情况：'审计'、'整改'、'监管'等关键词高频出现，暗示与监管要求、审计发现相关的邮件时效性要求高，工作节奏常被外部审计与监管报送截止日期驱动。"", ""标签邮件使用情况：邮件分类清晰，'审计与合规'、'监管报送'、'制度管理'、'数据治理'等标签使用规范且频繁，体现了严谨的邮件管理和归档习惯。"", ""工作重心全年围绕合规审计主线，第四季度'考核'、'总结'、'年度'等词频上升，显示年末考核与总结复盘的工作节奏。""]",胡超亭是综合管理部的员工，岗位信息暂缺。邮件收发数量全年保持高位，工作节奏持续紧凑，核心工作高度聚焦于审计合规、监管报送、制度管理和数据治理等领域。邮件主题词云显示，‘审计’、‘合规’、‘整改’、‘考核’、‘监管’、‘数据’、‘制度’、‘风险’、‘治理’等词汇贯穿全年，季度间略有侧重：一季度侧重‘评估’、‘计划’与启动；二季度出现‘安全’、‘检查’、‘事实确认书’等具体执行词汇；三季度‘项目’、‘访谈’、‘征信’等词出现，显示工作范围拓展；四季度‘考核’、‘总结’、‘年度’词频上升，进入复盘与规划阶段。邮件撰写规范严谨，主题明确，常使用标准化标签和分类，沟通风格以正式、高效为主，注重时效性和任务闭环。工作涉及大量跨部门协调和外部监管对接，展现出较强的组织协调能力和责任意识。总体而言，胡超亭是一名专业严谨、风险意识强、擅长合规管理与跨部门协作的核心员工，是部门合规审计工作的中坚力量。建议可进一步优化邮件沟通的简洁性，并加强前瞻性规划能力，从被动响应转向主动管理。,,,,,,,,,,,,96.0,11.0,综合管理部,综合管理组,97.05194444,,,,,,,,,,4.0,,女员工、研究生学历、校招生、工龄成长型、中加班、学习积极分子、内训讲师、知识库活跃、考勤需关注、跨部门广泛协作、部门_综合管理部、征信合规、数据治理,,数据治理与合规、数据安全与权限
67,宋子夜,综合管理部,综合管理组,女,4.0,研究生,东南大学,,,,1,综合管理,校园招聘,,,,,12,2,1.0,,,2.239444444,1.0,7.0,23.0,30.0,3.0,0,0,0,0,0,0,,,,,,,,,,2025.0,综合管理部,"{""其他"": 120, ""人力资源管理"": 110, ""会议与活动组织"": 180, ""合规与风险控制"": 130, ""数据与科技管理"": 160, ""行政与后勤支持"": 90, ""外包与供应商管理"": 220, ""项目管理与流程优化"": 190}","[""杨晓彦"", ""陈超"", ""顾恺"", ""米俊文"", ""吴证"", ""乐洋"", ""卢易"", ""白迪"", ""姜敏华"", ""张冰"", ""胡彬彬"", ""王辉"", ""喻成侠"", ""袁蜜"", ""李明"", ""李焕彰"", ""林沛文"", ""盛美伦"", ""周文"", ""李子晨""]","[""上海开发测试中心"", ""综合管理部"", ""数据开发部"", ""数据平台部"", ""信息管理部"", ""数据中心"", ""信息统计部"", ""智能创新部"", ""苏州开发测试中心"", ""数据治理部"", """", ""总行"", ""项目管理部"", ""架构管理部"", ""内控安全部"", ""风险内控部"", ""金融科技创新实验室"", ""金融科技部"", ""债券交易部"", ""领导""]",稳定增长&综合驱动,"[""全年邮件收发量稳步增长，'外包'、'发包'、'会议'、'数据部'等核心关键词的提及频次在四个季度中均呈现持续上升趋势。"", ""紧急邮件情况未在提供数据中直接体现，但'申请'、'审批'、'考核'、'需求'等高频词暗示了流程驱动和时效性要求高的工作节奏。"", ""标签邮件使用规范且广泛，覆盖'外包与供应商管理'、'项目管理与流程优化'、'会议与活动组织'等主要工作领域，体现了严谨的邮件管理习惯。"", ""工作重心全年聚焦于'外包管理'与'项目管理'，并在第四季度出现'预算'、'规划'等词汇，显示出向年度总结与来年规划过渡的工作节奏。""]",宋子夜是综合管理部的员工。邮件收发总量稳定，工作内容全面且贯穿全年。邮件主题高度集中在‘外包’、‘发包’、‘会议’、‘数据部’、‘管理’、‘申请’、‘审批’等词汇，表明其核心职责是综合性的外包与供应商管理、会议组织、跨部门流程协调与审批。‘数据部’作为高频外部部门词，以及‘数据与科技管理’作为重要邮件类型，显示其与数据部门联系极为紧密。‘人力’、‘考核’、‘项目’等词的出现，印证了其在人力资源协调、绩效考核和项目管理方面承担重要角色。从季度看，核心工作主题持续深化，并在第四季度引入‘预算’、‘规划’，工作节奏从日常运营管理向年度战略规划过渡。邮件撰写‘规范严谨，主题明确，标签使用规范’。沟通风格‘积极主动，注重协作与跟进’。工作网络以内外部供应商管理、数据科技部门及内部各业务部门的流程协作为核心。总体而言，宋子夜是一名执行力强、细致周到、沟通协调能力突出的综合事务管理者，擅长处理复杂、多线程的工作。建议可‘进一步深化对业务领域的理解，提升战略规划能力’，并‘加强跨部门协同的深度与广度’。,,,,,,,,,,,,98.0,0.0,综合管理部,综合管理组,115.6163889,,,,,,,,,,3.0,,女员工、研究生学历、校招生、工龄成长型、中加班、学习活跃、内训讲师、考勤全勤、邮件高频用户、会议达人、跨部门广泛协作、部门_综合管理部、项目管理,,数据平台与运维、项目管理与需求
68,马亦沁,综合管理部,测试管理组,女,3.0,大学本科,上海大学,,,,1,数据测试,校园招聘,,,,24技术能手,15,0,,,,1.588663194,0.0,32.0,8.0,20.0,4.0,0,0,0,0,0,0,,,,,,,,,,2025.0,综合管理部,"{""其他"": 40, ""人力与团队管理"": 50, ""会议通知与纪要"": 320, ""文档与材料收集"": 120, ""测试日报与报告"": 450, ""系统集成与验收"": 90, ""缺陷与问题管理"": 150, ""项目协调与任务通知"": 280}","[""杨萍"", ""黄哲睿"", ""顾恺"", ""陈世辉"", ""卢易"", ""丁晨"", ""兰昕蕾"", ""陆慧"", ""陈晨"", ""骆静龙"", ""陈笑轩"", ""周影"", ""林幸"", ""郑卞钰"", ""罗仁杰"", ""胡庆"", ""阮靖龙"", ""陈超"", ""钱磊"", ""李凯文""]","[""数据开发部"", ""上海开发测试中心"", ""苏州开发测试中心"", ""综合管理部"", ""数据平台部"", ""信息管理部"", ""信息统计部"", ""智能创新部"", """", ""数据中心"", ""数据治理部"", ""总行"", ""公司业务中台部"", ""零售与新兴业务中台部"", ""创新业务部"", ""系统与数据应用部"", ""风险内控部"", ""架构管理部"", ""债券交易部"", ""区域集中作业中心""]",项目驱动 & 高强度执行,"[""工作节奏与‘智芯三阶段’大型项目周期强绑定，前三季度工作负荷持续走高，<strong>三季度</strong>达到峰值。"", ""第四季度邮件关键词数量与类型显著减少，显示项目进入收尾或工作重心转移。"", ""邮件主题高度聚焦于‘测试’、‘数据’、‘日报’、‘验收’等核心流程，体现出以任务执行为主的强节奏模式。"", ""沟通网络紧密围绕项目上下游，协调与通知类邮件占比高，持续高强度协作。""]",马亦沁是综合管理部的员工，岗位信息暂缺。2025年，其邮件工作高度聚焦于大型技术项目（尤其是‘智芯三阶段’）的测试协调与管理。邮件类型以‘测试日报与报告’（450封）、‘会议通知与纪要’（320封）和‘项目协调与任务通知’（280封）为主，构成了其核心工作内容。从季度关键词演变看，前三季度工作重心明确集中在‘智芯三阶段’项目的测试执行、数据作业、日报跟踪、案例验收及与下游联调等环节，工作量在第三季度达到顶峰。第四季度关键词数量和范围明显收窄，‘智芯’项目相关词汇减少，出现了‘项目’、‘收集’、‘改造’、‘信用卡’等新主题，表明工作可能转向其他项目或收尾支持工作。其沟通风格严谨、任务驱动，邮件撰写规范，标签使用恰当，体现出强大的执行力和对复杂测试流程的细致把控能力。工作网络紧密围绕项目上下游，协调与通知频繁。优势在于责任心强、文档管理能力突出、能承受高压。建议后续可加强业务知识深度，从测试执行向测试策略设计延伸，并优化非工作时间的工作负荷以促进可持续发展。,,,,,,,,,,,,,12.0,数据测试部,测试管理组,42.86194444,数据测试部,5897.45,11.56,10.0,10.74503529,0.070498677,,,,2.0,,女员工、本科学历、校招生、工龄成长型、中加班、学习积极分子、考勤需关注、高强度工作、项目驱动型、邮件高频用户、会议达人、邮件项目管理型、跨部门广泛协作、部门_综合管理部、测试工程、项目管理、零售业务、文档流程,,系统测试与投产、项目管理与需求、业务系统建设
69,曹翔,综合管理部,测试管理组,女,1.0,研究生,上海海洋大学,,,,0,数据测试,校园招聘,,,,24研究与创新奖,15,2,,,,1.780728597,0.0,7.0,38.0,15.0,1.0,0,0,0,0,0,0,,,,,,,,,,2025.0,综合管理部,"{""其他"": 50, ""技术平台"": 85, ""测试管理"": 285, ""缺陷管理"": 180, ""面试安排"": 65, ""项目管理"": 220, ""会议与沟通"": 195, ""规范与通知"": 120}","[""杨萍"", ""曾敏锐"", ""杨青"", ""胡庆"", ""白迪"", ""周浩"", ""张倩"", ""卢易"", ""顾恺"", ""张放"", ""吴证"", ""钱磊"", ""喻成侠"", ""蒋书润"", ""陈世辉"", ""邹小芳"", ""黄哲睿"", ""马胤"", ""陈晨"", ""宋晓迪""]","[""数据开发部"", ""上海开发测试中心"", ""综合管理部"", ""数据平台部"", ""信息统计部"", ""信息管理部"", ""苏州开发测试中心"", """", ""智能创新部"", ""风险预警管理部"", ""数据治理部"", ""系统与数据应用部"", ""总行"", ""风险内控部"", ""架构管理部"", ""产品发展部"", ""创新业务部"", ""数据应用管理部"", ""计量与应用部"", ""债券交易部""]",任务驱动&多线程高效处理,"[""邮件收发全年保持高强度，类型分布均衡，'测试管理'、'项目管理'、'会议与沟通'和'缺陷管理'为主要工作载体。"", ""紧急邮件数据缺失，但从'日报'、'进度'、'风险'、'预警'等高频词推断，工作节奏与项目进度、问题闭环紧密相关，需实时跟进。"", ""标签邮件使用规范，'测试管理'、'缺陷管理'、'项目管理'等分类清晰，体现了系统性的工作管理习惯。"", ""工作重心随季度明显转移：一季度聚焦'慧信工程'与'征信'基础；二季度转向'智芯'与'数据'平台；三、四季度深度投入'RAD'、'规则'与'提测'验证。""]",曹翔是综合管理部的员工。邮件收发总量大且类型集中，'测试管理'、'项目管理'、'会议与沟通'和'缺陷管理'合计占比超过70%，表明其核心职责是测试流程管控、项目协调与跨团队沟通。关键词云显示，全年工作紧密围绕'测试'、'RAD'、'提测'、'数据'、'征信'、'规则'等核心业务展开。沟通风格'以任务驱动为主，注重进度反馈和问题闭环，频繁使用日报、周报等形式同步信息'，情感偏向中性、严谨、高效。工作网络广泛，通过'项目管理'、'测试管理'、'面试安排'与涉及'慧信工程'、'智芯'、'RAD规则引擎'、'征信'等多个业务线的开发、测试及项目团队保持紧密协作。工作节奏紧凑，随项目周期快速切换重心：从一季度的'慧信工程'与'征信'基础测试，到二季度的'智芯'与'数据'平台联调，再到三、四季度的'RAD规则'深度测试与'企业主'信号验证，展现了出色的多任务处理与业务适应能力。优势在于'对测试流程和项目管理有全面把控力，能够高效处理多线程任务，对业务细节保持高度敏感，工作责任心和执行力突出'。建议可参考总结中'进一步提升跨部门协同的主动性，加强技术方案的总结提炼能力，并在沟通中适当增加柔性表达'。,,,,,,,,,,,,,1.0,数据测试部,测试管理组,55.81111111,数据测试部,5941.63,11.65,10.0,10.11768235,0.131529412,,,,1.0,,女员工、研究生学历、校招生、工龄新手、中加班、学习积极分子、考勤良好、邮件高频用户、会议达人、邮件项目管理型、跨部门广泛协作、部门_综合管理部、征信合规、测试工程、项目管理,,数据治理与合规、系统测试与投产、项目管理与需求、业务系统建设
70,乐洋,综合管理部,项目管理团队,男,20.0,研究生,东华大学,,,,2,项目管理,社会招聘,,,,,9,0,1.0,,,3.029014757,1.0,11.0,10.0,25.0,18.0,0,0,0,0,0,0,,,,,,,,,,2025.0,综合管理部,"{""其他"": 420, ""会议与通知"": 1250, ""监管与合规"": 280, ""日常报告与跟进"": 720, ""材料审核与确认"": 850, ""流程与规范评审"": 680, ""资源与授权申请"": 350, ""项目与需求管理"": 980}","[""吴证"", ""顾恺"", ""卢易"", ""白迪"", ""贺文军"", ""李焕彰"", ""宋晓迪"", ""杨青"", ""陈超"", ""米俊文"", ""杨晓彦"", ""黄佳佳"", ""单曙兵"", ""胡申民"", ""王枫"", ""于浩瀚"", ""钱磊"", ""罗仁杰"", ""史朋飞"", ""杨萍""]","[""数据开发部"", ""综合管理部"", ""数据平台部"", ""上海开发测试中心"", ""信息管理部"", ""信息统计部"", """", ""智能创新部"", ""苏州开发测试中心"", ""数据治理部"", ""数据中心"", ""架构管理部"", ""项目管理部"", ""总行"", ""领导"", ""系统与数据应用部"", ""风险预警管理部"", ""内控安全部"", ""风险内控部"", ""创新业务部""]",高强度&流程驱动,"[""邮件类型以‘会议与通知’（1250封）和‘项目与需求管理’（980封）为主，显示其作为流程枢纽的核心角色。"", ""紧急邮件（关键词‘急’、‘紧急’）全年均有出现，尤其在‘一季度’和‘三季度’关键词中较为明显。"", ""标签邮件使用频繁，‘会议预告’、‘会签确认’、‘日报’、‘周报更新’等主题标签高频出现，体现了高度的结构化沟通习惯。"", ""工作重心全年围绕‘会议’、‘需求’、‘评审’、‘材料’、‘审核’等核心事务，四季度‘会议’、‘需求’、‘项目’相关词汇量显著增加，工作节奏可能进一步加快。""]",乐洋是综合管理部的员工，邮件收发数量巨大，全年工作节奏紧凑且高度流程化。邮件主题高度集中在‘会议’、‘需求’、‘评审’、‘材料’、‘审核’、‘会签’等词汇，表明其核心工作围绕项目管理、会议组织、流程审批与材料把关展开，是团队中不可或缺的沟通枢纽与质量守门人。从季度关键词看，全年工作焦点稳定，但四季度‘会议’、‘需求’、‘项目’相关词汇量激增，显示年末项目冲刺或规划期工作强度显著提升。联系紧密的部门/同事方面，关键词‘数据部’、‘科室’、‘外数项目’高频出现，表明与‘数据部’及相关业务‘科室’协作极为频繁，是其主要的工作网络节点。邮件撰写风格严谨规范，主题标签（如‘会议预告’、‘会签确认’、‘日报’）使用极为频繁，体现了对信息结构化、版本管理与任务跟进的极致追求。紧急邮件（含‘急’、‘紧急’关键词）全年分布，显示其工作中常需处理时效性强的任务。总体而言，乐洋是一名责任心强、执行力高、注重细节与规范的流程管理专家，擅长跨部门协调与项目推动。建议在保持现有高效输出的同时，可关注多任务优先级管理，以平衡紧急与重要事务。,,,,,,,,,,,,,1.0,综合管理部,负责人,173.8616667,,,,,,,,,,19.0,,男员工、研究生学历、社招员工、工龄资深、高加班、学习活跃、内训讲师、考勤良好、高强度工作、流程导向型、邮件高频用户、会议达人、邮件项目管理型、邮件流程审批型、跨部门广泛协作、部门_综合管理部、岗位经历丰富、项目管理、文档流程,,项目管理与需求
71,王枫,综合管理部,项目管理团队,男,10.0,大学本科,四川大学,,,,4,项目管理,校园招聘,,,,,14,0,,,,0.895100182,0.0,46.0,11.0,4.0,0.0,3,0,0,0,0,0,,,,,,,,,,2025.0,综合管理部,"{""其他"": 90, ""会议组织"": 380, ""项目管理"": 450, ""商务与采购"": 150, ""技术方案评审"": 320, ""党务与团队建设"": 120, ""制度建设与规范"": 180, ""资源申请与协调"": 280}","[""乐洋"", ""吴证"", ""史朋飞"", ""杨陆"", ""李焕彰"", ""曹婉茹"", ""米俊文"", ""黄佳佳"", ""陆雨欣"", ""单曙兵"", ""鞠爱宁"", ""白迪"", ""陆凯华"", ""王正超"", ""卢易"", ""顾恺"", ""任欣宇"", ""于璐"", ""周浩"", ""王萌萌""]","[""数据开发部"", ""数据平台部"", ""综合管理部"", ""信息管理部"", ""信息统计部"", ""智能创新部"", ""上海开发测试中心"", ""数据治理部"", ""数据中心"", ""总行"", """", ""苏州开发测试中心"", ""架构管理部"", ""项目管理部"", ""风险内控部"", ""创新业务部"", ""内控安全部"", ""债券交易部"", ""信贷与投资管理部"", ""领导""]",项目驱动&高强度协调,"[""邮件类型高度集中于‘项目管理’、‘会议组织’和‘技术方案评审’，合计占比超过70%，显示其核心职能为项目推进与多方协调。"", ""工作节奏与项目周期紧密绑定，关键词显示工作重心从一季度的‘外部数据治理与迁移’、‘定价流程数字化’等基础项目，逐步转移到二、三、四季度的‘分析圈客一体化’和‘数据试衣间平台’等核心数据平台项目。"", ""‘会议纪要’、‘资源规划表’、‘环境申请’、‘上线评审’等关键词贯穿全年，体现了贯穿项目全生命周期的标准化、流程化管理工作模式。"", ""邮件撰写‘规范严谨，主题明确，常使用标准标签进行分类’，展现了高效、条理清晰的沟通风格。""]",王枫是综合管理部的员工。其邮件收发高度聚焦于项目管理与协调，全年邮件主题中‘项目管理’、‘会议组织’、‘技术方案评审’、‘资源申请与协调’四类合计占比极高，清晰定义了其作为项目核心推动者的角色。工作节奏由重大项目驱动，关键词云显示其工作重心在2025年从一季度的多项基础性项目筹备，快速聚焦并持续投入到‘分析圈客一体化’和‘数据试衣间平台’两大核心数据平台项目的全生命周期管理中，贯穿了从架构评审、资源规划、测试部署到合同商务、投产上线的所有关键环节。沟通风格‘以事务性为导向，注重会议组织、纪要跟踪与多方协调’，邮件撰写‘规范严谨，主题明确’，展现了极强的执行力和条理性。其工作网络必然与‘架构管理委员会’、‘数据部’以及涉及‘商务’、‘采购’、‘测试’、‘部署’、‘安全’等多个技术及职能团队联系紧密，是跨部门协作的关键枢纽。优势在于‘项目管理的系统性与规范性，能够有效推动跨部门协作，确保项目关键节点落地’。建议在保持高效执行的基础上，‘进一步加强对业务价值的深度理解与呈现，提升战略性视角’，并‘适当增加创新性思考与前瞻性规划’。,,,,,,,,,,,,92.0,10.0,综合管理部,项目管理组,27.55944444,,,,,,,,,,9.0,,男员工、本科学历、校招生、工龄中坚、低加班、无深夜加班、项目负责人、学习积极分子、考勤需关注、高强度工作、项目驱动型、邮件高频用户、会议达人、邮件项目管理型、跨部门广泛协作、部门_综合管理部、岗位经历丰富、数据平台、架构设计、测试工程、项目管理,,数据平台与运维、系统测试与投产、架构设计与信创、项目管理与需求
72,刘召龙,综合管理部,项目管理团队,男,25.0,大学本科,上海大学,,,,1,项目管理,社会招聘,,,,,16,0,,,,0.593819444,0.0,8.0,4.0,0.0,0.0,5,5,0,0,0,0,,,,,,,,,,2025.0,综合管理部,"{""其他"": 50, ""会议沟通"": 210, ""项目管理"": 145, ""审计与合规"": 95, ""行政与通知"": 65, ""采购与商务"": 75, ""技术方案与需求"": 180, ""数据运维与支持"": 110}","[""王言哲"", ""嵇雅娟"", ""乐洋"", ""吴证"", ""张顺"", ""杨萍"", ""王子枫"", ""杨青"", ""吴小倩"", ""卢易"", ""刘梦颖"", ""康冉"", ""曾敏锐"", ""景丞"", ""张必歌"", ""于璐"", ""顾恺"", ""罗仁杰"", ""曹宁远"", ""陈超""]","[""上海开发测试中心"", ""数据开发部"", ""苏州开发测试中心"", ""数据平台部"", ""综合管理部"", ""信息管理部"", ""信息统计部"", ""智能创新部"", """", ""数据治理部"", ""总行"", ""数据中心"", ""架构管理部"", ""金融科技部"", ""系统与数据应用部"", ""数据应用管理部"", ""反洗钱管理部"", ""创新业务部"", ""信贷与投资管理部"", ""风险内控部""]",项目驱动 & 合规导向,"[""邮件收发量在<strong>前三季度</strong>持续处于高位，在<strong>三季度</strong>达到峰值，显示项目与合规工作节奏紧凑。"", ""工作重心全年围绕‘反洗钱’、‘项目’、‘审计’、‘技改’等核心主题，显示其职责的强合规与项目管理属性。"", ""从季度看，工作重心从一季度的‘需求’、‘评审’、‘周会’等前期规划，逐步转向二三季度的‘DataOps’、‘系统’、‘优化’、‘采购’等执行与优化阶段，四季度则侧重‘考核’、‘述职’、‘上线’等收尾与总结工作。"", ""邮件撰写‘规范严谨，主题明确，常使用标签分类’，体现了良好的工作习惯。"", ""沟通风格以‘正式、条理清晰为主，注重会议纪要和信息同步’，协作效率高。"", ""建议‘进一步优化非工作时间邮件发送频率，提升工作生活平衡’。""]",刘召龙是综合管理部的员工。邮件收发类型以‘会议沟通’(210封)、‘技术方案与需求’(180封)和‘项目管理’(145封)为主，表明其核心工作围绕项目协调、技术评审和会议组织展开。邮件主题高度集中在‘反洗钱’、‘项目’、‘审计’、‘技改’等词汇，显示其工作具有强烈的合规风控和项目管理双重属性。从季度关键词演变看，其工作重心随项目周期推进：一季度侧重‘需求’、‘评审’、‘规划’等前期工作；二、三季度深入‘DataOps’、‘系统’、‘优化’、‘采购’等执行与攻坚阶段；四季度则转向‘考核’、‘述职’、‘上线’等收尾与复盘工作，节奏清晰。邮件撰写‘规范严谨，主题明确，常使用标签分类，附件清单清晰’，沟通风格‘正式、条理清晰为主，注重会议纪要和信息同步’，体现了高度的专业性和责任心。作为部门业务骨干，其在‘反洗钱、审计等合规领域积累了深厚经验’，‘对复杂项目的统筹能力强，风险意识突出’。后续建议关注工作生活平衡，并拓展在数据治理等新兴技术领域的知识。,,,,,,,,,,,,90.0,6.0,综合管理部,项目管理组,87.15555556,,,,,,,,,,24.0,,男员工、本科学历、社招员工、工龄资深、低加班、无深夜加班、项目负责人、高频需求负责人、学习积极分子、项目驱动型、会议达人、邮件运维支持型、跨部门广泛协作、部门_综合管理部、项目管理、数据治理、风险模型,,数据治理与合规、系统测试与投产、项目管理与需求、数据安全与权限、风险模型与反欺诈
73,占桐,综合管理部,2025届校招,女,0.0,研究生,伦敦国王学院,,,,0,综合管理,校园招聘,,,,,6,0,,,,0.867702822,0.0,51.0,11.0,0.0,1.0,0,0,0,0,0,0,,,,,,,,,,2025.0,综合管理部,"{""其他"": 8, ""产品与货架管理"": 18, ""会议与培训通知"": 22, ""制度与流程规范"": 15, ""团队与活动组织"": 10, ""工作汇报与计划"": 28, ""系统与工具支持"": 12, ""项目课题与数据分析"": 35}","[""任若琳"", ""陈彦百"", ""沈子新"", ""舒宝龙"", ""孙菡悦"", ""施怡伶"", ""胡申民"", ""于中宝"", ""刘思言"", ""张文婉"", ""黄亦豪"", ""张峰"", ""杨晓彦"", ""许阿云"", ""李焕彰"", ""张子璐"", ""陆文捷"", ""王友轩"", ""李梦霄"", ""李响""]","[""数据开发部"", ""综合管理部"", ""信息管理部"", ""数据平台部"", ""智能创新部"", ""信息统计部"", ""数据治理部"", ""总行"", ""苏州开发测试中心"", """", ""上海开发测试中心"", ""债券交易部"", ""风险内控部"", ""创新业务部"", ""信贷与投资管理部"", ""零售业务部"", ""线上银行部"", ""客户经营部"", ""数据中心"", ""远程银行中心""]",课题驱动 & 多任务协同,"[""邮件类型以‘项目课题与数据分析’和‘工作汇报与计划’为主，合计占比超过50%，显示工作以项目推进和定期复盘为核心。"", ""工作节奏随季度项目主题变化：二季度聚焦‘货架’与‘分行’经营支持；三季度围绕‘极客大赛’与‘新行员’活动；四季度转向‘AI手机银行’研究与‘培训’组织。"", ""沟通网络广泛，与分行（如‘虹口’、‘市北’）及多个业务条线（产品、数据、技术）保持紧密协作。"", ""邮件撰写规范，主题清晰，能有效提炼工作要点，体现了‘细致严谨’的工作风格。""]",占桐是综合管理部的员工。邮件收发内容高度聚焦于‘项目课题与数据分析’、‘工作汇报与计划’及‘会议与培训通知’，展现出以课题推进和内部协作为核心的工作模式。季度关键词云清晰反映了其工作重心的演变：二季度深耕‘货架’、‘分行’数据经营与客户挖掘；三季度投入‘极客大赛’组织、‘新行员’培养及客户‘深度挖掘’；四季度则转向前沿技术研究（‘AI手机银行’、‘GraphRAG’）与年度总结（‘培训’、‘述职’、‘年终总结’）。沟通风格务实、协作性强，与分行（如‘虹口’、‘市北’）及产品、数据、技术等多个部门联系紧密，善于通过邮件同步进展和协调资源。工作节奏受项目周期驱动，多任务并行能力突出。优势在于执行力强、对数据敏感、跨部门沟通推动力佳。建议在保持现有优势的基础上，进一步提升系统性总结和前瞻性规划能力，将零散的项目经验沉淀为可复用的方法论。,,,,,,,,,,,,,0.0,智能应用一部,零售应用组,35.17527778,智能应用一部,4604.32,9.03,10.0,8.999988235,0.003323562,,,,0.0,,女员工、研究生学历、校招生、工龄新手、低加班、考勤全勤、跨部门广泛协作、部门_综合管理部、数据分析,46278,数据平台与运维、BI与数据分析、业务系统建设
74,陈彦百,综合管理部,2025届校招,男,0.0,研究生,澳大利亚国立大学,,,,0,综合管理,校园招聘,,,,,5,2,,,,0.942385362,0.0,45.0,15.0,2.0,1.0,0,0,0,0,0,0,,,,,,,,,,2025.0,综合管理部,"{""其他"": 56, ""内部管理流程"": 28, ""客户访前报告"": 38, ""会议与活动通知"": 67, ""系统与技术文档"": 18, ""项目与产品需求"": 21, ""新行员培训与汇报"": 42}","[""沈子新"", ""占桐"", ""任若琳"", ""刘思言"", ""舒宝龙"", ""施怡伶"", ""胡申民"", ""李焕彰"", ""邱玥"", ""李响"", ""杨晓彦"", ""杨婧"", ""孙菡悦"", ""许阿云"", ""祁鑫"", ""陆文捷"", ""李梦霄"", ""张峰"", ""王友轩"", ""黄亦豪""]","[""数据开发部"", ""综合管理部"", ""信息管理部"", ""数据平台部"", ""智能创新部"", ""信息统计部"", ""数据治理部"", ""总行"", ""苏州开发测试中心"", """", ""上海开发测试中心"", ""债券交易部"", ""风险内控部"", ""创新业务部"", ""信贷与投资管理部"", ""客户经营部"", ""数据中心"", ""市南分行"", ""远程银行中心"", ""数据应用管理部""]",适应成长 & 任务驱动,"[""邮件类型以'会议与活动通知'和'其他'类为主，表明日常工作以信息同步和常规任务处理为基础。"", ""'新行员培训与汇报'与'客户访前报告'是两大核心工作板块，体现了新员工的学习实践双轨制。"", ""工作节奏随季度逐步深化，从二季度的'新行员'、'培训'、'访前'等基础任务，过渡到三季度的'一页纸'、'数据'、'模型'等更专业的工作，四季度则出现'数字化'、'智能'、'知识'等转型词汇。"", ""关键词显示其工作具有明确的周期性，如'周报'、'工作日报'、'会议'、'通知'贯穿全年，支撑了稳定的日常工作节奏。""]",陈彦百是综合管理部的一名新行员。2025年，其邮件工作呈现出清晰的从学习适应到逐步深入实践的成长轨迹。邮件主题高度集中在'新行员培训与汇报'、'会议与活动通知'及'客户访前报告'，这精准对应了其作为新员工的核心职责：学习培训、信息同步与初步业务实践。关键词季度演变明显：二季度聚焦'新行员'、'培训'、'访前'等基础入门工作；三季度'一页纸'、'数据'、'模型'、'需求'等词频次显著提升，显示工作向标准化、数据化和项目支持深化；四季度出现'数字化'、'智能'、'知识'、'档案'等词汇，暗示其开始接触并参与部门的知识管理或数字化转型相关任务。邮件撰写规范，能根据工作内容使用标签分类。沟通风格正式，注重工作汇报与信息同步。作为新员工，其优势在于执行力强、工作细致、学习适应能力良好，能较好地完成上级交办的培训、报告、周报及项目支持等任务。后续建议在夯实业务基础的同时，可更主动地深化对数据应用和客户经营的理解，参与更具挑战性的项目以提升独立解决问题和推动落地的能力。,智能应用一部,算法工程,0.0,4.0,12.38138889,0.237777778,7.0,4.0,中级,96.0,,96.0,6.0,智能应用一部,对公应用组,32.89888889,智能应用一部,5766.35,11.31,10.0,4.999988235,0.557914391,,,,0.0,,男员工、研究生学历、校招生、工龄新手、低加班、技能考试高分、培训参与度高、跨部门广泛协作、部门_综合管理部,2701,未识别
75,任若琳,综合管理部,2025届校招,女,0.0,研究生,香港大学,,,,0,综合管理,校园招聘,,,,,6,2,,,,0.454034392,0.0,60.0,3.0,0.0,0.0,0,0,0,0,0,0,,,,,,,,,,2025.0,信息管理部,"{""其他"": 57, ""会议与沟通"": 18, ""数据与报表"": 38, ""流程与权限"": 22, ""项目与课题"": 45, ""分行支持与赋能"": 28, ""培训与新人管理"": 32}","[""占桐"", ""舒宝龙"", ""沈子新"", ""陈彦百"", ""施怡伶"", ""孙菡悦"", ""李焕彰"", ""张文婉"", ""胡申民"", ""刘思言"", ""杨晓彦"", ""陆应佳玥"", ""许阿云"", ""王璐珊"", ""张峰"", ""汪乐乐"", ""陆文捷"", ""李梦霄"", ""贾世林"", ""李响""]","[""数据开发部"", ""信息管理部"", ""综合管理部"", ""数据平台部"", ""智能创新部"", ""信息统计部"", ""数据治理部"", ""总行"", """", ""苏州开发测试中心"", ""上海开发测试中心"", ""债券交易部"", ""风险内控部"", ""创新业务部"", ""信贷与投资管理部"", ""零售业务部"", ""客户经营部"", ""数据中心"", ""公共邮箱组"", ""数据应用管理部""]",多线并行&季度聚焦,"[""邮件收发量在<strong>二季度</strong>和<strong>四季度</strong>显示出明确的主题聚焦，表明工作节奏受阶段性任务驱动。"", ""紧急邮件情况未在提供数据中体现。"", ""标签邮件情况未在提供数据中体现。"", ""工作重心随季度明显转移：<strong>二季度</strong>聚焦'新行员'与'培训'，<strong>三季度</strong>转向'极客大赛'与'AUM'分析，<strong>四季度</strong>则集中于'分行'与'赋能'。"", ""全年持续与'分行'及内部团队保持高频协作。""]",任若琳是信息管理部的员工。邮件收发类型以'其他'、'项目与课题'、'数据与报表'为主，显示其工作内容广泛且核心聚焦于数据项目与课题研究。关键词季度变化显著：二季度高频词为'新行员'、'工作日报'、'培训'，显示其承担了较多新人管理与日常事务性工作；三季度关键词转向'极客大赛'、'AUM'、'分行'、'课题'、'模型'，表明工作重心转移到创新竞赛、数据分析模型及课题研究上；四季度则以'分行'、'赋能'、'工作总结'、'模型'为核心，体现出对分行的支持赋能、年度总结及模型应用的深化。沟通风格务实，邮件撰写规范，主题清晰。工作网络紧密围绕'分行支持与赋能'及内部团队协作展开，展现出对业务需求的理解深入和执行细致。工作节奏表现为多线并行，且每个季度有明确的主题聚焦。优势在于数据驱动业务方面的良好潜力。后续建议可进一步强化在复杂项目中的统筹规划能力。,,,,,,,,,,,,54.0,5.0,机构服务团队,服务管理组,18.09055556,,,,,,,,,,0.0,,女员工、研究生学历、校招生、工龄新手、低加班、无深夜加班、跨部门广泛协作、部门_综合管理部、数据分析,,BI与数据分析
76,沈子新,综合管理部,2025届校招,女,0.0,研究生,南加州大学,,,,0,综合管理,校园招聘,,,,,5,3,,,,0.761496416,0.0,49.0,12.0,0.0,1.0,0,0,0,0,0,0,,,,,,,,,,2025.0,综合管理部,"{""其他"": 37, ""培训与会议"": 48, ""流程与制度"": 22, ""系统与权限"": 18, ""项目与需求"": 32, ""客户经营支持"": 28, ""工作汇报与总结"": 25}","[""陈彦百"", ""占桐"", ""任若琳"", ""舒宝龙"", ""施怡伶"", ""胡申民"", ""刘思言"", ""李焕彰"", ""汪乐乐"", ""杨晓彦"", ""许阿云"", ""陆文捷"", ""孙菡悦"", ""李梦霄"", ""李响"", ""陆应佳玥"", ""贾世林"", ""许天凝"", ""张峰"", ""黄亦豪""]","[""数据开发部"", ""综合管理部"", ""信息管理部"", ""数据平台部"", ""智能创新部"", ""信息统计部"", ""数据治理部"", ""总行"", ""苏州开发测试中心"", """", ""上海开发测试中心"", ""债券交易部"", ""风险内控部"", ""创新业务部"", ""信贷与投资管理部"", ""数据应用管理部"", ""客户经营部"", ""数据中心"", ""负债管理部"", ""市南分行""]",多线并行&赋能导向,"[""邮件收发量在<strong>二季度</strong>和<strong>三季度</strong>处于高位，与‘新行员’培养、‘一页纸’项目及‘极客大赛’等专项工作高峰期吻合。"", ""工作重心随季度明显变化：<strong>二季度</strong>聚焦‘新行员’入职与基础‘培训’；<strong>三季度</strong>深度参与‘一页纸’、‘极客大赛’等专项；<strong>四季度</strong>转向‘数字化档案’、‘年度总结’与‘转正考核’等收尾与规划工作。"", ""标签邮件使用广泛且稳定，‘培训与会议’、‘项目与需求’、‘客户经营支持’为主要标签，体现了规范的邮件管理和清晰的工作分类。"", ""邮件沟通高度聚焦具体任务（如‘工作日报’、‘周报’、‘材料’、‘通知’），体现出务实高效、以结果为导向的工作节奏。""]",沈子新是综合管理部的员工。邮件收发数量全年保持稳定活跃，工作内容高度聚焦于‘分行赋能’与‘客户经营支持’，深度参与‘新行员’培养与‘数字化档案’等专项项目。邮件主题在二季度围绕‘新行员’、‘培训’、‘CRM’、‘数据’展开，显示其在新员工入职支持与数据赋能方面的投入；三季度‘一页纸’、‘极客大赛’、‘客户’、‘访前’等词突出，表明其工作重心转向专项项目推进与客户经营流程优化；四季度则聚焦于‘数字化’、‘档案’、‘述职’、‘考核’、‘年度’总结等收尾与规划性工作。沟通网络以内部分行赋能和客户经营支持相关团队为主，与‘青浦支行’等分支机构联系紧密。邮件撰写规范，主题明确，能有效使用标签进行分类，沟通风格务实高效，邮件内容多围绕具体工作进展、需求沟通与问题解决展开，体现出以结果为导向的工作态度。优势在于能够同时处理多项任务，如客户经营分析、新员工指导与专项项目推进，且工作成果产出稳定。后续建议可进一步优化时间管理，在非工作时间减少邮件处理，并尝试在邮件沟通中增加更多前瞻性思考与策略建议，以提升工作的规划性与影响力。,智能应用一部,架构管理,0.0,0.0,11.08472222,0.589722222,8.0,2.0,中级,64.0,,64.0,0.0,智能应用一部,对公应用组,33.19472222,智能应用一部,5715.68,11.21,10.0,10.0,0.10793934,,,,4.0,,女员工、研究生学历、校招生、工龄新手、低加班、知识库活跃、培训参与度高、考勤全勤、跨部门广泛协作、部门_综合管理部、项目管理,45946,项目管理与需求、BI与数据分析
77,张雨轩,综合管理部,2025届校招,男,0.0,研究生,圣路易斯华盛顿大学,,,,0,轮岗培训,校园招聘,,,,,8,8,,,,1.833580247,0.0,17.0,20.0,25.0,1.0,0,0,0,0,0,0,,,,,,,,,,2025.0,综合管理部,"{""其他"": 40, ""工作汇报"": 120, ""会议与通知"": 65, ""培训与学习"": 85, ""系统与工具"": 50, ""项目与课题"": 95, ""客户经营与拓客"": 70, ""业务支持与数据核对"": 110}","[""胡承萱"", ""李焕彰"", ""俞振飞"", ""林子琪"", ""蒋嘉石"", ""韩统优"", ""施怡伶"", ""陈彦百"", ""占桐"", ""沈子新"", ""汪乐乐"", ""李瑞敏"", ""任若琳"", ""舒宝龙"", ""罗辰昊"", ""许阿云"", ""胡申民"", ""杨晓彦"", ""刘思言"", ""刘祎昕""]","[""信息管理部"", ""数据开发部"", ""综合管理部"", ""数据平台部"", ""信息统计部"", ""智能创新部"", ""数据治理部"", ""总行"", """", ""苏州开发测试中心"", ""上海开发测试中心"", ""风险预警管理部"", ""非零贷后与监控部"", ""信贷与投资管理部"", ""创新业务部"", ""债券交易部"", ""放款中心"", ""数据中心"", ""金融科技创新实验室"", ""市场三部""]",学习成长 & 业务拓展,"[""邮件收发总量可观，全年保持高频沟通，工作内容覆盖面广。"", ""紧急邮件信息未在提供数据中体现。"", ""标签邮件信息未在提供数据中体现。"", ""工作重心随季度变化明显：<strong>二季度</strong>聚焦新行员融入、数据作业与监测分析；<strong>三季度</strong>深化课题研究、数据自服务与流程梳理；<strong>四季度</strong>转向客户拓客、KYC规则与转正答辩。""]",张雨轩是综合管理部的员工。邮件收发总量可观，工作内容覆盖广泛，涉及日常工作报告、项目进度跟踪、数据核对分析、客户经营拓客及内部培训学习等多个方面。邮件撰写规范，主题清晰，能有效区分工作类型与优先级。沟通风格务实，注重任务执行与成果交付，在跨部门协作与项目推进中表现出较强的主动性和责任感。作为新行员，展现出良好的学习适应能力和成长潜力，积极参与各类培训与课题研究。从季度关键词看，工作重心随入职时间推移而演变：二季度作为新行员，聚焦于融入、日报、数据作业与风险监测；三季度深入课题研究、数据自服务与流程梳理；四季度转向客户经营、拓客规则与个人转正答辩。联系最紧密的同事和科室信息未在提供数据中体现。总体而言，张雨轩是一名执行力强、学习意愿高、沟通协作顺畅，具备较好数据分析与报告撰写基础的潜力人才。建议在保持现有工作细致度的基础上，进一步提升业务理解的深度与系统性，加强复杂项目的统筹规划能力，并注重经验沉淀与方法论总结。,智能应用一部,算法工程,1.0,4.0,5.61,0.633611111,10.0,4.0,中级,96.0,,96.0,8.0,智能应用一部,对公应用组,14.08111111,智能应用一部,4885.15,9.58,10.0,10.76470588,0.123664497,,,,,,男员工、研究生学历、校招生、工龄新手、中加班、技能考试高分、学习活跃、知识库活跃、培训参与度高、考勤需关注、跨部门广泛协作、部门_综合管理部、项目管理、数据分析,71,项目管理与需求、BI与数据分析、风险模型与反欺诈
78,温皓文,综合管理部,2025届校招,男,0.0,,,,,,0,轮岗培训,校园招聘,,,,,10,1,,,,1.108723118,0.0,23.0,34.0,5.0,0.0,0,0,0,0,0,0,,,,,,,,,,,,,,,,,,,,,,,,,,,,,,,,,,,,,,,,,,,,,男员工、校招生、工龄新手、无深夜加班、学习活跃、部门_综合管理部,,未识别
79,朱嘉玮,综合管理部,2025届校招,男,0.0,,,,,,0,轮岗培训,校园招聘,,,,,8,1,,,,0.498239247,0.0,57.0,5.0,0.0,0.0,0,0,0,0,0,0,,,,,,,,,,2025.0,综合管理部,"{""其他"": 14, ""周报"": 21, ""会议通知"": 9, ""培训学习"": 10, ""行内事务通知"": 12, ""数据集成与模型"": 16, ""新人培养与座谈"": 8}","[""姚志环"", ""成绘茜"", ""顾恺"", ""姚陈潇"", ""温皓文"", ""吕晶"", ""陈睿菁"", ""杨青"", ""兰昕蕾"", ""黄哲睿"", ""周影"", ""邹小芳"", ""陆慧"", ""马富强"", ""林幸"", ""窦博文"", ""袁凯"", ""骆静龙"", ""潘修滔"", ""廖宇杰""]","[""数据开发部"", ""综合管理部"", ""数据平台部"", ""智能创新部"", ""苏州开发测试中心"", ""信息管理部"", ""上海开发测试中心"", ""信息统计部"", ""数据治理部"", ""数据中心"", """", ""架构管理部"", ""债券交易部"", ""项目管理部"", ""领导"", ""金融科技创新实验室"", ""创新业务部"", ""数据应用管理部""]",常规性&计划驱动,"[""邮件类型以‘周报’、‘数据集成与模型’、‘行内事务通知’为主，体现了稳定的周期性汇报和专项工作节奏。"", ""工作重心在第三季度侧重于‘周报’、‘整合模型’和‘培训’等基础规范与学习事务。"", ""第四季度工作重心转向‘整合模型’、‘数据集成’、‘需求’和‘上线’等更具体的项目实施与交付阶段。"", ""邮件撰写规范，主题标签使用清晰，便于信息归类与追溯，工作条理性强。""]",朱嘉玮是综合管理部的员工。邮件收发内容聚焦于数据整合模型、周报汇报及新人培养相关事务，展现出较强的规范性和计划性。邮件撰写规范，主题标签使用清晰，便于信息归类与追溯。沟通风格以任务和通知为导向，注重信息传递的准确性和时效性。从关键词云看，第三季度工作围绕‘周报’、‘整合模型’、‘培训’、‘规范’等基础性、学习性事务展开；第四季度则更侧重于‘整合模型’、‘数据集成’、‘需求’、‘上线’、‘测试’等具体的项目执行与交付环节，工作重心随项目周期自然深化。优势在于工作条理清晰，能较好地处理常规性、周期性的工作任务，并对数据治理和新人培养体系有一定参与度。提升方向可侧重于深化专业领域知识输出，以及在项目协同中展现更强的主动策划能力。,智能应用一部,算法工程,1.0,1.0,6.376666667,0.0,5.0,4.0,中级,94.0,,94.0,2.0,智能应用一部,零售应用组,13.84027778,智能应用一部,4968.37,9.74,9.0,10.0,0.026694045,,,,,,男员工、校招生、工龄新手、低加班、无深夜加班、技能考试高分、学习活跃、考勤良好、跨部门广泛协作、部门_综合管理部、数据开发、测试工程、数据治理,8176,数据开发与ETL、数据建模与数仓、数据治理与合规、系统测试与投产
80,吕晶,综合管理部,2025届校招,女,0.0,,,,,,0,轮岗培训,校园招聘,,,,,10,6,,,,0.550595878,0.0,58.0,3.0,1.0,0.0,0,0,0,0,0,0,,,,,,,,,,2025.0,综合管理部,"{""其他"": 15, ""周报月报"": 12, ""会议与通知"": 21, ""整合模型相关"": 22, ""平台账号与工具"": 6, ""数据集成与需求"": 17, ""新人培训与学习"": 18}","[""陆慧"", ""成绘茜"", ""姚陈潇"", ""温皓文"", ""朱嘉玮"", ""陈睿菁"", ""顾恺"", ""兰昕蕾"", ""姚志环"", ""马富强"", ""黄哲睿"", ""邹小芳"", ""周影"", ""李凯文"", ""罗仁杰"", ""王萌萌"", ""林幸"", ""窦博文"", ""潘修滔"", ""杨青""]","[""数据开发部"", ""综合管理部"", ""苏州开发测试中心"", ""上海开发测试中心"", ""数据平台部"", ""智能创新部"", ""信息管理部"", """", ""营业室"", ""零售与新兴业务中台部"", ""数据中心"", ""数据治理部"", ""信息统计部"", ""业务运营中心"", ""金融科技创新实验室"", ""债券交易部"", ""公共邮箱组"", ""私人银行与财富管理部"", ""本部"", ""宁波分行""]",学习融入与项目参与,"[""邮件收发量在<strong>三季度和四季度</strong>保持稳定，显示作为新员工已快速融入并承担常规工作。"", ""紧急邮件情况未在提供数据中体现。"", ""标签邮件使用规范，能使用清晰标签对主题进行分类，体现了良好的工作条理性和规范性。"", ""工作重心从三季度的‘新人培训’向四季度的‘整合模型与数据需求’明显转移，反映了从学习到项目实践的成长路径。""]",吕晶是综合管理部的新行员。邮件收发类型以‘整合模型相关’、‘会议与通知’及‘新人培训与学习’为主，反映出其工作核心是参与重点项目、跟进会议与完成新人阶段的学习任务。邮件撰写规范，能使用清晰标签对主题进行分类。沟通风格以‘接收通知和参与会议讨论为主，主动发起特定主题的会议邀约’。从关键词看，三季度聚焦‘新人’、‘培训’、‘学习’等，四季度则深度参与‘整合模型’、‘需求’、‘数据’等具体项目工作，显示其已顺利从学习阶段过渡到项目实践阶段。优势在于‘学习跟进及时，对培训内容和项目要求响应迅速，工作条理性较好’。提升方向在于‘鼓励员工在熟悉业务基础上，更主动地发起跨部门协作沟通，深入参与复杂数据需求的分析与解决方案设计’，并‘培养独立承担专项任务的能力，以及在技术讨论中提出更具建设性的意见’。,,,,,,,,,,,,88.0,0.0,智能应用一部,零售应用组,38.14194444,智能应用一部,5828.88,11.43,10.0,9.941176471,0.130255777,,,,,,女员工、校招生、工龄新手、低加班、无深夜加班、学习活跃、知识库活跃、考勤全勤、跨部门广泛协作、部门_综合管理部,,数据建模与数仓、项目管理与需求
81,刘雅雯,综合管理部,2025届校招,女,0.0,,,,,,0,轮岗培训,校园招聘,,,,,13,13,,,,0.552147266,0.0,59.0,3.0,1.0,0.0,0,0,0,0,0,0,,,,,,,,,,2025.0,综合管理部,"{""其他"": 20, ""党建工作"": 15, ""日常行政"": 8, ""赋能分行"": 12, ""培训与学习"": 11, ""孵化器项目"": 25, ""数据需求与报表"": 18}","[""朱宇畅"", ""宛蕾"", ""舒宝龙"", ""刘思言"", ""宋轲"", ""李小萌"", ""张漫"", ""成绘茜"", ""孙菡悦"", ""张雨轩"", ""姚陈潇"", ""陈彦百"", ""廖宇杰"", ""陆应佳玥"", ""陈睿菁"", ""朱嘉玮"", ""占桐"", ""任若琳"", ""罗辰昊"", ""温皓文""]","[""综合管理部"", ""信息管理部"", ""数据平台部"", ""上海开发测试中心"", ""智能创新部"", ""苏州开发测试中心"", ""数据开发部"", ""信息统计部"", ""数据治理部"", """", ""数据中心"", ""数据管理与应用部"", ""架构管理部"", ""办公室"", ""债券交易部"", ""本部"", ""金融科技创新实验室"", ""项目管理部"", ""领导"", ""公司业务部""]",多线程&业务支持驱动,"[""邮件主题高度集中在‘孵化器’、‘数据’、‘需求’、‘支行’等词汇，显示工作核心围绕‘孵化器项目’、‘数据需求与报表’和‘赋能分行’三大板块展开。"", ""工作重心在三、四季度保持稳定，持续聚焦于‘孵化器’项目推进、数据需求处理和分行支持工作。"", ""邮件沟通务实高效，与‘支行’、‘分行’及数据需求方保持高频协作，展现出较强的跨部门协调能力。""]",刘雅雯是综合管理部的员工。2025年邮件收发主题高度集中在‘孵化器项目’、‘数据需求与报表’和‘党建工作’三大领域，其中‘孵化器项目’相关邮件数量最多，显示其深度参与该项目。关键词分析显示，其工作内容聚焦于项目协调（孵化器、项目）、数据支持（数据、需求、报表、汇总）和业务赋能（支行、分行、对公、客户）。从季度看，三、四季度工作重心稳定，持续围绕‘孵化器’项目推进、数据需求处理和分行支持展开，四季度‘需求’、‘对公’、‘客户’、‘报表’等词频次上升，反映出工作向更具体的业务数据应用和客户服务支持深化。沟通风格务实，邮件主题清晰，内容紧扣业务需求。作为团队中可靠的业务支持者，其优势在于执行力强、责任心重，能高效处理多线程任务。后续建议在提升数据洞察深度、加强跨部门项目主导力方面继续努力。,,,,,,,,,,,,52.0,2.0,机构服务团队,服务支持组,15.64416667,,,,,,,,,,,,女员工、校招生、工龄新手、低加班、无深夜加班、学习活跃、知识库活跃、考勤良好、跨部门广泛协作、部门_综合管理部、项目管理、数据分析、对公业务,,项目管理与需求、BI与数据分析、业务系统建设
82,成绘茜,综合管理部,2025届校招,女,0.0,,,,,,0,轮岗培训,校园招聘,,,,,17,20,,,,0.466012545,0.0,58.0,3.0,1.0,0.0,0,0,0,0,0,0,,,,,,,,,,2025.0,综合管理部,"{""其他"": 8, ""会议通知"": 11, ""党务活动"": 7, ""培训学习"": 12, ""工作汇报"": 16, ""行政事务"": 5, ""模型与数据"": 9}","[""姚陈潇"", ""邹小芳"", ""温皓文"", ""朱嘉玮"", ""吕晶"", ""陈睿菁"", ""马富强"", ""顾恺"", ""袁凯"", ""周影"", ""杨青"", ""陆慧"", ""黄哲睿"", ""姚志环"", ""张漫"", ""兰昕蕾"", ""刘雅雯"", ""窦博文"", ""林幸"", ""潘修滔""]","[""数据开发部"", ""综合管理部"", ""信息管理部"", ""数据平台部"", ""苏州开发测试中心"", ""上海开发测试中心"", ""智能创新部"", ""信息统计部"", ""数据治理部"", ""数据中心"", ""内控案防部"", """", ""数据管理与应用部"", ""架构管理部"", ""债券交易部"", ""项目管理部"", ""领导"", ""金融科技创新实验室"", ""公共邮箱组"", ""本部""]",任务导向&学习成长型,"[""邮件主题高度集中在‘整合模型’、‘数据’、‘周报’、‘培训’、‘会议’等词汇，表明工作围绕数据任务、日常汇报、学习培训及党务会议支持展开。"", ""从‘成绘茜’、‘周报’、‘培训’、‘作业’、‘新人’等高频词推断，工作节奏与个人汇报周期、新人培训周期及学习任务紧密相关。"", ""关键词从三季度到四季度，焦点从‘成绘茜’、‘周报’、‘培训’向‘整合模型’、‘数据’、‘逻辑梳理’、‘SQL’、‘财富产品’深化，显示工作重心从个人学习适应向具体数据模型任务和业务逻辑理解转移。"", ""沟通风格以接收和执行指令为主，主动发起沟通多涉及个人工作汇报与学习进展。""]",成绘茜是综合管理部的员工。邮件类型以‘工作汇报’、‘培训学习’、‘会议通知’为主，体现出较强的组织纪律性和学习成长性。邮件主题高度聚焦，三季度关键词‘成绘茜’、‘周报’、‘培训’、‘新人’表明其处于新人融入、学习汇报阶段；四季度关键词‘整合模型’、‘数据’、‘逻辑’、‘SQL’、‘财富产品’显示其工作深度已转向具体的数据模型任务和业务理解。沟通网络紧密围绕‘综合管理部’内部，协作内容涉及数据支持、党务活动及新人培训。邮件撰写规范，主题清晰。总体而言，成绘茜是一名工作细致、汇报及时、学习能力强、具备良好执行力和成长潜力的员工。建议后续可鼓励其更主动地参与跨部门项目讨论，提升在复杂数据模型业务逻辑梳理方面的深度思考与独立提案能力。,,,,,,,,,,,,86.0,2.0,机构服务团队,服务管理组,24.31055556,,,,,,,,,,,,女员工、校招生、工龄新手、低加班、无深夜加班、学习积极分子、知识库活跃、考勤良好、跨部门广泛协作、部门_综合管理部,,数据建模与数仓、数据库管理
83,罗辰昊,综合管理部,2025届校招,男,0.0,,,,,,0,轮岗培训,校园招聘,,,,,12,0,,,,0.982103175,0.0,40.0,18.0,3.0,2.0,0,0,0,0,0,0,,,,,,,,,,2025.0,综合管理部,"{""其他"": 11, ""工作汇报"": 15, ""会议与沟通"": 7, ""培训与学习"": 8, ""业务分析与报告"": 18, ""客户经营与线索"": 12, ""数据与权限申请"": 9}","[""俞振飞"", ""张雨轩"", ""胡承萱"", ""李焕彰"", ""汪乐乐"", ""韩统优"", ""蒋嘉石"", ""林子琪"", ""宛蕾"", ""姚陈潇"", ""温皓文"", ""廖宇杰"", ""刘雅雯"", ""李瑞敏"", ""朱宇畅"", ""陈睿菁"", ""成绘茜"", ""朱嘉玮"", ""吕晶"", ""张漫""]","[""综合管理部"", ""信息管理部"", ""数据开发部"", ""数据平台部"", ""上海开发测试中心"", ""苏州开发测试中心"", ""智能创新部"", """", ""信息统计部"", ""数据中心"", ""金融科技创新实验室"", ""数据应用管理部"", ""数字中台部"", ""数据治理部"", ""业务发展部"", ""市场一部"", ""综合部"", ""债券交易部"", ""公共邮箱组""]",任务导向 & 数据驱动,"[""邮件类型以‘业务分析与报告’（18封）和‘工作汇报’（15封）为主，显示出以任务交付和结果输出为核心的工作节奏。"", ""‘客户经营与线索’（12封）和‘数据与权限申请’（9封）邮件数量可观，表明工作节奏与前线业务支持和数据需求紧密联动。"", ""邮件撰写规范，主题清晰，常包含具体项目名称、版本号及日期，体现了稳定的文档管理和工作推进习惯。"", ""沟通以工作汇报、报告提交和业务协作为主，展现出较强的执行力和任务导向性。""]",罗辰昊是综合管理部的员工。邮件收发以业务分析与报告、工作汇报及客户经营支持为主，工作内容聚焦于业务数据分析、客户经营支持与流程优化。从关键词看，三季度工作重心在‘流程挖掘’、‘平台’、‘客户经理产能分析’和‘普惠’信贷等内部流程与效能提升项目；四季度则显著转向‘客户’、‘白玉支行’、‘科创’、‘线索经营’与‘旅程梳理’等具体客户经营与数据支持任务，显示出工作重心随业务周期从内部分析向外部支持迁移。邮件撰写规范，主题清晰，体现了良好的文档管理习惯。沟通风格务实，以工作汇报、报告提交和业务协作为主，展现出较强的执行力和任务导向。优势在于对业务细节和数据有较好的把握能力，能持续输出结构化的分析成果。后续可鼓励在跨部门协作中发挥更主动的沟通作用，进一步提升业务洞察的系统性和策略性。,,,,,,,,,,,,74.0,2.0,信息管理部,非零BP,45.62694444,,,,,,,,,,,,男员工、校招生、工龄新手、低加班、学习活跃、考勤良好、跨部门广泛协作、部门_综合管理部、数据分析、零售业务、文档流程,,项目管理与需求、BI与数据分析、业务系统建设
84,张漫,综合管理部,2025届校招,女,0.0,,,,,,0,轮岗培训,校园招聘,,,,,6,7,,,,0.736349206,0.0,49.0,11.0,2.0,1.0,0,0,0,0,0,0,,,,,,,,,,2025.0,综合管理部,"{""其他"": 6, ""会议与通知"": 15, ""党建与组织"": 9, ""周报与学习"": 25, ""培训与考试"": 12, ""项目与需求"": 18}","[""廖宇杰"", ""陈彦百"", ""沈子新"", ""占桐"", ""杨婧"", ""胡申民"", ""李响"", ""任若琳"", ""张镓奇"", ""李梦霄"", ""陆文捷"", ""赵家乐"", ""成绘茜"", ""崔建文"", ""祁鑫"", ""王友轩"", ""于中宝"", ""黄亦豪"", ""邱玥"", ""许天凝""]","[""综合管理部"", ""智能创新部"", ""苏州开发测试中心"", ""信息管理部"", ""数据平台部"", ""上海开发测试中心"", ""数据开发部"", ""信息统计部"", ""债券交易部"", ""数据治理部"", ""数据中心"", ""档案管理中心"", ""风险预警管理部"", ""数据管理与应用部"", ""架构管理部"", ""客户经营部"", ""系统与数据应用部"", ""消费者权益保护部"", """", ""金融科技创新实验室""]",学习与任务跟进型,"[""邮件收发以‘周报与学习’和‘项目与需求’类型为主，体现出日常学习汇报与项目支持并重的工作节奏。"", ""紧急邮件信息不足，但邮件主题明确且常使用标签进行分类，沟通规范有序。"", ""工作重心在三季度以‘培训’、‘周报’、‘作业’为主，四季度明显转向‘数字化’、‘档案’、‘建设’等项目管理与文档工作。"", ""作为新行员，积极参与培训与党建活动，工作节奏与学习成长阶段紧密相关。""]",张漫是综合管理部的员工。邮件收发类型分布显示其工作内容聚焦于数字化项目推进、日常学习培训与周报撰写。邮件撰写规范，主题明确，常使用标签进行分类。沟通风格以任务汇报和需求协作为主，与跨部门同事保持联系。作为新行员，积极参与培训、完成作业并承担项目支持工作，体现出主动学习和融入团队的态度。从关键词云看，三季度工作核心围绕‘周报’、‘学员’、‘培训’、‘作业’等学习与基础任务，四季度则转向‘档案’、‘数字化’、‘应用’、‘建设’等更具项目管理和文档整理特征的工作，显示出从学习适应到项目参与的成长轨迹。优势在于文档处理、需求理解与会议纪要整理。后续建议可加强项目主导与跨部门协调能力的锻炼，在邮件沟通中进一步提升观点提炼与总结能力，以更好地支持部门创新业务发展。,,,,,,,,,,,,,,,,,,,,,,,,,,,,女员工、校招生、工龄新手、低加班、知识库活跃、跨部门广泛协作、部门_综合管理部、项目管理,,项目管理与需求
85,宛蕾,综合管理部,2025届校招,女,0.0,,,,,,0,轮岗培训,校园招聘,,,,,11,0,,,,0.338028674,0.0,62.0,0.0,0.0,0.0,0,0,0,0,0,0,,,,,,,,,,2025.0,综合管理部,"{""其他"": 10, ""工作汇报"": 15, ""权限申请"": 4, ""会议与通知"": 7, ""培训与学习"": 8, ""数据需求与处理"": 12, ""项目与任务管理"": 6}","[""朱宇畅"", ""舒宝龙"", ""刘雅雯"", ""陆应佳玥"", ""李小萌"", ""张雨轩"", ""张文婉"", ""罗辰昊"", ""张漫"", ""姚陈潇"", ""陈睿菁"", ""成绘茜"", ""朱嘉玮"", ""陈彦百"", ""温皓文"", ""孙菡悦"", ""廖宇杰"", ""吕晶"", ""任若琳"", ""宋轲""]","[""综合管理部"", ""信息管理部"", ""数据开发部"", ""上海开发测试中心"", ""数据平台部"", ""苏州开发测试中心"", ""信息统计部"", ""智能创新部"", ""数据中心"", """", ""零售业务部"", ""数据治理部"", ""销售管理部"", ""经营企划部"", ""市场三部"", ""金融科技创新实验室"", ""秘书部"", ""行务信息部"", ""公共邮箱组"", ""办公室""]",任务驱动&持续跟进,"[""邮件主题聚焦于‘工作汇报’和‘数据需求与处理’，是主要工作内容。"", ""工作重心从三季度的‘手工数据线上化’、‘培训’、‘日周月报’等内部流程支持，向四季度的‘看板’、‘支行/分行数据支持’、‘贷款’、‘预警’等业务数据赋能转移。"", ""沟通以任务为导向，邮件规范清晰，注重信息的准确性与时效性。""]",宛蕾是综合管理部的员工。邮件内容高度集中在‘工作汇报’和‘数据需求与处理’，显示其核心职责是内部数据支持与行政协同。关键词分析表明，三季度工作重心在内部流程优化（如‘手工数据线上化’、‘培训’、‘日周月报’制作）和对‘总行’、‘南汇支行’的特定支持；四季度则明显转向对‘支行’、‘分行’的广泛业务数据赋能，涉及‘看板’开发、‘贷款’、‘预警’、‘潜力户’等具体业务场景。邮件撰写规范，主题清晰，常附具体文件名称与日期，沟通风格以任务驱动为主，注重信息传递的准确性与时效性。其工作网络紧密围绕分行数据需求展开，工作节奏稳定，能持续跟进多项并行任务，条理性强。优势在于对分行数据需求的理解与响应较为及时。后续可鼓励其进一步优化跨部门协作流程，提升在复杂项目中的主动协调与闭环管理能力。,,,,,,,,,,,,90.0,5.0,智能应用一部,零售应用组,19.58194445,智能应用一部,5665.02,11.11,10.0,9.0,0.189918992,,,,,,女员工、校招生、工龄新手、低加班、无深夜加班、学习活跃、跨部门广泛协作、部门_综合管理部,,BI与数据分析
86,姚陈潇,综合管理部,2025届校招,女,0.0,,,,,,0,轮岗培训,校园招聘,,,,,15,0,,,,0.550681004,0.0,58.0,2.0,1.0,1.0,0,0,0,0,0,0,,,,,,,,,,2025.0,综合管理部,"{""其他"": 8, ""会议相关"": 37, ""培训学习"": 16, ""工作汇报"": 15, ""通知与行政"": 12, ""业务需求与整合模型"": 35}","[""马富强"", ""成绘茜"", ""朱嘉玮"", ""温皓文"", ""吕晶"", ""陈睿菁"", ""顾恺"", ""邹小芳"", ""窦博文"", ""袁凯"", ""杨青"", ""罗仁杰"", ""黄哲睿"", ""胡庆"", ""林幸"", ""兰昕蕾"", ""姚志环"", ""陆慧"", ""周影"", ""骆静龙""]","[""数据开发部"", ""综合管理部"", ""数据平台部"", ""上海开发测试中心"", ""苏州开发测试中心"", ""智能创新部"", ""信息管理部"", ""计量与应用部"", ""数据治理部"", ""信息统计部"", ""数据中心"", ""内控案防部"", """", ""风险预警管理部"", ""架构管理部"", ""债券交易部"", ""金融科技创新实验室"", ""项目管理部"", ""领导"", ""信贷与投资管理部""]",任务驱动&协作导向,"[""邮件主题高度集中在‘整合模型’、‘需求’、‘会议’、‘周报’等词汇，表明工作节奏紧密围绕项目跟进与任务执行展开。"", ""从三季度到四季度，工作重心从‘培训’、‘新人’、‘周报’等日常与学习事务，明显转向‘整合模型’、‘需求’、‘FRM’、‘投产’等核心业务与项目实施，显示项目周期对工作节奏的主导作用。"", ""邮件撰写规范，能有效使用标签进行分类，体现了有条理的工作习惯。"", ""沟通以任务和协作为导向，积极参与团队学习与培训活动。""]",姚陈潇是综合管理部的员工。邮件收发内容高度聚焦于‘业务需求与整合模型’（35封）和‘会议相关’（37封），显示出其核心工作为数据整合模型相关的项目跟进、需求处理及跨部门会议协调。邮件类型分布表明其工作汇报及时，积极参与培训学习。关键词云显示，三季度工作围绕‘周报’、‘培训’、‘新人’等日常管理与学习活动展开；四季度则深度聚焦于‘整合模型’、‘需求’、‘FRM’、‘投产’等核心业务，工作重心随项目周期明显转移。沟通风格以任务和协作为导向，邮件撰写规范，主题清晰。其优势在于执行力强、工作汇报及时、团队协作意识良好。建议后续可鼓励其在业务理解深度与主动性方面进一步提升，发挥其细致、有条理的优势，加强在复杂项目中的独立分析与方案建议能力。,,,,,,,,,,,,60.0,3.0,信息统计部,风险BP,26.77666667,,,,,,,,,,,,女员工、校招生、工龄新手、低加班、学习积极分子、考勤良好、协作型工作风格、跨部门广泛协作、部门_综合管理部,,数据建模与数仓、系统测试与投产
87,朱宇畅,综合管理部,2025届校招,女,0.0,,,,,,0,轮岗培训,校园招聘,,,,,13,19,,,,1.021666667,0.0,50.0,5.0,3.0,1.0,0,0,0,0,0,0,,,,,,,,,,2025.0,综合管理部,"{""其他"": 9, ""工作周报"": 10, ""会议与培训"": 7, ""极客大赛相关"": 5, ""产品货架与客户模型"": 6, ""分行视图与数据需求"": 12, ""手工数据报送线上化"": 8}","[""宛蕾"", ""李小萌"", ""刘雅雯"", ""舒宝龙"", ""孙菡悦"", ""陆应佳玥"", ""张雨轩"", ""张漫"", ""陈睿菁"", ""成绘茜"", ""朱嘉玮"", ""姚陈潇"", ""陈彦百"", ""廖宇杰"", ""占桐"", ""沈子新"", ""罗辰昊"", ""温皓文"", ""任若琳"", ""吕晶""]","[""综合管理部"", ""信息管理部"", ""数据平台部"", ""上海开发测试中心"", ""数据开发部"", ""智能创新部"", ""苏州开发测试中心"", """", ""信息统计部"", ""数据中心"", ""数据治理部"", ""数据应用管理部"", ""架构管理部"", ""债券交易部"", ""秘书部"", ""办公室"", ""金融科技创新实验室"", ""项目管理部"", ""计划财务部"", ""领导""]",需求驱动 & 流程导向,"[""邮件主题高度集中在'分行视图与数据需求'及'手工数据报送线上化'，表明工作以响应分行数据需求、推动流程优化为核心。"", ""邮件撰写'较为规范，主题清晰，常使用标签进行分类'，体现了良好的工作条理性和沟通习惯。"", ""工作内容稳定，'能较好地处理多项并行任务'，显示出平稳且持续的工作节奏。"", ""关键词显示，三季度聚焦于'报送'、'进度'、'追踪'等流程执行，四季度转向'客户'、'模型'、'货架'等产品与方案，工作重心随项目阶段自然演进。""]",朱宇畅是综合管理部的员工。邮件收发以'分行视图与数据需求'和'工作周报'为主，工作核心是'围绕分行数据服务支持展开'，包括视图维护、报送流程线上化、客户模型管理等。邮件'常使用标签进行分类'，沟通风格'以事务性协作为主，注重流程跟进与问题反馈'。关键词云显示，三季度高频词为'分行'、'视图'、'手工'、'数据'、'报送'，聚焦于数据需求响应与流程执行；四季度高频词为'分行'、'视图'、'数据'、'客户'、'授权'、'模型'，工作重心向客户模型、产品货架及授权管理等更深层次的数据应用与服务倾斜。'优势在于对分行数据需求的响应及时，工作条理性强'。建议'可鼓励其在跨部门项目中更主动地发挥协调与推动作用，提升复杂需求的梳理与方案设计能力'。,,,,,,,,,,,,90.0,0.0,信息统计部,风险BP,66.45972222,,,,,,,,,,,,女员工、校招生、工龄新手、学习活跃、知识库活跃、考勤全勤、流程导向型、跨部门广泛协作、部门_综合管理部,,项目管理与需求
88,廖宇杰,综合管理部,2025届校招,男,0.0,,,,,,0,轮岗培训,校园招聘,,,,,4,1,,,,0.959380692,0.0,45.0,12.0,1.0,3.0,0,0,0,0,0,0,,,,,,,,,,2025.0,综合管理部,"{""其他"": 5, ""培训与学习"": 15, ""周报日报月报"": 20, ""会议通知与纪要"": 12, ""系统与平台操作"": 8, ""项目与任务工作"": 6}","[""张漫"", ""陈彦百"", ""占桐"", ""沈子新"", ""李梦霄"", ""邱玥"", ""胡申民"", ""任若琳"", ""杨婧"", ""陆文捷"", ""李响"", ""蒋捷"", ""于中宝"", ""贾世林"", ""崔建文"", ""于俊杰"", ""刘晓丹"", ""王友轩"", ""张子璐"", ""张镓奇""]","[""综合管理部"", ""智能创新部"", ""苏州开发测试中心"", ""数据平台部"", ""信息管理部"", ""上海开发测试中心"", ""数据开发部"", ""债券交易部"", ""信息统计部"", ""数据中心"", ""数据治理部"", """", ""架构管理部"", ""金融科技创新实验室"", ""总行"", ""项目管理部"", ""档案管理中心"", ""领导"", ""公共邮箱组"", ""平阳支行""]",常规稳定&任务驱动,"[""邮件主题高度集中在‘周报’、‘日报’、‘月报’、‘培训’等词汇，显示出规律性的报告与学习任务构成了工作主基调。"", ""工作重心在第三季度偏向‘培训学习’与‘系统平台’支持，第四季度则转向‘档案数字化’、‘辅助检查’及‘部门年终述职’等年终总结性事务。"", ""邮件撰写规范，主题清晰，沟通风格以工作汇报和任务确认为主，体现出良好的执行力。""]",廖宇杰是综合管理部的员工。邮件收发数量稳定，工作内容高度聚焦于日常工作报告（周报/日报/月报）、培训任务执行、会议组织以及系统平台支持。邮件主题关键词显示，三季度工作围绕‘培训’、‘作业’、‘系统平台’（如开源算法平台、测试环境）展开，体现出对新知识、新工具的跟进与支持角色；四季度工作重心转向‘档案数字化’、‘辅助检查’及‘部门年终述职’等年度总结与收尾工作。沟通网络以内部团队及跨部门协作为主，邮件撰写规范，主题清晰，沟通风格正式、务实，以任务确认和工作汇报为核心。该员工展现出细致、执行力强、能按时保质完成各项安排的优势。后续建议在完成常规任务的基础上，可加强主动性沟通与创新性工作思考，尝试提出优化建议。,,,,,,,,,,,,42.0,0.0,智能平台部,平台研发组,48.75305556,智能平台部,6128.8,12.02,10.0,1.0,0.916805324,,,,,,男员工、校招生、工龄新手、低加班、考勤全勤、跨部门广泛协作、部门_综合管理部、AI算法、测试工程,,数据平台与运维、系统测试与投产
89,陈睿菁,综合管理部,2025届校招,女,0.0,,,,,,0,轮岗培训,校园招聘,,,,,11,0,,,,0.762898746,0.0,51.0,7.0,4.0,0.0,0,0,0,0,0,0,,,,,,,,,,2025.0,综合管理部,"{""其他"": 12, ""会议与培训"": 28, ""文档与材料"": 18, ""申请与流程"": 8, ""通知与公告"": 7, ""项目与任务"": 22, ""工作周报/月报"": 42, ""数据模型与整合"": 31}","[""兰昕蕾"", ""姚陈潇"", ""吕晶"", ""成绘茜"", ""朱嘉玮"", ""黄哲睿"", ""顾恺"", ""温皓文"", ""陆慧"", ""杨青"", ""袁凯"", ""周影"", ""潘修滔"", ""郑卞钰"", ""诸倩铷"", ""张漫"", ""邹小芳"", ""廖宇杰"", ""窦博文"", ""姚志环""]","[""数据开发部"", ""综合管理部"", ""数据平台部"", ""上海开发测试中心"", ""苏州开发测试中心"", ""信息管理部"", ""智能创新部"", ""数据治理部"", ""系统与数据应用部"", ""创新业务部"", ""数据中心"", ""业务发展部"", """", ""信息统计部"", ""远程银行中心"", ""架构管理部"", ""债券交易部"", ""项目管理部"", ""领导"", ""公共邮箱组""]",规划驱动 & 数据导向,"[""邮件类型以'工作周报/月报'（42封）和'数据模型与整合'（31封）为主，显示出高度规律的计划汇报与核心数据工作节奏。"", ""关键词显示，工作重心在三季度涉及'极客'、'新人'、'培训'、'初赛'等，具有学习与活动组织特点；四季度则深度聚焦于'整合模型'、'埋点'、'需求'、'上线'等，转向具体的数据项目实施与交付。"", ""邮件主题规范，沟通以任务和问题为导向，工作节奏稳定，与项目及数据任务周期紧密相关。""]",陈睿菁是综合管理部的员工。2025年邮件收发内容高度集中于'工作周报/月报'与'数据模型与整合'，展现出极强的计划性、执行力和数据工作导向。关键词云分析显示，三季度工作围绕'周报'、'整合模型'、'极客'、'培训'、'新人'等展开，体现了其在数据基础工作、团队学习与活动组织方面的参与；四季度则深度聚焦于'整合模型'、'埋点'、'需求'、'上线'、'风控'等，工作重心明显转向具体数据项目的实施、监控与业务对接。邮件撰写规范，主题清晰，沟通风格务实，以任务和问题为核心。从现有数据推断，其工作网络主要围绕数据模型开发、项目任务协作及部门内外的会议培训展开，展现出良好的跨职能协作能力。总体而言，陈睿菁是一名细致认真、学习适应能力强、在数据整合与模型跟进方面有良好表现的专业员工，工作节奏稳定且与项目周期同步。建议可鼓励其进一步深入业务，在数据治理与流程优化领域形成更专业的专长。,智能应用一部,应用研发,0.0,0.0,10.84694444,0.0,10.0,3.0,中级,50.0,人工智能训练师,50.0,0.0,智能应用一部,对公应用组,43.17055556,智能应用一部,5527.75,10.84,10.0,10.0,0.077490775,,,,,,女员工、校招生、工龄新手、低加班、无深夜加班、技能考试待提升、持外部证书、学习活跃、培训参与度高、考勤全勤、跨部门广泛协作、部门_综合管理部、数据治理、风险模型,1034704,数据建模与数仓、数据治理与合规、系统测试与投产、风险模型与反欺诈
90,单曙兵,数据治理部,负责人,男,15.0,研究生,"中国科学技术大学/
同济大学",科长,,,0,负责人,社会招聘,"党总支群工委员、
第三党支部书记",,,2025行外发文1/行外获奖2,3,0,2.0,,,1.231000882,1.0,28.0,21.0,13.0,1.0,0,0,0,0,0,0,,,,,,,,,,2025.0,数据治理部,"{""其他"": 203, ""会议组织与通知"": 145, ""外部沟通与申请"": 76, ""数据治理与标准"": 87, ""材料审阅与审批"": 134, ""需求管理与协调"": 107, ""项目与工作推进"": 96, ""紧急与重要事务处理"": 89}","[""宋晓迪"", ""贺文军"", ""刘燕玲"", ""于璐"", ""顾恺"", ""吴证"", ""李焕彰"", ""杨晓彦"", ""白迪"", ""乐洋"", ""杨青"", ""陈超"", ""卢易"", ""傅潜林"", ""胡申民"", ""米俊文"", ""王玉祥"", ""庄家宙"", ""于浩瀚"", ""方晴""]","[""数据开发部"", ""数据治理部"", ""数据平台部"", ""综合管理部"", ""信息统计部"", ""信息管理部"", ""上海开发测试中心"", ""智能创新部"", """", ""苏州开发测试中心"", ""总行"", ""数据中心"", ""架构管理部"", ""项目管理部"", ""数据应用管理部"", ""系统与数据应用部"", ""信贷与投资管理部"", ""风险内控部"", ""创新业务部"", ""数字中台部""]",高负荷&协调驱动,"[""邮件收发量全年保持高位，'会议'、'审阅'、'材料'等关键词频次极高，显示核心工作围绕会议组织、材料处理与项目协调展开。"", ""紧急与重要事务处理类邮件数量达<strong>89</strong>封，在二、四季度出现'急'、'重要'、'催办'、'今天下班前'等高频词，表明特定时段（如项目节点、汇报期）时间压力大。"", ""标签邮件使用极为规范严谨，'会议组织与通知'、'材料审阅与审批'、'紧急与重要事务处理'等主题标签清晰，有效区分了任务优先级与内容类别。"", ""工作重心随季度演进：一季度聚焦'需求'与'架构'；二季度突出'咨询'、'催办'与'外部'沟通；三季度深度投入'标准'、'制度'、'外数'、'对标'等数据治理体系建设；四季度则强调'总结'与'反馈'。""]",单曙兵是数据治理部的核心骨干，展现出卓越的组织协调与项目管理能力。2025年邮件收发数量庞大且主题高度集中在'会议'、'审阅'、'材料'、'数据'、'需求'、'项目'等词汇，表明其核心工作紧密围绕数据治理体系建设、外部数据管理、重点项目推进及跨部门协作展开。邮件撰写极为规范严谨，主题标签使用清晰，有效区分了任务优先级与内容类别，体现了高度的专业性和对细节的关注。紧急与重要事务处理类邮件数量可观，在二、四季度尤为突出，显示其对时效性与合规性的严格把控。沟通风格以正式、高效、条理清晰为主，对内能有效协调各科室及紧密联系人，对外与数据集团、监管机构等多方保持良好联络，展现了出色的跨组织协调能力。优势在于具备强大的多任务并行处理能力、复杂项目的统筹推进力。后续建议在保持现有严谨高效作风的基础上，可适当提升沟通的灵活性与亲和力，以促进更紧密的团队协作；同时，鼓励其在日常事务性工作之外，加强前瞻性规划与战略性思考，并注意优化工作节奏，实现更好的工作生活平衡。,,,,,,,,,,,,98.0,28.0,数据治理部,负责人,33.70944444,,,,,,,,,,14.0,,男员工、研究生学历、社招员工、工龄资深、科长、内训讲师、考勤问题严重、高强度工作、会议达人、跨部门广泛协作、部门_数据治理部、项目管理、数据治理,,数据治理与合规、项目管理与需求
91,李凯达,数据治理部,架构安全组,男,3.0,大学本科,天津大学,,,,0,数据安全,校园招聘,,,,,7,0,,,,1.538225806,1.0,21.0,15.0,26.0,0.0,0,0,0,0,0,0,,,,,,,,,,2025.0,数据治理部,"{""其他"": 76, ""后督管理"": 98, ""数据安全"": 245, ""数据治理"": 189, ""监管报送"": 167, ""项目需求"": 156, ""邮件外发排查"": 142}","[""庄家宙"", ""卢易"", ""吴证"", ""李天卓"", ""刘燕玲"", ""冯潇"", ""杨青"", ""王玉祥"", ""曹宁远"", ""陈世辉"", ""贺文军"", ""林幸"", ""史朋飞"", ""曾敏锐"", ""杨晓彦"", ""李焕彰"", ""邹小芳"", ""黄哲睿"", ""张伟亮"", ""钱磊""]","[""数据开发部"", ""数据平台部"", ""数据治理部"", ""综合管理部"", ""信息管理部"", ""信息统计部"", ""智能创新部"", """", ""总行"", ""上海开发测试中心"", ""苏州开发测试中心"", ""系统与数据应用部"", ""数据应用管理部"", ""风险内控部"", ""数据中心"", ""开发协调部"", ""内控安全部"", ""创新业务部"", ""信贷与投资管理部"", ""债券交易部""]",持续专注&合规驱动,"[""邮件收发量全年保持稳定高位，核心主题'数据安全'、'敏感信息'、'邮件外发'的提及频次从一季度到四季度呈现<strong>持续增长</strong>趋势。"", ""紧急邮件（如'涉敏邮件'、'排查'、'整改单'等关键词关联的邮件）贯穿全年，显示出持续的风险排查与应急响应工作节奏。"", ""标签邮件（如'数据安全'、'数据治理'、'监管报送'等分类）使用广泛且规范，体现了严格的邮件管理与信息追溯习惯。"", ""工作重心全年聚焦于'数据安全'、'敏感信息'、'邮件外发'三大核心领域，并在下半年增加了对'重要数据'、'检查报告'和'风险评估'的关注。""]",李凯达是数据治理部的员工。邮件收发数量全年保持高位，核心主题'数据安全'、'敏感信息'、'邮件外发'的提及频次呈现持续增长趋势，显示其工作强度稳定且专注。邮件主题高度集中在'数据安全'、'敏感信息'、'邮件外发'、'涉敏邮件'、'数据自服务'等词汇，表明其核心工作围绕数据安全管控、敏感信息治理、邮件外发风险排查及数据服务支持展开。全年'监管报送'、'项目需求'、'后督管理'等邮件类型分布均衡，反映出其工作对合规、项目协作及事后监督的全面覆盖。从季度看，工作重心始终聚焦于数据安全领域，并在下半年逐步加强对'重要数据'、'检查报告'和'风险评估'的关注，工作内容随监管要求和内部检查周期深化。沟通网络紧密，与涉及'数据安全'、'监管报送'、'项目需求'及'后督管理'的各部门协作频繁，展现出良好的跨部门协调能力。邮件撰写规范，'常使用标签进行分类'，标签邮件数量可观，紧急邮件（如涉及'排查'、'整改'的邮件）贯穿全年，体现了严谨的工作作风和持续的风险应对节奏。总体而言，李凯达是一名专业专注、细致严谨、合规意识强、风险防控出色的业务骨干，'是部门中值得信赖的业务骨干'。建议'进一步优化沟通效率，在确保合规的前提下提升响应速度'，同时可'加强在数据治理创新方面的探索'。,,,,,,,,,,,,,1.0,数据治理部,架构安全组,75.18194444,,,,,,,,,,2.0,,男员工、本科学历、校招生、工龄成长型、中加班、无深夜加班、考勤良好、专注型工作风格、邮件高频用户、邮件数据开发型、跨部门广泛协作、部门_数据治理部、征信合规、数据治理、数据安全,,数据治理与合规、数据安全与权限
92,傅潜林,数据治理部,标准资产组,男,4.0,研究生,悉尼大学,,,,0,数据治理,社会招聘,,,,,1,0,,,,0.466877395,0.0,58.0,0.0,0.0,0.0,0,0,0,0,0,0,,,,,,,,,,2025.0,数据治理部,"{""其他"": 150, ""会议与沟通协调"": 280, ""制度与规程管理"": 120, ""培训与知识分享"": 60, ""审计与合规管理"": 90, ""行政与流程支持"": 80, ""项目与需求管理"": 200, ""外部数据采购与预算管理"": 350}","[""单曙兵"", ""于璐"", ""宋晓迪"", ""周浩"", ""机构邮箱"", ""任欣宇"", ""陆凯华"", ""乐洋"", ""李焕彰"", ""鞠爱宁"", ""白迪"", ""刘燕玲"", ""王玉祥"", ""吴证"", ""庄家宙"", ""方晴"", ""王枫"", ""顾恺"", ""顾小萍"", ""嵇雅娟""]","[""数据开发部"", ""数据治理部"", ""数据平台部"", ""信息管理部"", ""综合管理部"", ""信息统计部"", ""智能创新部"", """", ""总行"", ""上海开发测试中心"", ""苏州开发测试中心"", ""风险内控部"", ""零售与新兴业务中台部"", ""数据应用管理部"", ""成本管理部"", ""创新业务部"", ""风险控制部"", ""业务发展部"", ""外汇管理部"", ""债券交易部""]",高强度&流程驱动,"[""邮件类型以‘外部数据采购与预算管理’（350封）和‘会议与沟通协调’（280封）为主，工作贯穿全年，节奏紧凑。"", ""关键词‘外部数据’、‘采购’、‘预算’、‘需求’、‘签报’在各季度均高频出现，表明其核心职责为外部数据采购的全流程管理。"", ""工作重心在<strong>二季度</strong>达到峰值（‘外部数据’词频52次），涉及‘审计署’、‘预算’（38次）等关键事项，显示该季度审计与预算编制任务繁重。"", ""从‘2025年’预算到‘2026年’预算的过渡体现在第四季度关键词中，表明其工作具有前瞻性和年度周期性。"", ""‘会议’、‘通知’、‘请示’、‘签报’等词持续出现，体现了规范的流程化沟通与严谨的文档管理习惯。""]",傅潜林是数据治理部的员工，专注于外部数据管理工作。邮件收发数量全年保持高位，以‘外部数据采购与预算管理’和‘会议与沟通协调’为核心，显示其工作贯穿采购全生命周期且沟通频繁。邮件主题高度集中在‘外部数据’、‘采购’、‘预算’、‘需求’、‘签报’等词汇，表明其核心职责为外部数据的需求收集、预算编制、采购执行及流程审批。关键词季度分析显示，二季度工作强度最高，涉及‘审计署’和‘预算’编制；四季度开始规划‘2026年’预算，体现工作的年度周期性。从关键词推断，其沟通网络紧密联系‘数据集团’、‘风险管理部’、‘分行’及各类‘经营单位’（如‘公司业务部’、‘金融市场部’、‘零售板块’），是跨部门协作的关键节点。邮件撰写‘规范严谨’，‘常使用标签分类’，体现了优秀的文档管理与流程合规意识。沟通风格‘积极主动’，‘注重时效性’，善于通过‘会议’、‘请示’、‘签报’等多种方式推动工作。总体而言，傅潜林是一名专业负责、流程把控熟练、风险合规意识强、跨团队协作高效的核心骨干，是部门外部数据管理领域不可或缺的一员。,,,,,,,,,,,,,,,,,,,,,,,,,,3.0,,男员工、研究生学历、社招员工、工龄成长型、低加班、无深夜加班、高强度工作、流程导向型、邮件高频用户、会议达人、跨部门广泛协作、部门_数据治理部、数据治理、对公业务、零售业务、文档流程,,数据治理与合规、数据安全与权限、业务系统建设
93,王玉祥,数据治理部,标准资产组,男,20.0,研究生,同济大学,,,,0,数据治理,社会招聘,,,,,1,0,,,1.0,0.492581967,0.0,58.0,3.0,0.0,0.0,0,0,0,0,0,0,,,,,,,,,,2025.0,数据治理部,"{""其他"": 150, ""会议与沟通"": 380, ""制度与规程管理"": 320, ""培训与材料准备"": 180, ""数据对标与落标"": 450, ""检核与质量监控"": 260, ""需求审批与处理"": 290, ""项目与工程管理"": 220}","[""刘燕玲"", ""单曙兵"", ""杨青"", ""曾敏锐"", ""黄哲睿"", ""张放"", ""周浩"", ""钱磊"", ""于璐"", ""方晴"", ""胡帆"", ""米俊文"", ""庄家宙"", ""张倩"", ""宋晓迪"", ""傅潜林"", ""窦博文"", ""邹小芳"", ""顾恺"", ""白旭""]","[""数据开发部"", ""数据治理部"", ""数据平台部"", ""综合管理部"", ""上海开发测试中心"", ""信息管理部"", ""信息统计部"", ""智能创新部"", ""苏州开发测试中心"", ""总行"", """", ""架构管理部"", ""风险内控部"", ""信贷与投资管理部"", ""内控安全部"", ""创新业务部"", ""数据应用管理部"", ""债券交易部"", ""数据与系统应用管理部"", ""数字中台部""]",稳定专注&制度驱动,"[""邮件类型分布显示工作核心高度集中于‘数据对标与落标’、‘会议与沟通’及‘制度与规程管理’，全年工作主线清晰稳定。"", ""关键词频率显示工作节奏持续且专注，核心词如‘数据对标’、‘慧信工程’、‘数据标准’在各季度均稳定增长，表明任务持续推进且不断深化。"", ""邮件撰写‘规范严谨，主题清晰，常使用标准标签进行分类’，体现了高度制度化和流程化的工作习惯。"", ""沟通风格以‘正式、条理分明为主，注重会议协调与材料同步’，工作节奏受会议、审批和周期性报告（如周报）驱动。""]",王玉祥是数据治理部的员工。邮件收发主题高度集中于‘数据对标与落标’、‘会议与沟通’及‘制度与规程管理’，显示其核心职责是数据标准体系的建设、落地与日常管理。全年关键词演变清晰：从一季度的‘数据对标’、‘检核情况’、‘风险监控’等基础执行与监控，到二、三季度的‘全量’、‘业务术语’、‘整合模型’等范围扩展与体系深化，再到四季度的‘制度’、‘征求意见’、‘审计整改’、‘合规考核’等制度完善与合规收尾，完整勾勒了数据治理项目从执行到总结的年度闭环。沟通风格‘以正式、条理分明为主，注重会议协调与材料同步’，情感分析偏向客观、专业与责任导向。工作网络紧密围绕‘慧信工程’等重大项目，涉及与需求提出方（业务需求）、标准执行方（落标）、质量监控方（检核）及制度审批方（审批、豁免）的多方协作。工作节奏稳定且专注，受项目里程碑、周期性会议和报告驱动，而非突发性紧急任务。优势在于‘对数据标准与流程的严格执行力、项目跟进细致，以及在复杂治理任务中表现出的耐心与系统性’。建议‘进一步优化沟通效率，在紧急事务处理上可加强优先级管理；同时可适当深化对业务场景的理解，以提升数据治理举措的业务贴合度’。,,,,,,,,,,,,84.0,0.0,数据治理部,标准资产组,11.56861111,,,,,,,,,,19.0,,男员工、研究生学历、社招员工、工龄资深、带教师傅、低加班、无深夜加班、考勤全勤、专注型工作风格、邮件高频用户、会议达人、邮件项目管理型、邮件流程审批型、跨部门广泛协作、部门_数据治理部、数据治理,,数据建模与数仓、数据治理与合规、数据安全与权限、业务系统建设
94,李焕彰,信息管理部,负责人,男,14.0,大学本科,上海理工大学,科长,,,0,负责人,社会招聘,,,,,10,0,4.0,,,4.55251282,1.0,8.0,3.0,5.0,49.0,0,0,0,0,0,0,,,,,,,,,,2025.0,信息管理部,"{""其他"": 143, ""会议沟通"": 491, ""审批与流程"": 177, ""通知与提醒"": 146, ""数据与技术支持"": 108, ""材料准备与审核"": 283, ""项目与需求管理"": 249}","[""胡承萱"", ""曹婉茹"", ""吴证"", ""宋晓迪"", ""乐洋"", ""顾恺"", ""李瑞敏"", ""贺文军"", ""杨晓彦"", ""胡申民"", ""单曙兵"", ""陈超"", ""杨陆"", ""卢易"", ""白迪"", ""杨青"", ""米俊文"", ""舒宝龙"", ""王璐珊"", ""韩统优""]","[""信息管理部"", ""数据开发部"", ""数据平台部"", ""综合管理部"", ""智能创新部"", """", ""信息统计部"", ""上海开发测试中心"", ""数据治理部"", ""金融科技创新实验室"", ""苏州开发测试中心"", ""总行"", ""客户经营部"", ""产品发展部"", ""架构管理部"", ""线上银行部"", ""数据应用管理部"", ""数据中心"", ""本部"", ""信贷与投资管理部""]",高强度&枢纽驱动,"[""邮件类型以'会议沟通'（491封）和'材料准备与审核'（283封）为主，显示出高度的组织协调与流程管理工作负荷。"", ""工作节奏与项目周期强相关，关键词显示其工作重心随季度变化：一季度聚焦'数字化'、'攻坚'；二季度关注'AI运营'、'授信政策'；三季度重点推进'司库'体系建设；四季度则围绕'会议纪要'、'会议邀请'等具体会务执行。"", ""关键词频次显示'会议'相关词汇（会议、会议纪要、会议邀请、讨论）全年总计超过1100次，表明其作为信息枢纽，持续处于高频沟通状态。"", ""'邮件主题标签使用清晰'，体现出规范的信息管理习惯，有助于高效处理多线程任务。""]",李焕彰是信息管理部的员工，担任关键枢纽角色。邮件收发类型高度集中于'会议沟通'、'材料准备与审核'和'项目与需求管理'，年度工作展现出高度的组织协调与项目管理能力。工作内容紧密围绕跨部门会议组织、项目材料准备与审核、需求评审跟进以及数字化转型重点项目（如'司库体系'、'慧信工程'、'AI运营'）的推进展开。撰写风格'严谨规范'，邮件主题标签使用清晰，体现出优秀的信息结构化与文档管理能力。沟通风格'积极主动'，以正式、条理化的方式与行内外众多部门及外部组织保持紧密协作，善于通过邮件推动事项进展并确保闭环。优势在于出色的多任务处理能力、细致的流程意识以及可靠的跨团队协调力，是团队中不可或缺的'流程推动者与信息枢纽'。后续建议在保持高效执行力的基础上，进一步提升战略性视角与前瞻性规划能力，在复杂项目中加强主动决策与风险预判；同时可适度优化沟通节奏，提炼核心信息以提升紧急事务的响应效能与整体沟通效率。,,,,,,,,,,,,,11.0,信息管理部,负责人,158.265,,,,,,,,,,13.0,,男员工、本科学历、社招员工、工龄资深、科长、高加班、深夜加班频繁、学习活跃、内训讲师、考勤需关注、高强度工作、邮件高频用户、会议达人、邮件项目管理型、邮件运维支持型、跨部门广泛协作、部门_信息管理部、项目管理、文档流程,,项目管理与需求、业务系统建设
95,孙菡悦,信息管理部,分行BP,女,3.0,研究生,华东师范大学,,,,0,数据分析,校园招聘,,,,24数据文化优秀贡献者,10,0,2.0,,2.0,0.483959436,0.0,57.0,5.0,0.0,1.0,1,2,0,0,0,0,,,,,,,,,,2025.0,信息管理部,"{""其他"": 100, ""监管与合规"": 40, ""内部会议与党建"": 60, ""分行赋能与培训"": 80, ""数据需求与提取"": 120, ""系统与项目上线"": 90, ""RDI与分行视图管理"": 70, ""数据分析货架合作"": 150}","[""舒宝龙"", ""刘思言"", ""汪乐乐"", ""张文婉"", ""李焕彰"", ""李小萌"", ""陆应佳玥"", ""陈佳宁"", ""骆静龙"", ""王正超"", ""乐洋"", ""任若琳"", ""顾恺"", ""吴证"", ""占桐"", ""张雅淇"", ""曹婉茹"", ""兰昕蕾"", ""胡承萱"", ""阮靖龙""]","[""数据开发部"", ""信息管理部"", ""数据平台部"", ""综合管理部"", ""信息统计部"", ""智能创新部"", """", ""数据治理部"", ""总行"", ""上海开发测试中心"", ""苏州开发测试中心"", ""风险内控部"", ""零售业务部"", ""创新业务部"", ""债券交易部"", ""信贷与投资管理部"", ""办公室"", ""计划财务部"", ""数据应用管理部"", ""系统与数据应用部""]",需求驱动&持续赋能,"[""邮件类型以‘数据分析货架合作’和‘数据需求与提取’为主，表明工作核心是数据产品推广与需求响应。"", ""关键词‘分行’、‘货架合作’、‘RDI’、‘视图’、‘数据’、‘资金流向监测’贯穿全年，工作重心稳定聚焦于数据赋能一线业务。"", ""从‘下线调研’、‘培训’、‘赋能分行’到‘视图’、‘项目’、‘开发’，工作内容随季度从调研培训向系统化、项目化支持演进。"", ""第四季度‘数据’、‘视图’、‘项目’、‘可信区’、‘开发’等词频显著上升，显示年末工作向数据治理、系统开发和项目攻坚倾斜。""]",孙菡悦是信息管理部的员工。邮件收发数量可观，类型分布显示其工作核心围绕‘数据分析货架合作’、‘数据需求与提取’及‘分行赋能与培训’展开，扮演着数据产品推广与一线业务赋能的关键桥梁角色。全年关键词‘分行’、‘货架合作’、‘RDI’、‘数据’、‘资金流向监测’、‘视图’高频出现，工作图谱清晰稳定，始终聚焦于服务分行、管理数据视图与监测资金流向。从季度看，工作重心从一季度的基础调研与培训（‘下线调研’、‘培训’），逐步转向二三季度的深度赋能与模型应用（‘赋能分行’、‘模型’、‘项目’、‘视图’），并在四季度深化至数据治理与系统开发（‘可信区’、‘开发’），工作节奏随项目周期和数据产品运营阶段有序推进。沟通网络以服务各‘分行’为核心，同时与内部负责‘RDI’、‘视图’管理、‘系统与项目上线’的团队协作紧密。邮件撰写‘规范，主题明确，常使用标签分类’，沟通风格‘务实高效，以解决问题为导向’。整体而言，孙菡悦是一名对分行需求洞察敏锐、响应迅速、专业支撑作用强的数据赋能专家，优势在于‘对分行数据需求的敏锐洞察力和快速响应能力’。建议‘进一步提升跨部门复杂项目的统筹协调能力，并加强数据产品运营与成效量化分析’。,,,,,,,,,,,,78.0,3.0,机构服务团队,服务支持组,22.46666667,,,,,,,,,,2.0,,女员工、研究生学历、校招生、工龄成长型、带教师傅、低加班、项目负责人、需求负责人、学习活跃、内训讲师、考勤良好、跨部门广泛协作、部门_信息管理部、数据治理、应用开发、数据分析,,数据治理与合规、系统测试与投产、BI与数据分析、应用与系统开发
96,刘思言,信息管理部,分行BP,男,3.0,研究生,上海财经大学,,,,0,数据分析,校园招聘,,,,,11,0,,,2.0,0.49654827,0.0,61.0,0.0,0.0,0.0,0,0,0,0,0,0,,,,,,,,,,2025.0,信息管理部,"{""其他"": 67, ""分行数据支持"": 118, ""内部管理与培训"": 89, ""客户分析与营销"": 76, ""数据提取与处理"": 145, ""模型与货架合作"": 132, ""系统与工具支持"": 54}","[""舒宝龙"", ""孙菡悦"", ""李焕彰"", ""陆应佳玥"", ""胡承萱"", ""张文婉"", ""陈彦百"", ""李小萌"", ""汪乐乐"", ""宋轲"", ""韩统优"", ""沈子新"", ""许阿云"", ""贺文军"", ""王璐珊"", ""蒋嘉石"", ""俞筱晨"", ""杨晓彦"", ""曹婉茹"", ""李瑞敏""]","[""数据开发部"", ""信息管理部"", ""数据平台部"", ""综合管理部"", ""信息统计部"", ""智能创新部"", """", ""数据治理部"", ""总行"", ""创新业务部"", ""苏州开发测试中心"", ""风险内控部"", ""债券交易部"", ""信贷与投资管理部"", ""公司业务部"", ""行长室"", ""零售业务部"", ""上海开发测试中心"", ""数据中心"", ""市场部""]",专业支持型 & 需求驱动,"[""邮件收发量全年保持高位，以‘数据提取与处理’、‘模型与货架合作’和‘分行数据支持’为核心工作流，显示其为分行提供常态化、高强度数据支持的工作模式。"", ""紧急邮件情况无法从给定数据中推断。"", ""标签邮件情况无法从给定数据中推断。"", ""工作重心随季度演变：从一季度的‘资金流向’、‘票易贷’专项支持，逐步转向二、三、四季度的‘客户’、‘一页纸’、‘货架合作’等更综合的客户分析与数据产品化工作。"", ""‘分行’、‘客户’、‘清单’、‘数据’、‘模型’等关键词全年高频出现，表明其工作节奏紧密围绕分行需求和数据模型的生命周期展开。""]",刘思言是信息管理部的数据分析与支持专家。邮件收发量全年保持高位，工作高度聚焦于‘数据提取与处理’、‘模型与货架合作’和‘分行数据支持’。邮件主题关键词‘分行’、‘客户’、‘清单’、‘数据’、‘模型’全年高频出现，表明其核心职责是为各分行提供精准的数据提取、模型应用和营销清单支持。工作节奏由分行需求驱动，一季度侧重‘资金流向’、‘票易贷’等专项分析，后续季度逐步深化‘客户’、‘一页纸’、‘货架合作’等综合性数据产品与营销支持。沟通风格务实高效，邮件撰写规范严谨，注重问题解决和需求响应。从关键词推断，其工作网络以内部分行（如‘青浦’、‘支行’）及与‘模型’、‘货架’相关的合作部门为核心。‘撰写规范严谨，邮件主题清晰明确，能准确反映工作内容和需求’、‘沟通风格务实高效，注重问题解决和需求响应，与分行和各部门保持紧密协作’体现了其专业、高效的沟通特质和以业务价值为导向的工作情感。优势在于数据敏感度高、业务理解深入，是分行数字化转型的关键支持力量。,,,,,,,,,,,,70.0,0.0,机构服务团队,服务支持组,17.92194444,,,,,,,,,,2.0,,男员工、研究生学历、校招生、工龄成长型、带教师傅、低加班、无深夜加班、学习活跃、考勤全勤、邮件数据开发型、跨部门广泛协作、部门_信息管理部、数据分析,,BI与数据分析
97,李小萌,信息管理部,分行BP,女,1.0,研究生,大连理工大学,,,,0,数据分析,校园招聘,,,,,14,0,,,2.0,0.633087432,0.0,52.0,4.0,1.0,4.0,0,0,0,0,0,0,,,,,,,,,,2025.0,信息管理部,"{""其他"": 89, ""会议与通知"": 64, ""分行视图管理"": 142, ""工作评价与评分"": 76, ""赋能与工作总结"": 52, ""需求与功能优化"": 98, ""数据治理与手工报表"": 156}","[""舒宝龙"", ""陆应佳玥"", ""孙菡悦"", ""汪乐乐"", ""李焕彰"", ""单曙兵"", ""李瑞敏"", ""杨陆"", ""曹婉茹"", ""张文婉"", ""刘思言"", ""宋晓迪"", ""姚蜜"", ""郭庆睿"", ""顾小萍"", ""宋轲"", ""贺文军"", ""王枫"", ""曾世杰"", ""宋子夜""]","[""数据开发部"", ""信息管理部"", ""数据平台部"", ""综合管理部"", ""信息统计部"", ""智能创新部"", """", ""数据治理部"", ""总行"", ""风险内控部"", ""苏州开发测试中心"", ""创新业务部"", ""债券交易部"", ""信贷与投资管理部"", ""秘书部"", ""数据管理与应用部"", ""数据中心"", ""办公室"", ""数据应用管理部"", ""计划财务部""]",专项驱动 & 持续优化,"[""邮件类型以‘数据治理与手工报表’和‘分行视图管理’为主，占比超过45%，显示工作高度聚焦于核心专项。"", ""从关键词频率看，工作节奏全年稳定，关键词‘分行视图’、‘手工数据’、‘治理’、‘报送材料’在各季度均排名前列。"", ""邮件标签使用规范，能有效分类‘需求与功能优化’、‘工作评价与评分’、‘会议与通知’等不同主题，体现了良好的工作管理习惯。"", ""关键词在三季度出现‘手工数据’、‘治理’、‘工作评价’的高频峰值，表明该季度专项工作推进和考核评价任务集中。"", ""四季度出现‘年度’、‘规划’、‘工作总结’等词，工作重心向总结复盘和来年规划平稳过渡。""]",李小萌是信息管理部的员工，专注于数据治理与手工报表专项工作。邮件收发全年保持稳定高频，核心工作围绕‘分行视图管理’、‘手工数据治理’、‘数据门户优化’及‘经营单位工作评价’四大主线展开。邮件主题高度聚焦，关键词‘分行视图’、‘手工数据’、‘治理’、‘报送材料’、‘数据门户’贯穿全年，显示其职责的专业性和持续性。从季度看，工作节奏平稳但有侧重：一季度侧重基础管理与需求处理；二、三季度‘手工数据’、‘治理’、‘工作评价’词频显著上升，专项推进和季度考核任务集中；四季度出现‘年度’、‘规划’等词，工作向总结与规划过渡。邮件撰写规范清晰，能有效使用‘需求与功能优化’、‘工作评价与评分’、‘会议与通知’等标签进行分类管理。沟通风格务实高效，注重任务跟进与闭环。工作网络涉及与各分行（视图管理）、经营单位（工作评价）以及内部需求与功能优化团队的广泛协作。总体而言，李小萌是一名专业扎实、执行高效、协作能力强的数据治理专员，在推动手工数据线上化、统一数据门户等复杂专项中展现出较强的项目推动力。建议在现有运维经验基础上，加强数据产品化思维和前瞻性规划能力，将流程经验进一步标准化。,,,,,,,,,,,,60.0,4.0,机构服务团队,服务支持组,48.3675,,,,,,,,,,1.0,,女员工、研究生学历、校招生、工龄新手、带教师傅、低加班、学习积极分子、邮件数据开发型、跨部门广泛协作、部门_信息管理部、数据治理、数据分析,,数据治理与合规、BI与数据分析
98,宋轲,信息管理部,分行BP,女,8.0,研究生,上海交通大学,,,,0,数据分析,社会招聘,,,,,4,0,,,,1.337143519,0.0,14.0,41.0,5.0,0.0,0,0,0,0,0,0,,,,,,,,,,2025.0,信息管理部,"{""其他"": 80, ""合规与审计"": 70, ""项目与会议"": 150, ""外部数据采购"": 90, ""培训与新人培养"": 50, ""客户经营与营销"": 140, ""数据需求与处理"": 180, ""系统与平台建设"": 110}","[""李焕彰"", ""舒宝龙"", ""李瑞敏"", ""胡承萱"", ""俞振飞"", ""韩统优"", ""蒋嘉石"", ""刘思言"", ""王亮"", ""曹婉茹"", ""周叶珉"", ""宋晓迪"", ""孙菡悦"", ""于璐"", ""傅潜林"", ""汪乐乐"", ""李小萌"", ""张鑫"", ""陆应佳玥"", ""刘子昕""]","[""信息管理部"", ""数据开发部"", ""数据平台部"", ""信息统计部"", ""综合管理部"", ""智能创新部"", ""数据治理部"", ""总行"", """", ""清算部"", ""数据应用管理部"", ""风险内控部"", ""创新业务部"", ""苏州开发测试中心"", ""债券交易部"", ""信贷与投资管理部"", ""科创金融部"", ""数字中台部"", ""业务发展部"", ""行长室""]",业务驱动 & 持续赋能,"[""邮件收发总量稳定且偏高，全年邮件主题均紧密围绕‘数据’、‘客户’、‘科创’、‘经营’、‘看板’等核心业务关键词，显示工作负荷饱满且目标明确。"", ""工作重心随季度从‘国际业务’向‘国内证’、‘CRM’、‘支行’等具体业务场景和系统平台深入，响应业务部门的动态需求。"", ""关键词分析显示，全年‘需求’、‘清单’、‘提数/取数’等词汇高频出现，表明工作节奏以响应和解决一线业务数据需求为主，具有‘需求驱动’的鲜明特征。"", ""邮件撰写‘常使用标签分类’，体现了结构化、规范化的沟通习惯，有助于高效管理海量工作信息。""]",宋轲是信息管理部的员工。邮件收发数量全年保持高位，邮件类型以‘数据需求与处理’、‘项目与会议’、‘客户经营与营销’为主，表明其核心职责是为业务提供数据支持、参与项目管理并赋能客户经营。邮件关键词高度集中在‘客户’、‘数据’、‘科创’、‘经营’、‘看板’、‘需求’等词汇，工作内容紧密围绕‘数据赋能业务’，核心聚焦于科创金融、国际业务与客户经营的数据支持。从季度看，一季度侧重‘国际业务’与‘结售汇’，二、三季度‘国内证’、‘CRM’、‘网管户’、‘支行’等词频上升，四季度‘企业’、‘筛选’、‘规划’等词凸显，表明其工作重心随业务重点和项目推进，从宏观业务支持向具体客户筛选、系统应用（CRM）和未来规划纵深发展。邮件撰写‘规范清晰，主题明确，常使用标签分类’，体现了良好的结构化思维和高效务实的沟通风格。‘跨部门协作频繁’，关键词中频繁出现的‘支行’、‘分行’、‘孵化器’等也印证了其与一线业务单位联系紧密。总体而言，宋轲是一名专业性强、系统性好、以需求驱动和问题解决为导向的数据支持专家，具备优秀的业务理解、数据应用和跨部门协调能力。建议可进一步强化数据价值的业务转化与成果提炼，并注重经验沉淀与知识分享。,,,,,,,,,,,,60.0,11.0,机构服务团队,服务支持组,24.55166667,,,,,,,,,,7.0,,女员工、研究生学历、社招员工、工龄中坚、无深夜加班、考勤需关注、会议达人、跨部门广泛协作、部门_信息管理部、项目管理,,项目管理与需求、BI与数据分析
99,张文婉,信息管理部,分行BP,女,4.0,研究生,圣路易斯华盛顿大学,,,,2,数据分析,校园招聘,,,,,1,0,,,,0.632513661,0.0,49.0,8.0,4.0,0.0,0,0,0,0,0,0,,,,,,,,,,2025.0,信息管理部,"{""其他"": 41, ""分行支持"": 67, ""会议与通知"": 127, ""培训与活动"": 32, ""审批与流程"": 28, ""系统与工具"": 45, ""项目与课题"": 76, ""数据需求与分析"": 98}","[""舒宝龙"", ""孙菡悦"", ""刘思言"", ""李焕彰"", ""汪乐乐"", ""曹婉茹"", ""陆应佳玥"", ""路立静"", ""李小萌"", ""任若琳"", ""杨陆"", ""宋轲"", ""胡承萱"", ""王璐珊"", ""魏榕慧"", ""刘子昕"", ""俞筱晨"", ""李瑞敏"", ""张峰"", ""鞠爱宁""]","[""数据开发部"", ""信息管理部"", ""数据平台部"", ""信息统计部"", ""综合管理部"", ""智能创新部"", ""数据治理部"", ""总行"", """", ""风险内控部"", ""苏州开发测试中心"", ""创新业务部"", ""债券交易部"", ""信贷与投资管理部"", ""上海开发测试中心"", ""零售业务部"", ""平阳支行"", ""客户经营部"", ""数据应用管理部"", ""数据中心""]",平稳专注&支持驱动,"[""邮件类型以‘会议与通知’和‘数据需求与分析’为主，工作节奏持续平稳，以事务处理和需求响应为核心。"", ""紧急邮件数量根据现有数据无法直接判定，但‘会议与通知’、‘数据需求与分析’及‘分行支持’类邮件合计占比过半，表明其工作具有较高的时效性和响应要求。"", ""标签邮件使用情况根据现有数据无法直接判定，但邮件主题分类清晰，体现了规范的邮件管理习惯。"", ""工作重心全年聚焦于‘数据’、‘需求’、‘分行’、‘课题’、‘客户’等核心领域，支持角色定位明确。""]",张文婉是信息管理部的员工。邮件收发数量分布均匀，显示工作节奏持续稳定。邮件主题高度集中在‘需求’、‘数据’、‘分行’、‘课题’、‘客户’等词汇，表明其核心工作围绕数据需求对接、分行支持、数字化转型课题及客户数据分析展开。全年‘看板’、‘实时’、‘模型’、‘审批’、‘流程’等词频繁出现，反映出其岗位在数据可视化工具、实时系统、模型应用及流程优化方面的强关联性。从季度看，一季度侧重‘调研’与‘启动’，二季度‘系统’与‘分析’词频上升，三季度出现‘总结’与‘赋能’，四季度则深化至‘模型’、‘贷款’、‘对公’等具体业务领域，工作重心随支持深度和业务场景自然演进。沟通网络根据现有数据无法直接展示具体同事和科室，但‘分行’、‘总行’、‘支行’、‘项目’、‘协同’等关键词表明其作为‘连接总行与分行数据应用的关键桥梁’，与各分行及跨部门项目团队联系紧密。邮件撰写‘主题明确’，‘规范性较强’，沟通风格‘以事务性为主’。总体而言，张文婉是一名专注细致、响应及时、协作能力强、具备良好服务意识的数据支持专家。建议可‘进一步深化业务理解，提升从数据洞察到业务策略的转化能力，并加强在复杂项目中的主动规划与推进角色’。,,,,,,,,,,,,58.0,15.0,机构服务团队,服务支持组,7.587499999,,,,,,,,,,3.0,,女员工、研究生学历、校招生、工龄成长型、低加班、无深夜加班、考勤问题严重、专注型工作风格、会议达人、跨部门广泛协作、部门_信息管理部、岗位经历丰富、数据分析、对公业务,,BI与数据分析、业务系统建设
100,刘子昕,信息管理部,零售BP,女,1.0,研究生,东华大学,,,,0,数据分析,校园招聘,,,,,6,0,,,,0.388800926,0.0,57.0,3.0,0.0,0.0,0,6,0,0,0,0,,,,,,,,,,2025.0,信息管理部,"{""其他"": 50, ""面试与招聘"": 45, ""数据资产管理"": 65, ""会议与沟通协调"": 95, ""内部行政与通知"": 40, ""厂商与外包管理"": 70, ""模型与数据开发"": 180, ""项目管理与需求评审"": 120}","[""曹婉茹"", ""李焕彰"", ""杨陆"", ""王璐珊"", ""路立静"", ""俞筱晨"", ""魏榕慧"", ""周叶珉"", ""张鑫"", ""余翠"", ""陈晨"", ""王萌萌"", ""施怡伶"", ""史朋飞"", ""胡承萱"", ""吴证"", ""王枫"", ""李瑞敏"", ""郭骏"", ""孙菡悦""]","[""信息管理部"", ""数据开发部"", ""数据平台部"", ""信息统计部"", ""综合管理部"", ""智能创新部"", ""数据治理部"", ""总行"", """", ""客户经营部"", ""上海开发测试中心"", ""苏州开发测试中心"", ""负债管理部"", ""养老金融部"", ""代销业务部"", ""产品管理部"", ""风险内控部"", ""业务管理部"", ""创新业务部"", ""债券交易部""]",专业专注 & 项目协作驱动,"[""邮件类型以‘模型与数据开发’、‘项目管理与需求评审’、‘会议与沟通协调’为主，工作贯穿项目全流程。"", ""紧急邮件情况需补充具体数据。"", ""标签邮件使用规范，'常使用标签分类，便于信息归档与追踪'。"", ""工作重心从一季度聚焦‘理财’、‘模型’、‘需求’，逐步转向三、四季度深化‘数据’、‘标签’、‘资产’管理。""]",刘子昕是信息管理部的员工。2025年工作高度聚焦于数据领域。邮件主题分布显示，其核心职责围绕‘模型与数据开发’、‘项目管理与需求评审’及‘会议与沟通协调’，同时涉及‘厂商与外包管理’和‘数据资产管理’，表明其是连接技术开发、业务需求和外部资源的关键枢纽。关键词云季度演变清晰：一季度围绕‘理财’模型开发与‘需求’评估；二季度‘理财’、‘模型’、‘需求’热度持续，并引入‘特征’、‘看板’等词；三季度‘数据’、‘标签’、‘cdp’（客户数据平台）成为焦点，显示工作向数据资产精细化管理和平台建设深化；四季度‘标签’、‘数据’、‘模型’、‘资产’、‘管理’等词凸显，工作进入资产沉淀与项目收尾阶段。其沟通风格‘以事务性为主，注重会议协调与项目跟进’，在‘跨部门协作与厂商管理方面表现积极’。工作网络以内部分析师、项目经理及外部厂商为主。工作节奏专业专注，随项目周期从模型开发向数据资产管理自然演进。邮件撰写‘规范清晰，主题明确，常使用标签分类’。优势在于‘对数据模型与资产管理的系统性把握，工作细致且执行力强，是部门中可靠的技术支持骨干’。建议‘可进一步强化业务策略解读能力，提升邮件沟通的情感温度与主动性，以增强团队凝聚力’。,,,,,,,,,,,,70.0,2.0,信息管理部,零售BP,12.53694444,,,,,,,,,,1.0,,女员工、研究生学历、校招生、工龄新手、低加班、无深夜加班、高频需求负责人、考勤良好、专注型工作风格、协作型工作风格、邮件数据开发型、跨部门广泛协作、部门_信息管理部、数据开发、数据平台、项目管理、运维支持,,数据开发与ETL、数据平台与运维、数据治理与合规、项目管理与需求、BI与数据分析、运维与技术支持
101,俞筱晨,信息管理部,零售BP,女,3.0,研究生,同济大学,,,,0,数据分析,校园招聘,,,,,11,0,,,,0.264369115,0.0,59.0,0.0,0.0,0.0,0,0,0,0,0,0,,,,,,,,,,2025.0,信息管理部,"{""其他"": 41, ""会议与评审"": 87, ""文档与材料"": 76, ""分行合作与货架"": 52, ""数据与标签管理"": 98, ""模型开发与需求"": 145, ""系统运维与支持"": 65, ""项目管理与协调"": 132}","[""曹婉茹"", ""王璐珊"", ""魏榕慧"", ""路立静"", ""李焕彰"", ""刘子昕"", ""杨陆"", ""张鑫"", ""余翠"", ""周叶珉"", ""孙菡悦"", ""胡承萱"", ""李瑞敏"", ""郭骏"", ""于俊杰"", ""姚蜜"", ""汪乐乐"", ""杨青"", ""陆应佳玥"", ""刘思言""]","[""数据开发部"", ""信息管理部"", ""数据平台部"", ""信息统计部"", ""综合管理部"", ""智能创新部"", ""数据治理部"", ""总行"", ""上海开发测试中心"", """", ""客户经营部"", ""苏州开发测试中心"", ""风险内控部"", ""线上银行部"", ""创新业务部"", ""债券交易部"", ""业务管理部"", ""信贷与投资管理部"", ""产品发展部"", ""负债管理部""]",高负荷&项目驱动,"[""邮件主题高度集中于‘模型’、‘AI运营’、‘项目’、‘需求’等核心工作，显示全年围绕AI模型开发与运营主线展开。"", ""工作重心从一季度的‘定存’、‘首复购’预测模型，演进至三、四季度的‘理财’、‘产品’、‘推荐’及‘标签’、‘特征’体系构建，体现了项目从需求开发到线上运营的完整周期。"", ""邮件类型中‘项目管理与协调’、‘会议与评审’、‘文档与材料’、‘分行合作与货架’占比显著，表明其工作节奏紧密，跨部门协作与项目推动任务繁重。"", ""关键词‘周报’、‘材料’、‘文档’、‘会议’、‘评审’高频出现，体现了规范化、流程化的工作模式。""]",俞筱晨是信息管理部的员工。邮件收发主题高度集中于‘模型’、‘AI运营’、‘项目’、‘需求’等核心词汇，全年工作主线清晰，围绕AI模型开发、项目管理、数据标签体系建设及分行合作展开。邮件类型分布显示其工作兼具深度技术开发（模型开发与需求）与广度协调管理（项目管理与协调、会议与评审、分行合作与货架）。从季度关键词演变看，工作重心从一季度的‘定存’、‘首复购’预测模型，逐步深化至三、四季度的‘理财’、‘产品’、‘推荐’模型以及‘标签’、‘特征’、‘工作流’等体系化运营工作，完整覆盖了AI模型从需求、开发、测试到上线运营的全生命周期。沟通网络广泛，其工作内容涉及‘业务’、‘客户’、‘分行’、‘产品’等多个方面，表明需要与业务部门、分行机构、产品团队等进行高频次、多线程的协作。邮件撰写‘规范严谨，主题清晰，标签使用恰当，文档材料完整规范’，沟通风格‘务实高效’。总体而言，俞筱晨是一名专业性强、责任心重、具备出色项目推动力和跨团队协调能力的AI模型运营专家，在连接业务需求与技术落地方面表现突出。后续建议在‘模型效果持续监控和业务价值闭环验证方面加强深度’，以提升模型运营的精细化和体系化能力。,,,,,,,,,,,,80.0,5.0,信息管理部,零售BP,12.72694444,,,,,,,,,,2.0,,女员工、研究生学历、校招生、工龄成长型、低加班、无深夜加班、学习活跃、高强度工作、项目驱动型、邮件数据开发型、跨部门广泛协作、部门_信息管理部、测试工程、项目管理,,系统测试与投产、项目管理与需求、BI与数据分析
102,魏榕慧,信息管理部,零售BP,女,3.0,研究生,同济大学,,,,0,数据分析,校园招聘,,,,,10,0,,,,0.941634791,0.0,43.0,11.0,7.0,0.0,0,4,0,0,0,0,,,,,,,,,,2025.0,信息管理部,"{""其他"": 27, ""会议与培训"": 19, ""流程与审批"": 15, ""业务支持与沟通"": 24, ""数据分析与申请"": 39, ""模型开发与运营"": 31, ""需求管理与评审"": 28, ""数据合作与后评估"": 17}","[""曹婉茹"", ""王璐珊"", ""俞筱晨"", ""路立静"", ""李焕彰"", ""杨陆"", ""刘子昕"", ""余翠"", ""张鑫"", ""胡承萱"", ""李瑞敏"", ""周叶珉"", ""张雅淇"", ""俞振飞"", ""陆应佳玥"", ""汪乐乐"", ""姚蜜"", ""孙菡悦"", ""宋晓迪"", ""刘晓丹""]","[""数据开发部"", ""信息管理部"", ""数据平台部"", ""信息统计部"", ""综合管理部"", ""智能创新部"", ""数据治理部"", ""总行"", """", ""上海开发测试中心"", ""苏州开发测试中心"", ""市场企划部"", ""客户经营部"", ""线上银行部"", ""风险内控部"", ""商务管理部"", ""债券交易部"", ""创新业务部"", ""开发协调部"", ""信贷与投资管理部""]",专业专注&项目驱动,"[""邮件类型以‘数据分析与申请’、‘模型开发与运营’、‘需求管理与评审’为主，工作内容高度聚焦。"", ""关键词显示工作重心随季度演进：从‘数据分析’、‘信用卡’向‘模型’、‘需求’、‘积分’、‘活动’、‘AI’等方向深化和扩展。"", ""沟通网络紧密围绕信用卡业务的数据分析、模型运营及项目协作展开。"", ""邮件撰写规范，主题明确，‘常使用标准标签进行分类，便于信息归档与追踪’。""]",魏榕慧是信息管理部的员工。邮件收发情况显示其工作高度聚焦于数据分析和模型运营领域，核心邮件类型为‘数据分析与申请’、‘模型开发与运营’和‘需求管理与评审’。全年关键词演变清晰：一季度聚焦‘数据分析’、‘信用卡’基础工作；二、三季度‘模型’、‘需求’、‘积分’、‘活动’、‘合作’词频显著上升，显示工作向模型运营、活动支持及跨部门协作深化；四季度‘模型’、‘需求’、‘AI’、‘评估’、‘上线’成为焦点，表明工作进入模型迭代、需求收官与项目上线评估的关键阶段。沟通风格‘务实高效，以业务需求和数据结果为驱动，注重会议协调与项目跟进’。工作网络紧密围绕信用卡业务的数据模型全生命周期管理展开，涉及需求申请、开发运营、效果评估及跨部门业务支持等多个环节。工作节奏专业且专注，随项目周期和业务需求自然演进。优势在于‘对数据模型全生命周期管理有清晰把握，能持续跟进项目落地与效果反馈，工作细致且系统性较强’。,,,,,,,,,,,,70.0,0.0,信息管理部,零售BP,39.10111111,,,,,,,,,,2.0,,女员工、研究生学历、校招生、工龄成长型、低加班、无深夜加班、需求负责人、学习活跃、考勤全勤、项目驱动型、专注型工作风格、跨部门广泛协作、部门_信息管理部、项目管理、数据分析、零售业务,,系统测试与投产、项目管理与需求、BI与数据分析、业务系统建设
103,路立静,信息管理部,零售BP,女,3.0,研究生,武汉大学,,,,1,数据分析,校园招聘,,,,,12,0,,,,1.167149362,0.0,34.0,14.0,12.0,1.0,0,8,0,0,0,0,,,,,,,,,,2025.0,信息管理部,"{""其他"": 43, ""会议与沟通"": 71, ""需求与规范"": 58, ""分行赋能与支持"": 22, ""平台与系统支持"": 52, ""数据分析与模型"": 68, ""项目管理与协调"": 45, ""厂商与工作量管理"": 31}","[""曹婉茹"", ""李焕彰"", ""王璐珊"", ""杨陆"", ""俞筱晨"", ""魏榕慧"", ""刘子昕"", ""张鑫"", ""周叶珉"", ""余翠"", ""兰昕蕾"", ""舒宝龙"", ""吴证"", ""宋晓迪"", ""胡承萱"", ""张文婉"", ""俞振飞"", ""乐洋"", ""孙菡悦"", ""李瑞敏""]","[""信息管理部"", ""数据开发部"", ""数据平台部"", ""综合管理部"", ""信息统计部"", ""智能创新部"", ""上海开发测试中心"", ""苏州开发测试中心"", ""数据治理部"", ""总行"", ""客户经营部"", """", ""线上银行部"", ""养老金融部"", ""负债管理部"", ""产品管理部"", ""风险内控部"", ""数据中心"", ""代销业务部"", ""创新业务部""]",项目驱动&持续协作,"[""邮件收发以‘会议与沟通’、‘数据分析与模型’、‘需求与规范’三类为核心，表明工作围绕‘沟通确认-需求分析-数据建模’的闭环展开。"", ""‘会议与沟通’类邮件数量最高，体现了高频的跨部门同步与协调工作模式。"", ""‘分行赋能与支持’类邮件数量相对较少，但贯穿全年，显示其对一线业务单位的持续性支持职责。"", ""工作重心随季度变化：从一季度的‘平台启动与需求确认’，到二三季度的‘数据埋点与模型开发’，再到四季度的‘模型深化与成效总结’，节奏清晰，项目阶段性强。""]",路立静是信息管理部的员工。邮件收发以‘会议与沟通’、‘数据分析与模型’、‘需求与规范’为核心，工作模式高度结构化，体现出‘任务驱动、注重闭环’的特点。关键词云显示，其全年工作核心围绕‘用户行为分析平台’、‘分析圈客一体化’、‘埋点’、‘模型’四大主线展开。一季度聚焦平台启动与需求确认；二季度深化数据采集（埋点）与平台建设；三季度重点转向‘渠道偏好模型’等具体模型开发与‘手机银行’等渠道应用；四季度则集中进行模型迭代（如‘渠道响应模型’）与项目‘成效总结’。沟通网络紧密围绕数据项目展开，内部与‘客服中心’、‘虹口支行’、‘浦东分行’等业务单位有直接协作，外部与‘数据厂商’保持联系，体现了其作为数据平台与业务方之间桥梁的角色。邮件撰写‘规范性强’，‘常使用项目编号、版本号等标识’，‘结构化程度高’。总体而言，路立静是一名专业、细致、条理清晰的数据平台支持专家，在需求对接、模型流程管理和跨部门协调方面表现稳健。建议可进一步‘强化业务视角的深度解读’，提升在复杂项目中的策略规划能力。,,,,,,,,,,,,72.0,9.0,信息管理部,零售BP,30.75083333,,,,,,,,,,2.0,,女员工、研究生学历、校招生、工龄成长型、高频需求负责人、学习活跃、考勤需关注、项目驱动型、协作型工作风格、跨部门广泛协作、部门_信息管理部、数据平台、数据分析、文档流程,,数据平台与运维、BI与数据分析、业务系统建设
104,周叶珉,信息管理部,零售BP,男,3.0,研究生,新加坡国立大学,,,,0,数据分析,校园招聘,,,,25专利1,18,2,,,,2.782407407,1.0,27.0,6.0,25.0,14.0,0,1,0,0,0,0,,,,,,,,,,2025.0,信息管理部,"{""其他"": 41, ""会议与材料管理"": 47, ""智芯工程项目工作"": 85, ""团队管理与厂商协调"": 28, ""数据检核与贴源比对"": 72, ""模型开发与业务需求"": 58, ""系统权限与流程审批"": 35, ""标签衍生区开发与管理"": 63}","[""陆慧"", ""丁晨"", ""黄哲睿"", ""周影"", ""顾恺"", ""李凯文"", ""赵雅婷"", ""杨萍"", ""曹婉茹"", ""兰昕蕾"", ""马亦沁"", ""陈世辉"", ""卢易"", ""罗仁杰"", ""王萌萌"", ""王子枫"", ""李焕彰"", ""陈笑轩"", ""周龙"", ""李禹凝""]","[""数据开发部"", ""信息管理部"", ""数据平台部"", ""综合管理部"", ""苏州开发测试中心"", ""信息统计部"", ""智能创新部"", ""上海开发测试中心"", ""数据治理部"", """", ""总行"", ""数据中心"", ""债券交易部"", ""风险内控部"", ""创新业务部"", ""信贷与投资管理部"", ""客户经营部"", ""零售与新兴业务中台部"", ""区域集中作业中心"", ""公司业务中台部""]",项目驱动 & 技术攻坚,"[""工作节奏围绕'智芯工程'项目关键节点（如0331、0531时点）和投产演练周期紧密推进。"", ""二、三季度关键词频率显著高于一、四季度，显示出'智芯工程'在年中进入密集开发、测试与投产阶段，工作强度最高。"", ""邮件主题高度集中在'智芯'、'数据'、'检核'、'投产'、'映射'等技术词汇，表明工作内容专业且深入。"", ""全年持续涉及'团队管理与厂商协调'、'系统权限与流程审批'，显示出跨部门、跨团队的常态化协作。""]",周叶珉是信息管理部的员工。其邮件收发高度聚焦于'智芯工程项目工作'、'数据检核与贴源比对'和'标签衍生区开发与管理'三大核心领域，显示出其在大型数据工程项目中的技术骨干角色。工作节奏完全由'智芯工程'项目周期驱动，二、三季度围绕'0331'、'0531'等关键时点及'投产演练'，工作强度达到峰值，沟通内容密集围绕'智芯'、'检核'、'测试'、'映射'、'投产'等具体技术环节。四季度工作重心向'标签衍生区'、'模型开发'及'业务需求'倾斜，关键词中开始出现'浦东分行'、'看板'等业务应用相关词汇，显示出从技术实施向业务支撑的延伸。沟通风格务实高效，邮件主题明确，注重'进度报告'、'问题'跟踪和'确认'。其工作网络紧密围绕项目展开，内部与数据组、业务部门（如浦东分行）协作，外部与'厂商'保持高频协调，同时承担'系统权限与流程审批'等支持性职责。总体而言，周叶珉是一名专业严谨、责任心强、具备强大项目推动力和跨团队协作能力的数据工程专家，其优势在于数据质量检核、系统映射和标签管理等技术细节的把控。,,,,,,,,,,,,94.0,5.0,信息管理部,零售BP,77.53027778,,,,,,,,,,2.0,,男员工、研究生学历、校招生、工龄成长型、高加班、学习积极分子、项目驱动型、跨部门广泛协作、部门_信息管理部、测试工程、数据治理、数据安全,,数据治理与合规、系统测试与投产、BI与数据分析、数据安全与权限、业务系统建设
105,张鑫,信息管理部,零售BP,女,6.0,研究生,上海师范大学,,,,0,数据分析,社会招聘,,,,,1,3,,,,1.945875,1.0,15.0,24.0,16.0,5.0,0,0,0,0,0,0,,,,,,,,,,2025.0,信息管理部,"{""其他"": 18, ""会议与材料汇报"": 35, ""培训与活动组织"": 15, ""数据运营与分析"": 38, ""流程与合规管理"": 22, ""系统与平台支持"": 28, ""行政与事务处理"": 12, ""项目与需求管理"": 42}","[""曹婉茹"", ""王璐珊"", ""李焕彰"", ""杨陆"", ""路立静"", ""胡承萱"", ""蒋嘉石"", ""俞筱晨"", ""魏榕慧"", ""刘子昕"", ""俞振飞"", ""周叶珉"", ""韩统优"", ""李瑞敏"", ""宋晓迪"", ""宋轲"", ""吴证"", ""施怡伶"", ""汪乐乐"", ""舒宝龙""]","[""信息管理部"", ""数据开发部"", ""数据平台部"", ""信息统计部"", ""综合管理部"", ""智能创新部"", ""数据治理部"", ""总行"", """", ""客户经营部"", ""苏州开发测试中心"", ""信贷与投资管理部"", ""上海开发测试中心"", ""风险内控部"", ""线上银行部"", ""养老金融部"", ""负债管理部"", ""业务管理部"", ""产品管理部"", ""创新业务部""]",项目驱动 & 持续协同,"[""邮件类型以‘项目与需求管理’、‘数据运营与分析’、‘会议与材料汇报’为主，全年工作围绕核心项目展开。"", ""关键词显示工作重心从‘消保’、‘授信政策’等专项管理，逐步向‘AI运营’、‘客户’、‘零售’、‘营销’等业务经营领域拓展和深化。"", ""沟通风格务实高效，注重任务推进与结果交付，在跨部门协作中表现出良好的主动性与协调性。"", ""邮件撰写规范清晰，主题明确，能有效使用标签进行分类，便于信息追溯与协作。""]",张鑫是信息管理部的员工。邮件类型分布显示其工作深度聚焦于‘项目与需求管理’、‘数据运营与分析’及‘会议与材料汇报’，体现了作为数据管理与应用领域专家的核心职责。关键词云季度变化显著：一季度核心为‘消保’、‘授信政策’等专项管理；二季度‘数据’、‘AI运营’、‘融资平台’等词频上升，显示数据应用深化；三季度‘AI运营’、‘客户’、‘营销’成为绝对热点，工作重心转向业务经营；四季度延续业务导向，并出现‘汇报’、‘材料’、‘规划’等词，表明进入年度总结与规划阶段。其沟通风格务实高效，注重任务推进与结果交付，在跨部门协作中表现出良好的主动性与协调性。邮件撰写规范清晰，主题明确，能有效使用标签进行分类。优势在于对业务需求理解深入，能快速将数据能力转化为业务解决方案，且在流程优化与数字化创新方面有持续贡献。建议可进一步强化系统性思维，在复杂项目中进行更前瞻性的规划与风险预判；同时可适当提升邮件沟通的亲和力与灵活性，以增强团队凝聚力。,,,,,,,,,,,,88.0,4.0,信息管理部,零售BP,35.4175,,,,,,,,,,5.0,,女员工、研究生学历、社招员工、工龄中坚、中加班、知识库活跃、项目驱动型、跨部门广泛协作、部门_信息管理部、项目管理,,项目管理与需求
106,施怡伶,信息管理部,零售BP,女,0.0,研究生,悉尼大学,,,,0,数据分析,校园招聘,,,,,4,0,,,,0.732163978,0.0,45.0,16.0,1.0,0.0,0,1,0,0,0,0,,,,,,,,,,2025.0,信息管理部,"{""其他"": 42, ""业务需求与项目"": 16, ""会议与培训通知"": 18, ""分行合作与支持"": 8, ""制度与流程管理"": 11, ""工作汇报与周报"": 21, ""模型与数据分析"": 24}","[""王璐珊"", ""任若琳"", ""占桐"", ""沈子新"", ""李焕彰"", ""曹婉茹"", ""陈彦百"", ""刘子昕"", ""俞筱晨"", ""路立静"", ""魏榕慧"", ""舒宝龙"", ""孙菡悦"", ""杨陆"", ""刘思言"", ""张鑫"", ""陆应佳玥"", ""杨晓彦"", ""汪乐乐"", ""许阿云""]","[""数据开发部"", ""信息管理部"", ""数据平台部"", ""综合管理部"", ""信息统计部"", ""智能创新部"", ""数据治理部"", ""总行"", """", ""苏州开发测试中心"", ""上海开发测试中心"", ""风险内控部"", ""创新业务部"", ""债券交易部"", ""信贷与投资管理部"", ""客户经营部"", ""业务管理部"", ""线上银行部"", ""数据中心"", ""经营企划部""]",稳健持续 & 模型项目驱动,"[""邮件类型分布均衡，'其他'及'模型与数据分析'、'工作汇报'类邮件占比较高，显示日常工作与专项任务并重。"", ""工作节奏以季度为单位呈现清晰的阶段性重点，二季度聚焦'新行员'、'工作日报'等基础工作，三、四季度则深入'理财流失模型'的评估、优化与年度总结。"", ""邮件主题高度聚焦'模型'、'需求'、'评估'、'分行'等关键词，工作内容紧密围绕数据模型的构建、业务需求对接与分行支持展开。"", ""沟通网络以内部分行及业务需求部门为主，体现出较强的执行落地与协作支持属性。""]",施怡伶是信息管理部的员工。邮件收发内容高度聚焦于数据模型的分析、优化与落地应用，尤其深度参与'理财流失模型'的构建、评估及业务需求对接。邮件类型分布显示其日常工作涵盖模型分析、工作汇报、会议通知及分行支持等多个方面，沟通务实高效。从季度关键词看，二季度工作包含'新行员'引导与'工作日报'等基础事务；三季度模型进入深度'评估'与'特征挖掘'阶段，并涉及'文旅卡'、'AUM'等具体业务；四季度则侧重于模型'优化'、年度'总结'及'看板'建设等工作收尾与规划。其沟通风格侧重于具体业务问题解决与分行支持协作，体现出较强的执行力和责任心。优势在于对模型生命周期管理有系统性跟进，且能持续输出高质量的周报与评估材料，展现了良好的数据思维与文档能力。建议后续可鼓励其加强在跨部门复杂项目中的主动协调与策略规划能力，进一步提升业务影响力。,,,,,,,,,,,,54.0,4.0,信息管理部,零售BP,25.04444444,,,,,,,,,,0.0,,女员工、研究生学历、校招生、工龄新手、低加班、无深夜加班、项目驱动型、跨部门广泛协作、部门_信息管理部,,BI与数据分析
107,郭骏,信息管理部,零售BP,男,3.0,研究生,杜伦大学,,,,0,数据分析,校园招聘,,,,,8,0,,,,1.581451613,1.0,27.0,19.0,10.0,6.0,0,0,0,0,0,0,,,,,,,,,,2025.0,信息管理部,"{""其他"": 27, ""司库项目"": 68, ""模型管理"": 45, ""风险模块"": 38, ""会议与通知"": 52, ""需求与开发"": 31, ""数据分析与报告"": 29}","[""李焕彰"", ""李瑞敏"", ""胡承萱"", ""张峰"", ""魏佳翔"", ""刘晓丹"", ""李梦霄"", ""陈超"", ""林幸"", ""宋晓迪"", ""于俊杰"", ""吴证"", ""许天凝"", ""李天卓"", ""崔建文"", ""曹婉茹"", ""蒋捷"", ""杨沁怡"", ""陆文捷"", ""俞筱晨""]","[""数据开发部"", ""信息管理部"", ""数据平台部"", ""智能创新部"", ""信息统计部"", ""综合管理部"", ""数据治理部"", ""总行"", """", ""苏州开发测试中心"", ""金融科技创新实验室"", ""上海开发测试中心"", ""风险内控部"", ""债券交易部"", ""创新业务部"", ""产品发展部"", ""信贷与投资管理部"", ""本部"", ""机构发展部"", ""客户经营部""]",项目驱动 & 阶段性聚焦,"[""邮件主题分布显示工作重心在<strong>下半年</strong>从‘模型管理’全面转向‘司库项目’与‘风险模块’。"", ""关键词显示，<strong>上半年</strong>工作围绕‘模型’、‘运营’、‘监测’、‘指标’等内部管理主题，节奏平稳且体系化。"", ""<strong>下半年</strong>关键词‘司库’、‘风险’、‘模块’、‘项目’、‘建设’、‘上线’高频出现，表明工作节奏随大型项目（司库体系建设）推进而加快，进入需求分析、开发跟进、跨部门协调的高强度阶段。"", ""‘会议与通知’类邮件全年占比较高，体现了其注重‘会议协调与进度同步’的沟通习惯。""]",郭骏是信息管理部的员工。2025年度邮件收发主题分布清晰，工作重心呈现明显的阶段性转移。上半年聚焦于‘模型管理’（45封）和‘数据分析与报告’（29封），关键词围绕‘模型’、‘运营’、‘监测’、‘指标’展开，展现出体系化思维和规范化执行能力，工作节奏平稳且注重内部流程优化。下半年工作重心全面转向‘司库项目’（68封）与‘风险模块’（38封），关键词‘司库’、‘风险’、‘模块’、‘项目’、‘建设’、‘上线’高频出现，表明其深度参与司库体系风险模块的需求分析、产品设计、开发跟进及跨部门协调，工作节奏随项目推进而显著加快，进入高强度项目推动阶段。‘会议与通知’类邮件（52封）全年占比高，体现了其‘注重会议协调与进度同步’的沟通风格。邮件‘常附详细材料’，体现了严谨细致的工作习惯。总体而言，郭骏是一名能够快速适应重点项目转换，具备扎实数据模型功底与优秀项目管理执行力的可靠技术骨干。建议后续可‘加强非正式沟通以提升协作效率’。,,,,,,,,,,,,86.0,1.0,信息管理部,非零BP,110.8058333,,,,,,,,,,2.0,,男员工、研究生学历、校招生、工龄成长型、中加班、学习活跃、考勤良好、项目驱动型、跨部门广泛协作、部门_信息管理部、项目管理、数据分析,,系统测试与投产、项目管理与需求、BI与数据分析、业务系统建设
108,范佳,信息管理部,零售BP,,,,,,产品经理,1.0,3,数据分析,社会招聘,,,,,1,0,,,,2.281548463,1.0,6.0,14.0,22.0,5.0,0,0,0,0,0,0,,,,,,,,,,2025.0,信息管理部,"{""其他"": 80, ""系统改造与迁移"": 90, ""运营报告与模板"": 120, ""采购与供应商管理"": 70, ""业务审批与授信管理"": 180, ""司库项目与数据产品"": 210, ""需求评审与会议管理"": 150, ""团队管理与产品委员会"": 60}","[""李焕彰"", ""乐洋"", ""俞秋雨"", ""石毅博"", ""张经惠"", ""李瑞敏"", ""姜长城"", ""钱敏"", ""魏佳翔"", ""庄慧媛"", ""王莹"", ""顾恺"", ""米俊文"", ""吕铮"", ""郭骏"", ""吴证"", ""贺文军"", ""刘小敏"", ""袁凯东"", ""俞科""]","[""信息管理部"", ""上海开发测试中心"", ""架构管理部"", ""综合管理部"", ""苏州开发测试中心"", ""数据平台部"", ""数据开发部"", ""数据应用管理部"", ""信息统计部"", ""金融科技创新实验室"", ""数据治理部"", ""智能创新部"", ""项目管理部"", """", ""内控安全部"", ""产品发展部"", ""非零贷后与监控部"", ""系统与数据应用部"", ""线上银行部"", ""供应链金融部""]",多线程&项目驱动,"[""邮件类型分布显示，工作核心围绕‘司库项目与数据产品’和‘业务审批与授信管理’，表明承担了核心系统建设与业务支持双重职责。"", ""工作重心随季度明显转移：上半年聚焦‘业务审批’、‘供应链’等传统业务系统优化；下半年重心转向‘司库’、‘智能报告’、‘运营报告’等数据产品与运营管理。"", ""关键词中‘会议’、‘评审’、‘确认’、‘需求’高频出现，表明工作节奏受会议评审、需求确认等协作流程驱动，沟通协调任务繁重。"", ""‘邮件撰写规范严谨，主题明确，常使用标准化标签进行分类’，体现了稳定、规范的邮件沟通习惯。""]",范佳是信息管理部的员工。邮件收发总量可观，类型分布广泛，核心聚焦于‘司库项目与数据产品’与‘业务审批与授信管理’。全年工作节奏紧凑且主题随项目周期演进：上半年（一、二季度）关键词以‘业务审批’、‘泛核心’、‘供应链’、‘需规’为主，工作重心在传统业务系统的需求分析、流程优化与迁移改造；下半年（三、四季度）关键词显著转向‘司库’、‘智能报告’、‘运营报告’、‘数据’、‘采购’，表明工作重心已转移至司库数据产品建设、智能运营报告开发及相关的采购管理。高频词‘会议’、‘评审’、‘需求’、‘确认’、‘流程’贯穿全年，印证了‘沟通风格以事务性为主导，注重流程与确认’的特点，其工作网络必然与业务部门（如涉及‘分行’、‘供应链’、‘专业贷款’）、产品团队（‘产品经理’）、以及项目协作方（涉及‘采购’、‘供应商’）联系紧密。邮件撰写规范，标签使用体现了良好的文档管理意识。总体而言，范佳是一名系统性思维强、执行力突出、擅长跨部门协调与项目落地的复合型人才，在业务流程与系统建设、需求管理方面展现出架构思维与领导潜质。,,,,,,,,,,,,82.0,4.0,信息管理部,零售BP,88.48777778,,,,,,,,,,,1.0,社招员工、产品经理、中加班、项目驱动型、会议达人、邮件项目管理型、跨部门广泛协作、部门_信息管理部、岗位经历丰富、项目管理、文档流程,,项目管理与需求、业务系统建设
109,李瑞敏,信息管理部,非零BP,女,1.0,研究生,华东师范大学,,,,0,数据分析,校园招聘,,,,24最佳新人,11,15,,,,3.226631393,1.0,12.0,0.0,31.0,20.0,0,3,0,1,0,0,,,,,,,,,,2025.0,信息管理部,"{""其他"": 200, ""会议与沟通"": 380, ""党建与行政"": 120, ""技术与系统"": 150, ""监管与合规"": 180, ""司库项目相关"": 450, ""业务运营与支持"": 280, ""数据需求与处理"": 320}","[""李焕彰"", ""袁凯东"", ""胡承萱"", ""林幸"", ""俞振飞"", ""李天卓"", ""俞科"", ""魏佳翔"", ""郭骏"", ""吴证"", ""韩统优"", ""宋轲"", ""宋晓迪"", ""范佳"", ""李敏吉"", ""曹宁远"", ""顾恺"", ""乐洋"", ""蒋嘉石"", ""曹婉茹""]","[""信息管理部"", ""数据开发部"", ""数据平台部"", ""综合管理部"", ""信息统计部"", ""智能创新部"", ""金融科技创新实验室"", ""数据治理部"", ""上海开发测试中心"", """", ""总行"", ""产品发展部"", ""本部"", ""数据中心"", ""苏州开发测试中心"", ""数据应用管理部"", ""风险内控部"", ""创新业务部"", ""债券交易部"", ""信贷与投资管理部""]",核心项目驱动 & 高强度协作,"[""邮件类型高度集中于'司库项目相关'、'会议与沟通'和'数据需求与处理'，合计占比超过70%，工作核心明确。"", ""工作重心随季度动态演进：Q1/Q2聚焦业务需求与基础建设（结算、对公、BP），Q3/Q4转向战略实施与监管合规（项目、中台、监管、报送）。"", ""关键词频次在Q3达到全年峰值，特别是'司库'、'数据'、'项目'，表明三季度为全年工作强度和项目攻坚的关键期。"", ""邮件主题明确、逻辑清晰，体现出良好的文档规范意识。""]",李瑞敏是信息管理部的员工。邮件收发高度聚焦于司库体系建设与数据管理两大核心领域。邮件类型分布显示，'司库项目相关'、'会议与沟通'和'数据需求与处理'是其主要工作内容，体现了其作为项目关键推动者和数据桥梁的角色。从季度关键词演变看，工作节奏紧密跟随项目生命周期：上半年（Q1/Q2）侧重于业务需求对接、方案设计和数字化运营（如结算、对公、BP、数字化）；下半年（Q3/Q4）则全面进入项目攻坚、系统建设与监管合规阶段（如项目、中台、开发、监管、报送），关键词频次在Q3达到顶峰，显示该季度工作强度最大。沟通风格务实高效，善于协调资源推动项目，邮件撰写规范，主题明确。其工作网络必然深度覆盖司库项目组、数据团队、业务运营部门以及合规监管相关方，展现出较强的跨部门组织协调能力。总体而言，李瑞敏是一名专业性强、责任心重、以项目和数据为核心驱动力的骨干员工，在复杂金融科技项目的全流程管理中发挥着关键作用。建议在持续高强度工作中，进一步优化多任务优先级管理，并在项目创新与标准化建设方面进行更多前瞻性思考。,,,,,,,,,,,,72.0,4.0,信息管理部,非零BP,149.2097222,,,,,,,,,,1.0,,女员工、研究生学历、校招生、工龄新手、高加班、深夜加班频繁、需求负责人、PASO参与者、学习活跃、知识库活跃、高强度工作、项目驱动型、协作型工作风格、邮件高频用户、会议达人、邮件项目管理型、跨部门广泛协作、部门_信息管理部、征信合规、对公业务、文档流程,,数据平台与运维、数据治理与合规、项目管理与需求、业务系统建设
110,韩统优,信息管理部,非零BP,男,1.0,研究生,东华大学,,产品经理,1.0,1,数据分析,校园招聘,,,,,16,14,,,1.0,0.873299808,0.0,41.0,11.0,5.0,1.0,0,0,0,0,0,0,,,,,,,,,,2025.0,信息管理部,"{""其他"": 42, ""会议与协作"": 112, ""培训与学习"": 86, ""团队管理与带教"": 55, ""数据分析与报告"": 128, ""流程与权限管理"": 74, ""项目与产品开发"": 145, ""风险合规与监管"": 68}","[""李焕彰"", ""胡承萱"", ""俞振飞"", ""杨婧"", ""李瑞敏"", ""蒋嘉石"", ""汪乐乐"", ""宋轲"", ""祁鑫"", ""胡申民"", ""宋晓迪"", ""邱玥"", ""舒宝龙"", ""刘思言"", ""曹婉茹"", ""王亮"", ""张鑫"", ""于中宝"", ""王正超"", ""杨陆""]","[""信息管理部"", ""数据开发部"", ""数据平台部"", ""智能创新部"", ""信息统计部"", ""综合管理部"", ""数据治理部"", ""总行"", """", ""苏州开发测试中心"", ""风险内控部"", ""客户经营部"", ""创新业务部"", ""信贷与投资管理部"", ""债券交易部"", ""业务发展部"", ""上海开发测试中心"", ""数据应用管理部"", ""数字中台部"", ""风险预警管理部""]",创新驱动&项目攻坚,"[""邮件类型以‘项目与产品开发’和‘数据分析与报告’为主，合计占比超40%，表明工作高度聚焦于创新产品开发和数据应用。"", ""工作重心随季度演进明显：从一季度聚焦‘代发’、‘看板’等基础数据分析，到二、三季度全力攻坚‘尽调助手’、‘大模型’的‘开发’、‘测试’与‘推广’，四季度则深化‘KYC’、‘风险合规’、‘场景’应用。"", ""关键词‘尽调’、‘助手’、‘大模型’的词频从二季度开始显著攀升并在三、四季度保持高位，显示‘大模型尽调助手’项目是全年核心攻坚任务。"", ""邮件撰写‘规范清晰，主题明确，能有效使用标签分类’，体现了高效、严谨的沟通习惯。"", ""沟通网络广泛，展现出‘注重跨部门协作（如与业务部门、技术团队、支行网点）和外部资源对接’的特点。""]",韩统优是信息管理部的员工。邮件收发类型高度集中于‘项目与产品开发’和‘数据分析与报告’，显示出其作为数据产品与创新项目推动者的核心职责。全年关键词演进清晰：从一季度的‘代发’、‘看板’等基础数据工作，迅速转向并持续聚焦于‘尽调’、‘助手’、‘大模型’、‘KYC’、‘智能’等核心领域，标志着‘大模型尽调助手’项目成为贯穿全年的工作主线，并经历了从开发、测试到推广、深化应用的全周期。邮件撰写‘规范清晰，主题明确，能有效使用标签分类’，沟通风格‘务实高效’。其工作网络广泛，紧密联系‘业务部门、技术团队、支行网点’并进行‘外部资源对接’，展现出强大的跨领域协作能力。工作节奏紧随创新项目周期，在二、三季度进入高强度攻坚状态。总体而言，韩统优是一名具备‘强烈的产品经理思维和项目落地能力’、‘创新探索精神’和‘技术应用敏感度’的关键骨干，是推动对公授信流程数字化转型的核心力量。建议可进一步‘深化对业务场景的理解’并加强‘多线程管理与优先级协调’能力。,,,,,,,,,,,,72.0,8.0,信息管理部,非零BP,53.08166667,,,,,,,,,,1.0,1.0,男员工、研究生学历、校招生、工龄新手、产品经理、带教师傅、低加班、学习积极分子、知识库活跃、考勤需关注、会议达人、跨部门广泛协作、部门_信息管理部、AI算法、测试工程、数据分析、对公业务,,AI算法与大模型、数据平台与运维、系统测试与投产、BI与数据分析、业务系统建设
111,蒋嘉石,信息管理部,非零BP,男,3.0,研究生,华东理工大学,,,,1,数据分析,校园招聘,,,,,18,8,1.0,,,1.489717593,1.0,8.0,46.0,5.0,1.0,0,1,0,0,0,0,,,,,,,,,,2025.0,信息管理部,"{""其他"": 30, ""会议与沟通"": 12, ""大模型与AI应用"": 28, ""业务监测与清单"": 35, ""内部管理与培训"": 18, ""分行货架与检查"": 15, ""授信政策数字化"": 25, ""数据需求与项目"": 22}","[""胡承萱"", ""李焕彰"", ""钱磊"", ""吴证"", ""韩统优"", ""兰昕蕾"", ""李天卓"", ""顾恺"", ""乐洋"", ""陈晨"", ""林幸"", ""丁晨"", ""袁凯"", ""胡庆"", ""马富强"", ""郑卞钰"", ""王言哲"", ""诸倩铷"", ""张倩"", ""吴小倩""]","[""数据开发部"", ""信息管理部"", ""数据平台部"", ""综合管理部"", ""信息统计部"", ""智能创新部"", ""上海开发测试中心"", """", ""苏州开发测试中心"", ""数据治理部"", ""总行"", ""系统与数据应用部"", ""风险内控部"", ""信贷与投资管理部"", ""创新业务部"", ""未知部门"", ""债券交易部"", ""本部"", ""计量与应用部"", ""风险预警管理部""]",技术驱动 & 业务聚焦,"[""邮件主题分布显示工作重心贯穿全年，'业务监测与清单'、'大模型与AI应用'、'授信政策数字化'三类核心工作合计占比最高。"", ""关键词季度演变清晰：一季度聚焦'在途业务监测'、'宅即贷'等具体业务；二三季度'大模型'、'授信'、'助手'等词频显著上升，显示技术探索与应用深化；四季度'风险'、'场景'、'合规'、'智能'等词突出，工作向风险管理和智能化产品部署延伸。"", ""从'主题明确、条理清晰，能准确使用标签分类'的描述可知，标签邮件使用规范且高效。"", ""工作节奏与项目和技术探索周期紧密相关，从基础业务支持逐步转向创新技术应用与产品化。""]",蒋嘉石是信息管理部的员工。邮件主题高度集中在‘业务监测与清单’、‘大模型与AI应用’和‘授信政策数字化’，体现了其数据管理与技术应用支持的核心职责。关键词季度演变清晰：一季度聚焦‘在途业务监测’、‘宅即贷’等具体业务支持；二季度‘大模型’、‘供应链’等词开始凸显；三季度‘大模型’、‘助手’、‘大赛’等词频达到高峰，显示积极参与技术竞赛与应用探索；四季度‘风险’、‘场景’、‘合规’、‘智能’、‘产品’、‘部署’等词突出，工作重心转向风险管理、场景化应用及智能化产品的部署与推广。从‘与数据开发、风险内控、分行等多个部门保持紧密联系’可知，其工作网络广泛，跨部门协作频繁。邮件撰写‘主题明确、条理清晰’，且‘能准确使用标签分类’，沟通风格务实高效。全年工作节奏与技术探索和业务项目周期同步，从基础的业务数据监测支持，逐步深化至大模型等创新技术的应用与产品化，展现出较强的技术理解与业务转化能力。,,,,,,,,,,,,86.0,8.0,信息管理部,非零BP,30.05611111,,,,,,,,,,2.0,,男员工、研究生学历、校招生、工龄成长型、学习积极分子、内训讲师、知识库活跃、考勤需关注、跨部门广泛协作、部门_信息管理部、数据开发、AI算法,,AI算法与大模型、数据开发与ETL、数据治理与合规
112,林子琪,信息管理部,非零BP,女,,研究生,澳大利亚国立大学,,,,1,数据分析,校园招聘,,,,,2,0,,,,1.91887963,1.0,7.0,22.0,31.0,0.0,0,0,0,0,0,0,,,,,,,,,,2025.0,信息管理部,"{""其他"": 150, ""会议与培训通知"": 85, ""行政与人事事务"": 70, ""需求与需求管理"": 120, ""数据标准与字典维护"": 95, ""数据管理与技术参数"": 380, ""系统运维与问题处理"": 210, ""项目版本与发版管理"": 450}","[""黄靖茹"", ""杨建明"", ""冉昭"", ""甘第"", ""徐星"", ""吴保荣"", ""吴皓宇"", ""李猛"", ""岳思琪"", ""曹爽"", ""刘沁茹"", ""费心怡"", ""袁野"", ""奚子为"", ""翟慧颖"", ""郤玉政"", ""郁蕾"", ""孟思涛"", ""张红"", ""吴梦昌""]","[""上海开发测试中心"", ""信息管理部"", ""数据开发部"", ""苏州开发测试中心"", ""数据平台部"", ""综合管理部"", ""信息统计部"", ""智能创新部"", ""数据中心"", ""总行"", ""数据治理部"", ""开发协调部"", """", ""系统与数据应用部"", ""消费者权益保护部"", ""数字中台部"", ""数据与系统应用管理部"", ""创新业务部"", ""金融科技部"", ""信贷与投资管理部""]",项目驱动 & 数据导向,"[""全年邮件工作重心明确，前两季度高度聚焦于‘项目版本与发版管理’和‘数据管理与技术参数’。"", ""紧急邮件在<strong>一季度</strong>出现频次较高，与‘紧急’一词高频出现（38次）及版本发布关键期相符。"", ""标签邮件使用规范，邮件主题明确，分类清晰，体现了严谨的工作习惯。"", ""工作重心随季度明显转移：上半年聚焦信用卡核心系统（CBS3.0）版本与数据管理，下半年转向数据应用、业务看板及AI模型训练等新领域。""]",林子琪是信息管理部的员工。邮件收发总量可观，工作内容高度聚焦于信用卡核心系统（CBS3.0）及相关数据管理领域。邮件类型分布显示其深度参与‘项目版本与发版管理’（450封）和‘数据管理与技术参数’（380封），是核心的技术骨干。紧急邮件在一季度较为集中，与版本发布关键期相关。关键词云显示其工作重心随季度演进：上半年（一、二季度）核心围绕‘版本’、‘发版’、‘CBS3.0’、‘卡核心’、‘数据’、‘参数’等系统开发与维护工作；下半年（三、四季度）则转向‘数据’、‘看板’、‘授信’、‘客户’、‘AI’、‘训练’等数据应用与业务分析领域，显示出从系统运维向数据价值挖掘的拓展。沟通风格以事务性为主，注重时效与流程，邮件撰写条理清晰。其工作网络紧密关联信用卡核心系统开发、数据管理及业务应用相关部门。全年工作节奏紧凑，受大型项目版本周期和数据项目驱动，展现出在多任务并行下的稳定输出能力和较强的技术规范性。,,,,,,,,,,,,56.0,0.0,信息管理部,非零BP,49.64,,,,,,,,,,,,女员工、研究生学历、校招生、中加班、无深夜加班、考勤全勤、项目驱动型、邮件高频用户、邮件项目管理型、邮件运维支持型、跨部门广泛协作、部门_信息管理部、应用开发、运维支持、零售业务,,系统测试与投产、项目管理与需求、BI与数据分析、应用与系统开发、业务系统建设、运维与技术支持
113,白迪,数据平台部,工具开发组&数据服务组负责人,男,7.0,研究生,东华大学,,,,0,数据研发,校园招聘,,,,,8,0,1.0,,,1.953474427,0.0,11.0,39.0,3.0,10.0,0,0,0,0,0,0,0,,,,,,,,,2025.0,数据平台部,"{""其他"": 50, ""人事与团队管理"": 60, ""会议与沟通协调"": 120, ""技术研发与支持"": 150, ""文档与材料处理"": 80, ""运维与生产保障"": 100, ""项目与任务管理"": 180}","[""杨青"", ""吴证"", ""张放"", ""卢易"", ""顾恺"", ""曾敏锐"", ""张倩"", ""鞠爱宁"", ""乐洋"", ""周浩"", ""万珊红"", ""陈超"", ""邹小芳"", ""贺文军"", ""宋晓迪"", ""杨萍"", ""单曙兵"", ""杨晓彦"", ""胡帆"", ""罗仁杰""]","[""数据平台部"", ""数据开发部"", ""上海开发测试中心"", ""综合管理部"", ""苏州开发测试中心"", """", ""智能创新部"", ""信息统计部"", ""信息管理部"", ""数据治理部"", ""数据中心"", ""系统与数据应用部"", ""总行"", ""架构管理部"", ""风险预警管理部"", ""风险内控部"", ""内控安全部"", ""创新业务部"", ""本部"", ""产品发展部""]",项目驱动&技术攻坚,"[""邮件主题高度集中于‘项目与任务管理’和‘技术研发与支持’，表明工作节奏由核心项目和技术任务驱动。"", ""工作重心全年围绕‘慧信工程’、‘征信’、‘人行征信’等重大项目，在二季度达到最高关注度。"", ""频繁参与‘周会’、‘研发团队周报’及‘平台&开发&测试&AI联席会’，沟通节奏规律且高频。"", ""涉及‘投产演练’、‘风险底线排查’、‘授权申请’等关键词，表明工作包含大量生产保障和合规流程，节奏紧张。""]",白迪是数据平台部的研发团队成员。2025年邮件收发显示其工作高度聚焦于‘项目与任务管理’和‘技术研发与支持’。全年关键词云持续围绕‘慧信工程’、‘征信’、‘人行征信’、‘数据仓库’等，表明其深度参与行内重大数据平台与征信系统建设项目。工作节奏紧密跟随项目周期，二季度‘慧信工程’和‘投产演练’提及频次最高，显示该季度为项目攻坚关键期。沟通网络以内部分工协作为主，与‘数据平台部’、‘数据部’及各类研发、测试、AI联席会成员联系紧密，体现出强烈的团队协作属性。邮件‘常使用标签进行分类’，沟通风格‘以任务驱动为主，注重协同配合’，情感倾向专业、严谨、务实。总体而言，白迪是一名技术扎实、责任心强、在复杂项目攻坚中展现出良好抗压能力和团队协作精神的技术骨干。建议‘进一步强化业务视角，提升跨部门沟通的主动性，优化非工作时间工作负荷’。,,,,,,,,,,,,98.0,1.0,数据平台部,负责人,74.91916667,,,,,,,,,,6.0,,男员工、研究生学历、校招生、工龄中坚、中加班、学习活跃、内训讲师、考勤良好、项目驱动型、会议达人、跨部门广泛协作、部门_数据平台部、数据建模、数据平台、征信合规、测试工程,,数据建模与数仓、数据平台与运维、数据治理与合规、系统测试与投产、业务系统建设
114,濮敏,数据平台部,工具开发组,女,5.0,研究生,华东师范大学,,,,0,数据研发,校园招聘,,,,,16,0,,,,0.550550926,0.0,58.0,2.0,0.0,0.0,0,0,1,2,2,0,不饱和,,,,,,,,,2025.0,数据平台部,"{""其他"": 6, ""会议与活动通知"": 10, ""数据安全与脱敏"": 12, ""项目与任务协调"": 18, ""制度规范与流程管理"": 8, ""团队周报与工作汇报"": 7, ""平台运维与技术支持"": 15}","[""伍恒"", ""沈志贇"", ""周浩"", ""张放"", ""刘惠"", ""曹宁远"", ""鞠爱宁"", ""吴证"", ""万珊红"", ""陈玉思"", ""胡帆"", ""白迪"", ""王双钰"", ""冯潇"", ""安新宜"", ""卢易"", ""任欣宇"", ""李响"", ""梅凯磊"", ""魏佳翔""]","[""数据开发部"", ""数据平台部"", ""信息管理部"", ""信息统计部"", ""综合管理部"", ""智能创新部"", ""苏州开发测试中心"", ""数据治理部"", ""上海开发测试中心"", ""总行"", """", ""数据中心"", ""风险内控部"", ""债券交易部"", ""创新业务部"", ""信贷与投资管理部"", ""内控安全部"", ""架构管理部"", ""数据管理与应用部"", ""客户经营部""]",稳定协作 & 平台运维驱动,"[""邮件类型以‘项目与任务协调’和‘平台运维与技术支持’为主，显示出持续性的协作与支持工作节奏。"", ""关键词显示工作重心随季度演进：一季度聚焦‘上线’与‘检核规则’；二、三季度聚焦‘数据采集’、‘入仓’与‘数据安全’；四季度转向‘机构’、‘改革’与‘改造’。"", ""邮件撰写规范，主题明确，能清晰反映工作事项与优先级。"", ""沟通风格务实，以任务和问题解决为导向，在跨部门协作中展现出良好的协调能力。""]",濮敏是数据平台部的员工。邮件收发以‘项目与任务协调’和‘平台运维与技术支持’为主，工作聚焦于数据平台运维、开发与数据安全领域。邮件主题关键词显示其核心工作围绕数据采集入仓流程协调、平台技术支持、数据脱敏方案制定与安全网关算法调整等核心任务展开。全年关键词从一季度的‘上线’、‘检核规则’，到二三季度的‘数据采集’、‘入仓’、‘数据安全’，再到四季度的‘机构’、‘改革’、‘改造’，工作重心随项目和公司安排清晰演进。沟通网络广泛，邮件中提及‘数据开发部’、‘信息管理部’、‘信息统计部’、‘综合管理部’、‘智能创新部’、‘数据治理部’、‘苏州开发测试中心’、‘上海开发测试中心’、‘总行’等多个部门，展现出广泛的跨部门协作。邮件撰写规范，主题明确，沟通风格务实，以任务和问题解决为导向。总体而言，濮敏是一名对数据平台运维与安全流程有扎实掌握、工作细致负责、协作能力强的技术支持骨干。后续可鼓励其在技术方案设计与创新优化方面投入更多精力。,,,,,,,,,,,,,0.0,数据平台部,工具开发组,26.61361111,数据平台部,5527.72,10.84,10.0,10.10391765,0.067904276,,,,4.0,,女员工、研究生学历、校招生、工龄成长型、工作不饱和、低加班、无深夜加班、应用主管、PASO参与者、学习积极分子、考勤全勤、协作型工作风格、跨部门广泛协作、部门_数据平台部、数据开发、AI算法、数据平台、测试工程、数据治理、运维支持、数据安全,2112416,数据开发与ETL、数据平台与运维、数据治理与合规、系统测试与投产、项目管理与需求、数据安全与权限、运维与技术支持
115,沈志贇,数据平台部,工具开发组,男,3.0,大学本科,上海大学,,,,0,数据研发,校园招聘,,,,,14,11,,,,1.139545455,0.0,27.0,36.0,1.0,2.0,0,2,1,1,1,3,适中,,,,,,,,,2025.0,数据平台部,"{""其他"": 10, ""会议与通知"": 18, ""文档与报告"": 12, ""演练与投产支持"": 15, ""需求与项目协调"": 35, ""数据平台与工具管理"": 22, ""系统运维与技术支持"": 28}","[""鞠爱宁"", ""伍恒"", ""安新宜"", ""罗仁杰"", ""吴证"", ""卢易"", ""顾恺"", ""白迪"", ""万珊红"", ""濮敏"", ""周浩"", ""陆雨欣"", ""李响"", ""胡帆"", ""嵇雅娟"", ""张放"", ""任欣宇"", ""曹宁远"", ""景丞"", ""陆凯华""]","[""数据开发部"", ""数据平台部"", ""上海开发测试中心"", ""信息管理部"", ""综合管理部"", ""苏州开发测试中心"", ""信息统计部"", ""智能创新部"", ""数据中心"", ""数据治理部"", ""总行"", """", ""架构管理部"", ""风险内控部"", ""债券交易部"", ""创新业务部"", ""信贷与投资管理部"", ""项目管理部"", ""经营企划部"", ""产品发展部""]",项目驱动与运维支持并重,"[""邮件类型以'需求与项目协调'（35封）和'系统运维与技术支持'（28封）为主导，显示其工作贯穿项目全周期及日常运维。"", ""'演练与投产支持'（15封）及'文档与报告'（12封）类邮件，表明其在项目关键节点（演练、投产）及交付环节投入显著。"", ""关键词显示工作重心全年围绕'收益中心'、'手机银行'、'反洗钱'、'数据采集/迁移'等核心项目展开，并随季度推进。"", ""沟通风格以事务性为主导，措辞直接、务实，注重问题解决与进度跟进。""]",沈志贇是数据平台部的员工。2025年邮件活动显示其承担重要的技术协调与支持角色。邮件类型分布清晰，'需求与项目协调'与'系统运维与技术支持'占比最高，工作内容紧密围绕数据平台工具管理、系统运维支持及跨部门项目需求协调展开。关键词云揭示其全年深度参与'收益中心'、'手机银行'、'反洗钱技改'、'数据采集迁移'等核心项目，工作重心随季度从项目启动评估（一季度）、数据采集与联调（二季度）、迁移测试与问题处理（三季度）演进至项目收尾与产品支持（四季度）。邮件撰写规范，主题明确，'常使用标准标签进行信息分类'，体现了良好的职业习惯。沟通风格'以事务性为主导，措辞直接、务实，注重问题解决与进度跟进'，在技术讨论和协作中展现出较强的专业性。优势在于'对数据平台相关技术细节有扎实的掌握，能够高效处理多线程任务，在高压力的投产演练与紧急问题排查中表现稳定可靠'。后续可鼓励其在跨团队沟通中进一步融入亲和力，并加强在复杂项目中的前瞻性规划与风险预判能力。,,,,,,,,,,,,88.0,1.0,数据平台部,工具开发组,45.54722222,数据平台部,5513.82,10.81,10.0,10.0,0.07493062,,,,2.0,,男员工、本科学历、校招生、工龄成长型、工作饱和度适中、需求负责人、应用主管、PASO参与者、学习积极分子、知识库活跃、考勤良好、项目驱动型、跨部门广泛协作、部门_数据平台部、数据平台、测试工程、项目管理、运维支持、风险模型,30001144,数据平台与运维、系统测试与投产、项目管理与需求、风险模型与反欺诈、业务系统建设、运维与技术支持
116,王双钰,数据平台部,工具开发组,女,3.0,研究生,爱丁堡大学,,,,0,数据研发,校园招聘,,,,,15,0,,,,0.94266129,0.0,45.0,15.0,0.0,2.0,0,1,0,1,1,3,不饱和,,,,,,,,,2025.0,数据平台部,"{""其他"": 8, ""安全与合规管理"": 15, ""团队协作与会议通知"": 12, ""投产演练与版本管理"": 28, ""数据开发与任务配置"": 22, ""系统需求与项目管理"": 18, ""调度平台运维与监控"": 35, ""技术文档与知识库建设"": 10}","[""曹宁远"", ""吴证"", ""吕丽丽"", ""陈玉思"", ""李天卓"", ""白迪"", ""朱文川"", ""罗仁杰"", ""卢易"", ""史朋飞"", ""冯潇"", ""张放"", ""杨青"", ""张倩"", ""周浩"", ""顾恺"", ""陈朗"", ""兰昕蕾"", ""鞠爱宁"", ""胡帆""]","[""数据平台部"", ""数据开发部"", ""信息管理部"", ""综合管理部"", ""信息统计部"", ""智能创新部"", ""数据治理部"", ""上海开发测试中心"", ""总行"", ""苏州开发测试中心"", """", ""数据中心"", ""风险内控部"", ""债券交易部"", ""创新业务部"", ""信贷与投资管理部"", ""内控安全部"", ""架构管理部"", ""数据管理与应用部"", ""系统与数据应用部""]",稳定专注&运维驱动,"[""工作节奏全年保持稳定，核心关键词'大禹调度'、'作业'、'监控'、'调度'在各季度均高频出现，表明工作内容高度聚焦于平台运维。"", ""邮件类型以'调度平台运维与监控'、'投产演练与版本管理'、'数据开发与任务配置'为主，体现了以运维保障和任务生命周期管理为核心的工作模式。"", ""根据摘要描述，'邮件撰写规范严谨，主题明确，常使用标签分类'，表明标签邮件使用规范，是其主要沟通习惯。"", ""从关键词趋势看，二季度'大禹调度'、'作业'、'监控'词频显著上升，可能对应特定的平台升级或密集的运维保障期。""]",王双钰是数据平台部的员工。其邮件工作内容高度聚焦于大禹调度平台的运维保障，核心职责包括调度任务的配置、作业监控告警处理、投产演练支持及平台稳定性保障。邮件主题词在各季度高度一致，'大禹调度'、'作业'、'监控'、'调度'、'投产'、'配置'等词持续占据主导，表明工作具有极强的专业性和稳定性。工作节奏受运维周期驱动，二季度相关关键词频率达到峰值，可能与平台关键维护期或项目集中投产有关。邮件撰写'规范严谨，主题明确，常使用标签分类'，体现了其良好的职业素养和以解决问题为导向的务实沟通风格。作为团队的技术骨干，其优势在于'责任心强，对运维细节把控到位'，在保障系统稳定运行方面表现突出。后续建议如摘要所述，'在技术深度上进一步拓展，加强对调度平台架构设计的理解'，并'适当增强业务视角，将技术工作与业务价值更紧密结合'。,,,,,,,,,,,,,0.0,数据平台部,工具开发组,58.55555555,数据平台部,6550.33,12.84,11.0,9.882352941,0.230346344,,,,2.0,,女员工、研究生学历、校招生、工龄成长型、工作不饱和、低加班、PASO参与者、学习积极分子、考勤全勤、专注型工作风格、跨部门广泛协作、部门_数据平台部、数据平台、架构设计、测试工程,,数据开发与ETL、数据平台与运维、系统测试与投产、架构设计与信创、运维与技术支持
117,吕丽丽,数据平台部,工具开发组,女,3.0,研究生,华威大学,,,,0,数据研发,校园招聘,,,,,11,0,,,,0.843915344,0.0,49.0,13.0,0.0,1.0,0,0,0,2,0,0,不饱和,,,,,,,,,2025.0,数据平台部,"{""其他"": 35, ""会议与通知"": 70, ""测试与演练"": 55, ""团队协作与沟通"": 45, ""平台运维与调度"": 95, ""数据开发与治理"": 85, ""环境与配置管理"": 65, ""项目与工程管理"": 120}","[""吴证"", ""王双钰"", ""曹宁远"", ""陈玉思"", ""史朋飞"", ""杨青"", ""周浩"", ""李天卓"", ""卢易"", ""胡帆"", ""陈朗"", ""朱文川"", ""张放"", ""林幸"", ""张倩"", ""白迪"", ""鞠爱宁"", ""胡庆"", ""钱磊"", ""罗仁杰""]","[""数据开发部"", ""数据平台部"", ""综合管理部"", ""信息管理部"", ""信息统计部"", ""智能创新部"", ""数据治理部"", ""总行"", """", ""苏州开发测试中心"", ""上海开发测试中心"", ""风险内控部"", ""债券交易部"", ""创新业务部"", ""信贷与投资管理部"", ""数据中心"", ""零售业务部"", ""数据管理与应用部"", ""系统与数据应用部"", ""市场二部""]",项目驱动 & 稳定输出,"[""邮件类型以'项目与工程管理'、'平台运维与调度'、'数据开发与治理'为核心，全年分布稳定，显示工作内容聚焦且持续。"", ""关键词数据显示，工作重心上半年高度集中于'慧信工程'、'大禹调度'和'投产演练'等具体项目与平台运维任务。"", ""下半年关键词中'调度'、'DataOps'、'平台部'、'会议'、'周报'等词汇频率上升，表明工作向日常调度、流程管理与团队协作倾斜。"", ""全年'申请'、'通知'、'测试'、'环境'、'配置'等关键词高频出现，体现了其在技术支持、资源协调与流程执行中的核心角色。""]",吕丽丽是数据平台部的员工。邮件收发类型高度集中于'项目与工程管理'、'平台运维与调度'和'数据开发与治理'，表明其核心职责是围绕大数据平台的项目支持、日常运维与数据治理。关键词云显示，其工作节奏紧密跟随项目周期：上半年聚焦于'慧信工程'、'大禹调度'和'投产演练'等大型工程与平台任务；下半年关键词向'调度'、'DataOps'、'平台部'、'会议'、'周报'等日常管理、流程优化与团队协作转移。邮件撰写规范，'常使用项目标签（如【慧信工程】）进行归类'，体现了良好的信息管理习惯。沟通风格务实高效，'以解决问题为导向'。从关键词'申请'、'通知'、'环境'、'配置'高频出现来看，其工作网络广泛涉及跨部门的技术协调与资源申请。优势在于'对平台运维与调度流程有扎实掌握，在多项目并行中能保持稳定的输出'，是团队中可靠的技术执行者。建议可进一步提升'前瞻性规划与风险预判能力'，并加强'知识沉淀与流程优化方面的贡献'。,,,,,,,,,,,,78.0,6.0,数据平台部,工具开发组,55.98027778,数据平台部,6916.78,13.56,11.0,7.862741176,0.420151831,,,,2.0,,女员工、研究生学历、校招生、工龄成长型、工作不饱和、低加班、PASO参与者、学习活跃、项目驱动型、跨部门广泛协作、部门_数据平台部、数据开发、数据平台、测试工程、数据治理、运维支持,,数据开发与ETL、数据平台与运维、数据治理与合规、系统测试与投产、业务系统建设、运维与技术支持
118,陈玉思,数据平台部,工具开发组,女,1.0,研究生,河海大学,,,,1,数据研发,校园招聘,,,,,12,0,,,,1.262714025,0.0,38.0,18.0,1.0,4.0,0,0,0,2,0,1,适中,,,,,,,,,2025.0,数据平台部,"{""其他"": 15, ""会议与通知"": 42, ""合规与安全"": 18, ""培训与活动"": 12, ""文档与资料"": 22, ""技术运维与调度"": 28, ""项目与工程管理"": 35}","[""吴证"", ""卢易"", ""王双钰"", ""钱磊"", ""林幸"", ""杨青"", ""白迪"", ""吕丽丽"", ""张倩"", ""曹宁远"", ""周浩"", ""罗仁杰"", ""顾恺"", ""张放"", ""李天卓"", ""杨萍"", ""兰昕蕾"", ""胡庆"", ""陈朗"", ""万珊红""]","[""数据开发部"", ""数据平台部"", ""综合管理部"", ""信息管理部"", ""信息统计部"", ""上海开发测试中心"", ""智能创新部"", ""苏州开发测试中心"", """", ""数据治理部"", ""总行"", ""数据中心"", ""系统与数据应用部"", ""创新业务部"", ""风险内控部"", ""架构管理部"", ""债券交易部"", ""信贷与投资管理部"", ""内控安全部"", ""计量与应用部""]",项目驱动&流程导向,"[""邮件收发以‘会议与通知’、‘项目与工程管理’、‘技术运维与调度’三类为主，显示工作围绕项目、运维和团队协作展开。"", ""紧急邮件信息缺失，无法分析具体分布。"", ""标签邮件信息缺失，无法分析具体使用情况。"", ""工作重心随季度变化：上半年聚焦‘慧信工程’、‘投产演练’；下半年转向‘司库’、‘DataOps’、‘平台部周报’及‘培训’等主题。""]",陈玉思是数据平台部的技术骨干。2025年邮件收发情况显示，其工作高度集中于‘会议与通知’、‘项目与工程管理’和‘技术运维与调度’。紧急邮件与标签邮件的具体数据缺失，无法进行量化分析。联系最紧密的同事和科室信息在现有数据中无法提取。从季度关键词云看，其工作重心经历了明显演变：上半年（一、二季度）核心围绕‘慧信工程’、‘投产演练’、‘调度’、‘环境’等主题，体现了对重大工程项目和平台运维的支持；下半年（三、四季度）则转向‘平台部’、‘周报’、‘司库’、‘DataOps’、‘培训’等，反映出工作内容向部门内部管理、新项目（如司库）支持、方法论（DataOps）推广及知识传承倾斜。沟通风格以‘事务性为主，围绕项目进度、技术问题展开’，邮件撰写‘规范，主题明确，常附技术文档’。情感分析显示其态度‘严谨细致’。工作网络体现出‘与跨部门协作频繁’。工作节奏呈现‘项目驱动’的特点，随项目周期和重点任务变化而调整。总体而言，陈玉思是一名技术执行力强、熟悉平台运维与投产流程、协作频繁且工作严谨的可靠技术支持角色。建议如‘加强前瞻性技术学习，提升在复杂项目中的主动规划能力’仍有参考价值。,,,,,,,,,,,,88.0,1.0,数据平台部,工具开发组,57.80083333,数据平台部,6187.13,12.13,10.0,9.882352941,0.185296542,,,,1.0,,女员工、研究生学历、校招生、工龄新手、工作饱和度适中、PASO参与者、学习活跃、考勤良好、项目驱动型、流程导向型、跨部门广泛协作、部门_数据平台部、数据平台、测试工程、运维支持,21728,数据开发与ETL、数据平台与运维、系统测试与投产、业务系统建设、运维与技术支持
119,周浩,数据平台部,数据服务组,男,6.0,研究生,太原理工大学,,,,1,数据研发,校园招聘,,,,23研究与创新奖、23数据文化优秀贡献者,11,4,,,,2.728,1.0,9.0,11.0,24.0,16.0,0,2,3,3,8,14,超负荷,,,,,,,,,2025.0,数据平台部,"{""其他"": 200, ""会议相关"": 900, ""投产与演练"": 400, ""任务通知与催办"": 700, ""文档与材料处理"": 300, ""系统运维与问题"": 250, ""项目沟通与协调"": 1200, ""风险监测与预警"": 350}","[""曾敏锐"", ""胡帆"", ""张放"", ""杨青"", ""白迪"", ""胡庆"", ""陆凯华"", ""罗臻辉"", ""喻成侠"", ""窦博文"", ""鞠爱宁"", ""吴证"", ""马胤"", ""钱磊"", ""李磊"", ""杨萍"", ""郭桦"", ""张倩"", ""彭勇"", ""贾佳""]","[""上海开发测试中心"", ""数据平台部"", ""数据开发部"", ""苏州开发测试中心"", ""综合管理部"", """", ""智能创新部"", ""信息统计部"", ""信息管理部"", ""数据中心"", ""架构管理部"", ""风险预警管理部"", ""数据治理部"", ""系统与数据应用部"", ""总行"", ""内控安全部"", ""数据应用管理部"", ""金融科技部"", ""风险内控部"", ""风险监测部""]",高强度&项目核心驱动,"[""全年邮件收发量巨大，工作负荷持续处于高位，显示其在‘慧信工程’等核心项目中承担了核心协调与执行角色。"", ""紧急邮件（如‘重要’、‘重要&紧急’、‘待处理’、‘待确认’等词汇高频出现）贯穿全年，尤其在项目关键节点（如投产、提测、演练）期间更为密集。"", ""标签邮件（如‘会议通知’、‘会议邀请’、‘会议纪要’、‘提测通知’、‘投产演练’等）使用规范且频繁，体现了结构化、任务导向的沟通方式。"", ""工作节奏紧密围绕‘慧信工程’的项目生命周期展开，从年初的规划与架构决策，到年中的开发测试与风险监测，再到年末的投产演练与材料确认，重心随项目阶段清晰演进。""]",周浩是数据平台部的员工。2025年邮件收发总量巨大，工作负荷极高，深度聚焦于‘慧信工程’等核心项目的全生命周期管理。邮件主题高度集中在‘慧信工程’、‘重要’、‘会议纪要’、‘日报’、‘慧信投产’等词汇，表明其核心工作围绕项目管理、跨部门协调、会议组织、风险监测预警平台的开发、测试、投产演练与日常运维展开。全年‘会议邀请’、‘会议通知’、‘提测通知’、‘投产演练’等任务驱动型词汇频繁出现，反映出其作为项目执行与协调枢纽的角色定位。从季度看，全年工作重心紧密围绕‘慧信工程’项目，从一季度的项目启动与架构决策，到二季度的开发测试与风险信号处理，再到三、四季度的投产演练与材料确认，工作节奏随项目关键节点清晰演进。邮件撰写规范，能‘规范使用标签对紧急程度、事项类型和关键节点进行清晰标识’。沟通风格‘直接、务实、注重时效’，展现出高效的项目推动和闭环管理能力。总体而言，周浩是一名对重点项目有极强投入度和细节把控力、在高压环境下能沉稳应对、工作负荷极高的项目核心骨干。建议在保持高度责任心和执行力的基础上，‘加强复杂项目的全局规划与风险预判能力，并尝试提炼沟通要点以进一步提升协同效率’。,,,,,,,,,,,,,,,,,,,,,,,,,,5.0,,男员工、研究生学历、校招生、工龄中坚、工作超负荷、高加班、需求负责人、应用主管、变更任务密集、PASO参与者、学习活跃、知识库活跃、高强度工作、邮件高频用户、会议达人、邮件项目管理型、邮件运维支持型、跨部门广泛协作、部门_数据平台部、数据平台、测试工程、项目管理,,数据平台与运维、系统测试与投产、项目管理与需求、风险模型与反欺诈、业务系统建设
120,安新宜,数据平台部,数据服务组,女,3.0,研究生,南加州大学,,,,1,数据研发,校园招聘,,,,23最佳新人,14,0,,,,3.027682149,1.0,15.0,16.0,5.0,25.0,0,1,0,1,12,19,超负荷,,,,,,,,,2025.0,数据平台部,"{""其他"": 85, ""会议与沟通协调"": 280, ""技术开发与接口"": 420, ""文档与规范管理"": 160, ""系统运维与变更"": 310, ""需求与项目管理"": 380, ""问题排查与事件处理"": 190}","[""鞠爱宁"", ""陆凯华"", ""周浩"", ""任欣宇"", ""兰昕蕾"", ""张放"", ""黄哲睿"", ""陈晨"", ""姚志环"", ""袁凯"", ""白迪"", ""吴证"", ""罗仁杰"", ""万珊红"", ""沈志贇"", ""潘修滔"", ""连静"", ""陆雨欣"", ""李响"", ""王萌萌""]","[""数据平台部"", ""数据开发部"", ""上海开发测试中心"", ""苏州开发测试中心"", ""综合管理部"", ""信息管理部"", ""信息统计部"", ""智能创新部"", ""数据治理部"", ""数据中心"", ""总行"", """", ""架构管理部"", ""风险内控部"", ""开发协调部"", ""线上银行部"", ""产品发展部"", ""国际贸易融资部"", ""数据应用管理部"", ""创新业务部""]",高强度&全流程驱动,"[""邮件收发总量极高，以‘技术开发与接口’和‘需求与项目管理’为核心，贯穿全年，显示工作负荷饱满且高度聚焦。"", ""工作节奏由项目和技术需求驱动，关键词‘接口’、‘需求’、‘联调测试’、‘生产’、‘投产’、‘变更’的提及频率逐季度稳步增长，表明工作重心随项目全生命周期（需求->开发->测试->上线->运维）持续深化。"", ""邮件撰写规范，'常使用规范标签（如【接口文档】、【联调测试】）进行分类'，体现了标准化的工作习惯和严谨的职业素养。"", ""沟通网络广泛，'与数据开发部、风险管理部门、业务部门等保持紧密沟通'，是跨部门协作的关键节点。""]",安新宜是数据平台部的技术骨干。邮件收发量全年处于高位，工作内容高度聚焦于数据服务管理（DSM）相关的‘技术开发与接口’、‘需求与项目管理’和‘系统运维与变更’，展现出对数据服务全生命周期的深度参与。关键词分析显示，其工作核心围绕‘接口’、‘需求’、‘数据服务’、‘联调测试’、‘生产’、‘投产’、‘变更’等展开，且各关键词提及频率从一季度到四季度均呈现稳定增长趋势，反映了工作复杂度和专业度的持续提升。沟通风格‘务实高效，以解决问题为导向’，邮件‘常使用规范标签（如【接口文档】、【联调测试】）进行分类’，体现了极强的专业性和规范性。工作网络广泛，与‘数据开发部、风险管理部门、业务部门等保持紧密沟通’，是跨部门技术协作与项目推进的核心枢纽。工作节奏为高强度、全流程驱动，贯穿需求、开发、测试、上线、运维各个环节。总体而言，安新宜是一名技术功底扎实、执行严谨、协作能力强、在高压场景下表现沉稳可靠的核心技术人员。,,,,,,,,,,,,50.0,1.0,数据平台部,数据服务组,132.7355556,数据平台部,7254.87,14.23,10.0,11.0,0.226985242,,,,2.0,,女员工、研究生学历、校招生、工龄成长型、工作超负荷、高加班、深夜加班频繁、变更任务密集、PASO参与者、学习积极分子、考勤良好、高强度工作、流程导向型、邮件高频用户、会议达人、邮件项目管理型、邮件运维支持型、跨部门广泛协作、部门_数据平台部、数据开发、数据平台、测试工程、项目管理、运维支持,3882,数据开发与ETL、数据平台与运维、系统测试与投产、项目管理与需求、数据安全与权限、运维与技术支持
121,张放,数据平台部,数据服务组,男,3.0,研究生,南开大学,,,,1,数据研发,校园招聘,,,,,17,0,,,,3.531136752,1.0,7.0,17.0,14.0,27.0,1,3,2,1,21,27,超负荷,,,,,,,,,2025.0,数据平台部,"{""其他"": 150, ""投产与测试"": 350, ""进度与报告"": 400, ""需求与变更"": 200, ""任务审批与授权"": 300, ""项目沟通与会议"": 1200, ""风险与问题处理"": 250}","[""白迪"", ""张倩"", ""曾敏锐"", ""杨青"", ""万珊红"", ""周浩"", ""胡帆"", ""邹小芳"", ""喻成侠"", ""马胤"", ""卢易"", ""黄大伟"", ""李磊"", ""杨保国"", ""钱磊"", ""罗臻辉"", ""吴证"", ""鞠爱宁"", ""孙乐谦"", ""窦博文""]","[""上海开发测试中心"", ""数据平台部"", ""数据开发部"", ""苏州开发测试中心"", ""综合管理部"", """", ""系统与数据应用部"", ""数据中心"", ""智能创新部"", ""信息统计部"", ""信息管理部"", ""架构管理部"", ""总行"", ""数据治理部"", ""数据应用管理部"", ""风险内控部"", ""内控安全部"", ""消费信贷部"", ""创新业务部"", ""产品发展部""]",高强度&项目驱动,"[""邮件收发量高度集中于‘项目沟通与会议’（1200封），显示出贯穿全年的高强度、高频次跨部门协作。"", ""紧急邮件在‘风险与问题处理’（250封）和‘投产与测试’（350封）类型中隐含体现，关键词‘紧急’、‘风险上报’、‘生产问题咨询’等表明其在项目关键节点和问题处理时承受高压。"", ""标签邮件使用规范且结构化，如‘会议纪要’、‘会议邀请’、‘周报’、‘日报’、‘重要通知’等主题标签高频出现，体现了清晰的沟通管理与信息追溯习惯。"", ""工作重心随季度演进：Q1/Q2聚焦‘慧信工程’启动与测试；Q3重心转向‘征信’专项；Q4关键词更综合，涵盖‘查询’、‘管理’、‘项目’、‘报送’、‘机构改革’等，显示从专项攻坚向多线管理扩展。""]",张放是数据平台部的员工。2025年全年工作高度聚焦于‘慧信工程’、‘征信’等大型金融科技项目，邮件收发数量巨大且以‘项目沟通与会议’（1200封）为核心，显示其扮演了关键的项目协调与推进角色。工作节奏紧凑，受项目周期驱动，从一季度的项目启动与测试，到三季度的征信专项攻坚，再到四季度的多线管理（查询、管理、报送、机构改革），重心随项目阶段明确转移。关键词云显示其沟通高度结构化，‘会议纪要’、‘周报’、‘日报’、‘重要通知’等标签频繁使用，体现了规范、严谨、高效的沟通风格。邮件内容情感以任务驱动、正式高效为主，专注于同步进展、明确分工与风险管控。其工作网络必然与‘慧信工程’、‘征信’、‘机构改革’、‘投产测试’等相关联的业务、技术、测试及管理部门联系极为紧密，是跨部门协作的核心桥梁。优势在于责任心强、执行力突出，具备扎实的业务理解与技术协调能力。建议可适度优化会议沟通频率，提升异步协作效率，并在高压环境下进一步加强工作优先级梳理。,,,,,,,,,,,,,2.0,数据平台部,数据服务组,167.8430556,数据平台部,5723.83,11.22,9.0,9.0,0.197860963,,,,2.0,,男员工、研究生学历、校招生、工龄成长型、工作超负荷、高加班、深夜加班频繁、项目负责人、需求负责人、应用主管、变更任务密集、PASO参与者、学习积极分子、考勤良好、高强度工作、项目驱动型、邮件高频用户、会议达人、邮件项目管理型、邮件流程审批型、跨部门广泛协作、部门_数据平台部、数据平台、征信合规、测试工程、项目管理,6864,数据平台与运维、数据治理与合规、系统测试与投产、项目管理与需求、业务系统建设
122,任欣宇,数据平台部,数据服务组,男,1.0,研究生,长安大学,,,,0,数据研发,校园招聘,,,,,17,0,,,,2.346355219,1.0,27.0,15.0,6.0,18.0,0,1,0,1,23,36,超负荷,,,,,,,,,2025.0,数据平台部,"{""其他"": 40, ""日常运维与监控"": 50, ""会议通知与材料收集"": 55, ""数据治理与迁移项目"": 65, ""系统变更与投产支持"": 85, ""项目需求与工作量评估"": 95, ""生产问题排查与事件处理"": 70, ""外部数据接口迁移与联调测试"": 120}","[""鞠爱宁"", ""周浩"", ""陆凯华"", ""白迪"", ""安新宜"", ""吴证"", ""万珊红"", ""张放"", ""胡帆"", ""傅潜林"", ""米俊文"", ""杜乐"", ""卢易"", ""单曙兵"", ""魏佳翔"", ""伍恒"", ""乐洋"", ""王枫"", ""李响"", ""曹宁远""]","[""数据平台部"", ""数据开发部"", ""上海开发测试中心"", ""综合管理部"", ""信息管理部"", ""信息统计部"", ""智能创新部"", ""苏州开发测试中心"", ""数据治理部"", ""数据中心"", """", ""总行"", ""风险内控部"", ""架构管理部"", ""创新业务部"", ""信贷与投资管理部"", ""系统与数据应用部"", ""数据应用管理部"", ""债券交易部"", ""风险预警管理部""]",技术驱动&项目密集,"[""邮件类型高度集中于‘外部数据接口迁移与联调测试’和‘项目需求与工作量评估’，显示工作围绕具体技术项目和需求评估展开。"", ""关键词频率从一季度到四季度持续增长，特别是‘外数’、‘接口’、‘数据’、‘需求’等核心词，表明工作深度和广度在年内不断加强。"", ""工作重心从一季度的‘转正’、‘汇报’等事务性工作，逐渐转向二、三季度的‘评估’、‘变更’、‘上线’、‘生产’等项目管理与技术实施，并在四季度拓展至‘联合’、‘征信’、‘企业’、‘查询’等更具体的业务场景。"", ""‘邮件撰写规范清晰，主题明确，常使用标签分类’，体现了高效、有条理的工作习惯。""]",任欣宇是数据平台部的员工。邮件收发高度集中于外部数据接口迁移、项目需求评估、系统变更与生产支持等核心技术工作，展现出极强的专业专注度。全年关键词云显示，其工作核心始终围绕‘外数’、‘接口’、‘数据’、‘平台’、‘需求’展开，并从一季度的基础技术实施（迁移、测试、联调），逐步深化至二三季度的项目管理与生产运维（评估、变更、上线、生产），并在四季度拓展到‘联合’、‘征信’、‘企业查询’等具体业务领域，体现了工作范围的扩展和业务理解的加深。‘沟通风格务实高效，以解决问题为导向，频繁参与跨部门协作与技术讨论’，表明其是团队中可靠的技术执行者，具备良好的责任心和跟进能力。邮件撰写规范清晰，常使用标签分类，便于信息跟踪。建议在保持现有技术深度的同时，可继续深化业务场景理解，提升需求分析与方案设计的前瞻性。,,,,,,,,,,,,66.0,5.0,数据平台部,数据服务组,135.5711111,数据平台部,7195.4,14.11,10.0,10.09803529,0.284334848,,,,0.0,,男员工、研究生学历、校招生、工龄新手、工作超负荷、中加班、变更任务密集、PASO参与者、学习积极分子、邮件运维支持型、跨部门广泛协作、部门_数据平台部、数据平台、征信合规、测试工程、项目管理,1533,数据平台与运维、数据治理与合规、系统测试与投产、项目管理与需求
123,刘金良,数据平台部,数据服务组,男,13.0,研究生,浙江工业大学,,架构师,11.0,0,数据研发,社会招聘,,,,,2,0,,,,2.260062724,1.0,14.0,8.0,36.0,4.0,0,0,1,3,1,2,适中,,,,,,,,,2025.0,数据平台部,"{""其他"": 72, ""会议与沟通协调"": 87, ""团队管理与汇报"": 38, ""平台开发与运维"": 125, ""技术方案与架构"": 56, ""数据安全与合规"": 42, ""项目与需求管理"": 98}","[""吴证"", ""鞠爱宁"", ""史朋飞"", ""白迪"", ""李响"", ""米俊文"", ""卢易"", ""乐洋"", ""李天卓"", ""魏佳翔"", ""曹宁远"", ""顾恺"", ""罗仁杰"", ""李焕彰"", ""黄哲睿"", ""王枫"", ""胡帆"", ""安新宜"", ""张放"", ""连静""]","[""数据平台部"", ""数据开发部"", ""综合管理部"", ""信息管理部"", ""智能创新部"", ""上海开发测试中心"", ""信息统计部"", ""苏州开发测试中心"", ""数据治理部"", """", ""数据中心"", ""总行"", ""风险控制部"", ""架构管理部"", ""金融科技创新实验室"", ""内控安全部"", ""债券交易部"", ""平阳支行"", ""创新业务部"", ""信贷与投资管理部""]",平台运维驱动 & 项目周期协调,"[""邮件类型以'平台开发与运维'（125封）和'项目与需求管理'（98封）为主，显示工作重心在平台日常运维与项目推进。"", ""'会议与沟通协调'邮件数量达87封，表明其工作方式高度依赖会议与同步沟通。"", ""邮件撰写'规范严谨，邮件主题清晰明确，常使用标签分类'，体现了良好的工作习惯。"", ""沟通风格'以事务性为主，注重会议协调和团队同步'，工作节奏稳定，与项目周期和平台运维需求紧密绑定。""]",刘金良是数据平台部的员工。2025年邮件工作画像显示，其工作内容高度聚焦于技术平台管理与项目协调。邮件类型分布清晰，'平台开发与运维'与'项目与需求管理'占比最高，反映出核心职责。关键词云显示，全年工作围绕'实时开发平台'、'数据平台'、'反电诈'等核心系统展开，二季度侧重平台架构与投产准备（如架构决策、OKR答辩），三季度转向具体运维与评估（如工作量评估、生产kafka），四季度则涉及更多新方向探索与架构评审（如分析圈客一体化、数字化运营、Doris）。沟通风格'以事务性为主，注重会议协调和团队同步'，邮件撰写'规范严谨，主题清晰明确，常使用标签分类'。工作节奏与平台迭代和项目周期强相关，展现出'较强的技术平台管理能力和项目协调能力'以及'对平台技术的深入理解和系统性思维'。建议可关注'进一步提升技术方案的创新性思考'和'加强业务场景与数据平台的深度融合'。,,,,,,,,,,,,50.0,1.0,数据平台部,数据服务组,141.6527778,数据平台部,7529.32,14.76,10.0,4.0,0.72899729,数据平台部,架构安全组,组长,12.0,11.0,男员工、研究生学历、社招员工、工龄资深、架构师、工作饱和度适中、中加班、应用主管、PASO参与者、考勤良好、邮件运维支持型、跨部门广泛协作、部门_数据平台部、数据平台、架构设计、项目管理,,数据平台与运维、系统测试与投产、架构设计与信创、项目管理与需求、风险模型与反欺诈
124,吴证,数据平台部,应用开发组&运维支持组负责人,男,18.0,研究生,上海交通大学,科长,,,0,数据研发,社会招聘,,,,,11,0,1.0,,,2.041147541,0.0,14.0,24.0,19.0,4.0,0,0,0,0,0,0,0,,,,,,,,,2025.0,数据平台部,"{""其他"": 183, ""任务催办"": 142, ""会议沟通"": 455, ""审批授权"": 168, ""材料审核"": 115, ""监管报送"": 215, ""通知通告"": 97, ""项目执行"": 378}","[""顾恺"", ""白迪"", ""卢易"", ""李天卓"", ""乐洋"", ""杨青"", ""史朋飞"", ""米俊文"", ""李焕彰"", ""贺文军"", ""罗仁杰"", ""陈超"", ""宋晓迪"", ""鞠爱宁"", ""曹宁远"", ""胡申民"", ""杨晓彦"", ""兰昕蕾"", ""曾敏锐"", ""冯潇""]","[""数据平台部"", ""数据开发部"", ""上海开发测试中心"", ""综合管理部"", ""苏州开发测试中心"", """", ""智能创新部"", ""信息管理部"", ""信息统计部"", ""数据中心"", ""数据治理部"", ""总行"", ""架构管理部"", ""系统与数据应用部"", ""内控安全部"", ""金融科技创新实验室"", ""本部"", ""风险内控部"", ""风险预警管理部"", ""项目管理部""]",高强度&项目驱动,"[""邮件收发总量高，全年保持高强度沟通状态，工作节奏紧凑。"", ""紧急邮件关键词‘急’在第三、四季度出现，表明下半年部分事项紧迫性提升。"", ""标签邮件（如‘重要’、‘待处理’、‘会议纪要’、‘会议通知’）使用频繁且贯穿全年，体现了高度结构化和规范化的邮件管理习惯。"", ""工作重心全年聚焦于‘慧信工程’、‘智芯工程’等重大项目，季度间关键词分布高度稳定，显示项目管理工作持续且连贯。""]",吴证是数据平台部的员工，邮件收发数量全年保持高位，工作节奏紧凑。邮件类型以‘会议沟通’（455封）和‘项目执行’（378封）为主，显示其核心职责是重大项目（如‘慧信工程’、‘智芯工程’）的全流程管理与跨部门协调。关键词分析表明，其工作高度结构化，贯穿全年的高频词包括‘会议纪要’、‘会议通知’、‘重要’、‘授权’、‘日报’等，体现了规范的项目管理、会议组织、日常跟进与审批授权职责。沟通风格积极主动且严谨，频繁使用‘请审阅’、‘会签确认’、‘监管需求，望指示’等正式措辞，展现出高度的责任心与合规意识。紧急邮件关键词‘急’在下半年出现，表明项目后期部分事项紧迫性增加。从关键词推断，其工作网络紧密关联‘架构管理委员会’、‘科室’等内部组织，以及‘UDAS’、‘血缘’等技术系统或概念，承担了重要的技术方案评审与资源协调枢纽角色。总体而言，吴证是一名具备强大项目统筹力、出色文档规范意识、敏锐合规洞察力的核心骨干，在高压环境下能保持高效执行与清晰的任务导向。建议在保持项目管理优势的同时，可探索自动化工具优化事务性沟通效率。,,,,,,,,,,,,88.0,16.0,数据平台部,负责人,89.085,,,,,,,,,,17.0,,男员工、研究生学历、社招员工、工龄资深、科长、中加班、学习活跃、内训讲师、考勤问题严重、高强度工作、项目驱动型、邮件高频用户、会议达人、邮件项目管理型、跨部门广泛协作、部门_数据平台部、数据平台、项目管理、文档流程,,数据平台与运维、数据治理与合规、项目管理与需求、业务系统建设
125,梅凯磊,数据平台部,应用开发组,男,4.0,研究生,华东师范大学,,,,1,数据研发,校园招聘,,,,,11,9,,,,1.480381944,0.0,32.0,17.0,1.0,6.0,2,4,2,2,9,13,适中,,,,,,,,,2025.0,数据平台部,"{""其他"": 120, ""会议通知与纪要"": 160, ""数据资产与治理"": 85, ""权限申请与管理"": 95, ""系统运维与告警"": 145, ""项目需求与投产"": 210, ""数据库变更与审核"": 180}","[""吴证"", ""魏佳翔"", ""罗仁杰"", ""张雅淇"", ""王正超"", ""顾恺"", ""郭庆睿"", ""杨青"", ""李天卓"", ""嵇雅娟"", ""景丞"", ""周浩"", ""陆凯华"", ""曹宁远"", ""梅苏源"", ""钱磊"", ""胡雯"", ""李响"", ""姚志环"", ""王素雅""]","[""数据开发部"", ""上海开发测试中心"", ""数据平台部"", ""苏州开发测试中心"", ""信息统计部"", ""综合管理部"", ""智能创新部"", ""信息管理部"", ""数据中心"", """", ""数据治理部"", ""总行"", ""架构管理部"", ""金融科技创新实验室"", ""系统与数据应用部"", ""风险内控部"", ""创新业务部"", ""零售与新兴业务中台部"", ""数据应用管理部"", ""线上银行部""]",高强度&多任务并行,"[""邮件收发总量巨大，'项目需求与投产'、'数据库变更与审核'、'会议通知与纪要'是主要工作类型，表明全年处于高负荷运转状态。"", ""紧急邮件（如'系统运维与告警'、'数据库变更与审核'、'权限申请与管理'）持续存在，显示工作涉及大量需即时响应的生产支持和变更任务。"", ""标签邮件使用清晰规范，'项目需求与投产'、'系统运维与告警'等标签高频使用，体现了严谨的邮件管理和任务分类习惯。"", ""工作重心随季度动态调整：一季度聚焦'慧信工程'与'投产演练'；二季度'掌上行'与'智能问数'权重上升；三、四季度'司库'、'风险模块'及'机构改革'成为新的核心议题。""]",梅凯磊是数据平台部的员工。邮件收发数量全年保持高位，显示出紧凑且持续高强度的工作节奏。邮件主题高度集中在'UDAS'、'掌上行'、'数据库'、'权限'、'需求'、'审核'、'变更'、'投产'等词汇，表明其核心工作围绕统一数据应用服务（UDAS）、掌上行系统、慧信工程、司库项目等核心系统的运维支持、项目管理、数据库变更与权限审核展开。全年'项目需求与投产'、'数据库变更与审核'、'会议通知与纪要'三类邮件占比最高，反映出其岗位是项目执行、技术运维与跨部门协作的关键枢纽。从季度看，工作重心随公司战略和项目周期演进：从一季度的'慧信工程'与'投产演练'，到二季度引入'智能问数'，再到三、四季度重点转向'司库'、'风险模块'及'机构改革'相关工作。邮件撰写规范严谨，主题明确，标签使用清晰，沟通风格以任务驱动为主，注重时效性与跟进闭环，在跨部门协作中展现出较强的协调能力。其工作网络广泛，需与项目团队、运维团队、数据库团队、权限管理部门及各类会议参与者保持紧密联系。优势在于对复杂系统架构的理解深入，在多项目并行中仍能保持高效响应。建议可进一步优化非工作时间的工作负荷管理，并加强前瞻性规划与风险预警能力，推动从运维支持向价值创造的转型。,,,,,,,,,,,,56.0,2.0,数据平台部,应用开发组,71.46722222,数据平台部,6115.68,11.99,10.0,9.999952941,0.165975568,,,,3.0,,男员工、研究生学历、校招生、工龄成长型、工作饱和度适中、项目负责人、需求负责人、应用主管、变更任务密集、PASO参与者、学习活跃、知识库活跃、考勤良好、高强度工作、会议达人、邮件项目管理型、邮件运维支持型、跨部门广泛协作、部门_数据平台部、数据平台、架构设计、数据库管理、测试工程、项目管理、运维支持、数据安全,430,AI算法与大模型、数据平台与运维、系统测试与投产、数据库管理、架构设计与信创、项目管理与需求、数据安全与权限、风险模型与反欺诈、业务系统建设、运维与技术支持
126,李敏吉,数据平台部,应用开发组,男,1.0,研究生,华东师范大学,,,,1,数据研发,校园招聘,,,,,15,0,1.0,,,2.494722222,1.0,14.0,18.0,16.0,17.0,1,3,3,3,5,5,超负荷,,,,,,,,,2025.0,数据平台部,"{""其他"": 45, ""会议与沟通协调"": 55, ""文档与流程管理"": 60, ""权限与安全管控"": 70, ""系统运维与技术支持"": 120, ""项目管理与需求评估"": 85, ""数据门户与BI看板管理"": 95}","[""吴证"", ""李焕彰"", ""李天卓"", ""乐洋"", ""顾恺"", ""米俊文"", ""卢易"", ""贺文军"", ""白迪"", ""冯潇"", ""王正超"", ""梅凯磊"", ""陈超"", ""曹宁远"", ""魏佳翔"", ""单曙兵"", ""宋子夜"", ""杨晓彦"", ""罗仁杰"", ""嵇雅娟""]","[""数据平台部"", ""数据开发部"", ""信息管理部"", ""综合管理部"", ""信息统计部"", ""上海开发测试中心"", ""智能创新部"", ""苏州开发测试中心"", ""数据治理部"", ""数据中心"", """", ""总行"", ""金融科技创新实验室"", ""风险内控部"", ""架构管理部"", ""内控安全部"", ""项目管理部"", ""创新业务部"", ""本部"", ""债券交易部""]",稳健运营与项目驱动,"[""工作节奏全年保持稳健，邮件总量与各类型分布均衡，显示持续的日常运维与项目支持任务。"", ""从关键词趋势看，工作重心从一季度的‘数据门户’、‘FineBI’基础运维，逐步转向二季度的‘可视化报表助手’推广和三、四季度的‘司库’重点项目支持。"", ""‘权限’、‘申请’、‘看板’、‘升级’等关键词贯穿全年，体现了其作为权限与流程管控枢纽的持续性职责。"", ""沟通网络广泛，与业务部门（如涉及‘司库’、‘分行’）、技术团队及项目管理方均有紧密协作。""]",李敏吉是数据平台部员工，邮件收发活动高度聚焦于数据门户与BI系统的运维、权限管理与项目支持。邮件类型以‘系统运维与技术支持’、‘数据门户与BI看板管理’和‘项目管理与需求评估’为主，体现了技术执行与流程管控并重的工作模式。全年关键词云显示其工作重心随季度演进：从基础系统（数据门户、FineBI）运维，到新工具（可视化报表助手）推广，再到重点业务项目（司库）支持，并持续贯穿‘权限’、‘申请’、‘看板移交’、‘系统升级’等核心运维流程。沟通风格以事务性为主，注重任务跟进与问题解决。作为团队的技术支持与协调枢纽，其优势在于执行细致、响应及时，对系统权限与流程管控有较好的把握。建议在现有扎实的运维基础上，可进一步深化对业务需求的理解，提升在项目规划与架构设计方面的主动性。,,,,,,,,,,,,26.0,14.0,数据平台部,应用开发组,108.8730556,数据平台部,6090.25,11.94,9.0,8.0,0.32998325,,,,1.0,,男员工、研究生学历、校招生、工龄新手、工作超负荷、中加班、项目负责人、需求负责人、应用主管、变更任务密集、PASO参与者、学习积极分子、内训讲师、考勤需关注、项目驱动型、邮件运维支持型、跨部门广泛协作、部门_数据平台部、数据平台、架构设计、项目管理、数据分析、运维支持、数据安全,495,数据平台与运维、架构设计与信创、项目管理与需求、BI与数据分析、数据安全与权限、业务系统建设、运维与技术支持
127,万珊红,数据平台部,应用开发组,女,5.0,研究生,武汉大学,,,,0,数据研发,校园招聘,,,,,6,0,,,,3.409381313,1.0,21.0,12.0,7.0,26.0,0,1,2,1,15,19,超负荷,,,,,,,,,2025.0,数据平台部,"{""其他"": 140, ""会议与协作沟通"": 120, ""数据与征信业务"": 220, ""系统与架构变更"": 100, ""运维与技术支持"": 150, ""项目与工程管理"": 180, ""风险与合规管理"": 90}","[""张放"", ""白迪"", ""张倩"", ""曾敏锐"", ""杨青"", ""吴证"", ""周浩"", ""陆凯华"", ""鞠爱宁"", ""邹小芳"", ""陈晨"", ""卢易"", ""胡帆"", ""胡庆"", ""顾恺"", ""姚志环"", ""张小铁"", ""喻成侠"", ""罗仁杰"", ""马富强""]","[""数据平台部"", ""数据开发部"", ""上海开发测试中心"", ""苏州开发测试中心"", ""综合管理部"", ""信息统计部"", ""信息管理部"", ""智能创新部"", """", ""数据中心"", ""系统与数据应用部"", ""总行"", ""数据治理部"", ""架构管理部"", ""风险内控部"", ""风险预警管理部"", ""创新业务部"", ""本部"", ""内控安全部"", ""数据应用管理部""]",项目驱动&高压稳定,"[""邮件收发量在<strong>全年</strong>保持高位，核心业务‘数据与征信业务’邮件量最大，显示工作负荷持续饱满。"", ""工作重心随季度从‘魔镜’、‘数据迁移’向‘征信’、‘投产演练’再向‘人行报送’、‘机构改革’等主题转移，响应项目周期与监管要求变化。"", ""紧急邮件（如‘问题’、‘投产’、‘变更’、‘授权’、‘申请’等关键词关联的事务）贯穿全年，与系统上线、演练及合规整改等关键节点高度相关。"", ""标签邮件使用广泛且稳定，‘邮件撰写规范严谨，主题明确，常使用标准标签进行分类’，体现了规范的邮件管理和职业素养。""]",万珊红同志作为数据平台部的一员，其工作内容高度聚焦于征信管理系统、数据迁移、投产演练及相关风险管控领域，展现出扎实的专业技术背景和复杂的项目协调能力。邮件撰写规范严谨，主题明确，常使用标准标签进行分类，体现了良好的职业素养。沟通风格以事务性为主导，注重问题反馈、进度跟踪与协同推进，在跨部门协作中表现主动。后续建议可进一步优化沟通策略，在复杂项目推进中加强前瞻性风险提示与闭环管理，同时注重知识沉淀与流程标准化建设，以提升团队整体效能。其优势在于对征信业务与数据平台技术有深入理解，执行力强，在高压项目环境下能保持稳定输出，是团队中可靠的技术骨干。,,,,,,,,,,,,74.0,2.0,数据平台部,数据服务组,131.8663889,数据平台部,5810.43,11.39,9.0,9.0,0.209833187,,,,4.0,,女员工、研究生学历、校招生、工龄成长型、工作超负荷、高加班、深夜加班频繁、应用主管、变更任务密集、PASO参与者、考勤良好、项目驱动型、会议达人、邮件运维支持型、跨部门广泛协作、部门_数据平台部、数据平台、征信合规、测试工程、项目管理、数据迁移,26565,数据开发与ETL、数据平台与运维、数据治理与合规、系统测试与投产、项目管理与需求
128,刘惠,数据平台部,应用开发组,女,9.0,研究生,浙江大学,,,,1,数据研发,社会招聘,,,,,14,3,,,,0.934136905,0.0,49.0,2.0,1.0,4.0,1,2,1,2,3,2,不饱和,,,,,,,,,2025.0,数据平台部,"{""其他"": 22, ""审计项目管理"": 65, ""数据血缘工具"": 42, ""会议与沟通协调"": 28, ""系统运维与变更"": 35, ""工作量评估与需求"": 38}","[""吴证"", ""陆凯华"", ""嵇雅娟"", ""顾恺"", ""梅凯磊"", ""景丞"", ""李天卓"", ""王正超"", ""乐洋"", ""罗仁杰"", ""冯潇"", ""万珊红"", ""周浩"", ""李响"", ""米俊文"", ""卢易"", ""卫彩萍"", ""曹宁远"", ""杨青"", ""张放""]","[""数据开发部"", ""数据平台部"", ""综合管理部"", ""信息管理部"", ""上海开发测试中心"", ""智能创新部"", ""信息统计部"", ""苏州开发测试中心"", ""数据治理部"", ""总行"", """", ""数据中心"", ""非现场审计部"", ""风险内控部"", ""债券交易部"", ""创新业务部"", ""架构管理部"", ""信贷与投资管理部"", ""内控安全部"", ""数据应用管理部""]",项目驱动&持续跟进,"[""邮件主题高度集中于‘审计项目管理’和‘数据血缘工具’，显示工作聚焦于两大核心项目。"", ""工作节奏与项目阶段紧密相关：一季度关注‘适配’、‘迁移’等实施工作；二、三季度‘优化’、‘建设’、‘采购’、‘论证’等词频增，进入深入规划与方案推进期；四季度出现‘下线’、‘应用’、‘启动’，表明项目进入收尾或新阶段启动。"", ""邮件撰写规范严谨，主题明确，常使用标签进行分类，便于信息追溯。"", ""沟通风格以事务性为主导，注重流程与时效。""]",刘惠是数据平台部的员工。邮件工作高度聚焦于‘审计项目管理’和‘数据血缘工具’两大核心领域，展现出较强的项目管理和技术方案推进能力。全年关键词以‘审计’、‘项目’、‘系统’、‘管理’、‘综合’、‘需求’、‘方案’、‘技术’为主导，体现了对审计综合管理系统从需求、建设、优化到下线全生命周期的深度参与，以及对数据血缘工具的持续跟进。季度工作重心明确：一季度侧重工具‘适配’与‘迁移’；二、三季度进入‘优化’、‘建设’、‘采购论证’与‘方案汇报’的深入阶段；四季度则涉及‘应用’、‘下线’与‘启动’等收尾或新周期工作。邮件撰写规范严谨，主题明确，常使用标签进行分类。沟通风格以事务性为主导，注重流程与时效，在跨部门协作中能清晰传达需求与进展。优势在于对复杂项目的持续跟进与细节把控。后续可鼓励其在技术深度与业务理解的结合上进一步探索，提升创新性解决方案的提出能力，并适当加强非正式沟通以促进更高效的团队协作。,,,,,,,,,,,,,2.0,数据平台部,应用开发组,45.42888889,数据平台部,5806.62,11.39,9.0,9.0,0.209833187,,,,8.0,,女员工、研究生学历、社招员工、工龄中坚、工作不饱和、低加班、项目负责人、需求负责人、应用主管、变更任务较多、PASO参与者、学习积极分子、知识库活跃、考勤良好、项目驱动型、跨部门广泛协作、部门_数据平台部、数据平台、项目管理、数据治理,25220667,数据平台与运维、数据治理与合规、项目管理与需求、数据安全与权限
129,佟嘉欣,数据平台部,应用开发组,女,1.0,研究生,华东师范大学,,,,0,数据研发,校园招聘,,,,,13,0,,,,2.1715681,1.0,23.0,20.0,5.0,14.0,0,11,0,1,3,10,适中,,,,,,,,,2025.0,数据平台部,"{""其他"": 72, ""会议与沟通协调"": 98, ""培训与活动通知"": 35, ""数据与报表处理"": 87, ""文档与材料提交"": 48, ""测试与运维支持"": 142, ""系统与配置管理"": 65, ""需求与项目管理"": 156}","[""陆雨欣"", ""王正超"", ""阮靖龙"", ""吴证"", ""张必歌"", ""王萌萌"", ""张雅淇"", ""袁凯"", ""陈晨"", ""陈笑轩"", ""骆静龙"", ""顾恺"", ""罗仁杰"", ""景丞"", ""周影"", ""王言哲"", ""周浩"", ""兰昕蕾"", ""丁晨"", ""连静""]","[""数据开发部"", ""数据平台部"", ""综合管理部"", ""信息管理部"", ""信息统计部"", ""智能创新部"", ""上海开发测试中心"", ""苏州开发测试中心"", ""数据治理部"", ""总行"", """", ""数据中心"", ""数据应用管理部"", ""客户经营部"", ""架构管理部"", ""风险内控部"", ""债券交易部"", ""代销业务部"", ""信贷与投资管理部"", ""创新业务部""]",持续高负荷&项目驱动,"[""邮件主题高度集中于'CRM'、'需求'、'数据'、'测试'、'变更'等核心工作领域，显示全年工作聚焦于CRM系统的全生命周期管理。"", ""工作节奏与项目周期紧密绑定，从一季度的'需求'、'工作量评估'、'排期'，到后续季度的'测试'、'变更'、'投产'、'优化'，呈现清晰的项目推进脉络。"", ""四季度'项目'、'评估'、'机构'、'改造'、'发包'等词汇显著增加，表明年末项目收官、评估总结及新项目规划工作密集。"", ""'确认'、'会议'、'问题'、'排查'等词汇贯穿全年，体现了其工作中沟通协调、问题解决与风险控制的重要性。""]",佟嘉欣是数据平台部的员工。2025年全年邮件收发总量显示其工作负荷持续饱满。邮件类型以'需求与项目管理'和'测试与运维支持'为主，合计占比近四成，辅以高频的'会议与沟通协调'及'数据与报表处理'，清晰勾勒出其作为CRM系统核心支持角色的工作画像：即深度参与需求分析、项目排期、测试验证、上线投产及后续运维优化的全流程。季度关键词云显示，其工作重心高度聚焦于'CRM'系统，并随季度深入，'需求'、'数据'、'变更'、'测试'、'评估'等核心工作的讨论深度与广度持续增加。沟通风格务实高效，邮件撰写规范，主题标签使用清晰，能有效区分任务优先级与类型，注重会议协调与结论确认，对于问题排查与数据咨询响应及时。工作节奏与项目周期强相关，从需求评估到测试投产，再到年末的项目总结与规划，呈现出清晰的阶段性特征。优势在于对CRM领域业务与技术的熟悉度较高，具备良好的需求转化与落地执行力，在测试支持与投产保障方面表现稳健。后续可进一步强化对复杂需求的方案提炼与前瞻性规划能力，优化多任务并行下的资源协调效率。,,,,,,,,,,,,30.0,14.0,数据平台部,应用开发组,143.2088889,数据平台部,6750.78,13.24,10.0,10.00001176,0.244712102,,,,0.0,,女员工、研究生学历、校招生、工龄新手、工作饱和度适中、中加班、高频需求负责人、变更任务密集、PASO参与者、学习活跃、考勤需关注、高强度工作、项目驱动型、邮件运维支持型、跨部门广泛协作、部门_数据平台部、数据平台、测试工程、项目管理、数据分析、运维支持,7029,数据平台与运维、系统测试与投产、项目管理与需求、BI与数据分析、运维与技术支持
130,张顺,数据平台部,应用开发组,女,1.0,研究生,大连理工大学,,,,0,数据研发,校园招聘,,,,,21,0,,,,1.188446181,0.0,30.0,31.0,1.0,2.0,0,0,0,1,3,0,适中,,,,,,,,,2025.0,数据平台部,"{""其他"": 19, ""会议与讨论"": 36, ""技改与信创"": 78, ""数据同步与排查"": 47, ""日常行政与通知"": 28, ""测试与问题反馈"": 25, ""系统上线与演练"": 52, ""反洗钱系统项目与需求"": 85}","[""嵇雅娟"", ""王言哲"", ""王子枫"", ""刘召龙"", ""吴证"", ""祝志辉"", ""乐洋"", ""卢易"", ""顾恺"", ""杨洁"", ""宋晓迪"", ""李天卓"", ""沈志贇"", ""史朋飞"", ""王枫"", ""伍恒"", ""刘惠"", ""陆凯华"", ""卫彩萍"", ""佟嘉欣""]","[""数据开发部"", ""数据平台部"", ""综合管理部"", ""信息管理部"", ""信息统计部"", ""智能创新部"", ""数据治理部"", ""总行"", """", ""反洗钱管理部"", ""苏州开发测试中心"", ""反洗钱监测部"", ""上海开发测试中心"", ""数据中心"", ""风险内控部"", ""债券交易部"", ""创新业务部"", ""信贷与投资管理部"", ""架构管理部"", ""数据应用管理部""]",高强度&项目驱动,"[""工作负荷持续高位，全年邮件主题高度聚焦于‘反洗钱’、‘技改’、‘信创’、‘系统’等核心项目，显示其工作节奏紧凑且以重大项目为中心。"", ""邮件撰写规范，主题明确，'常使用标签区分优先级与类型'，体现了良好的工作条理性。"", ""沟通风格以任务驱动为主，'频繁进行进度同步与问题反馈'，展现出较强的执行力和协作意识。"", ""工作重心随季度从‘应用’、‘排查’等基础支持，向‘模型’、‘测试’、‘演练’、‘迁移’等具体项目执行和上线阶段演进，响应项目生命周期变化。""]",张顺是数据平台部的员工。邮件收发主题高度集中于‘反洗钱系统项目与需求’和‘技改与信创’，显示其核心职责是反洗钱系统的技术支持与重大技术改造项目。邮件关键词全年以‘反洗钱’、‘技改’、‘系统’、‘数据’、‘信创’、‘演练’、‘迁移’为核心，表明工作深度参与系统技改、信创迁移、数据同步、上线演练等全流程。从季度看，一季度侧重于应用、排查等基础工作；二季度转向模型、测试、上线等执行环节；三、四季度则聚焦于演练、迁移、进度收集等冲刺和收尾阶段，工作重心随项目周期清晰演进。邮件撰写规范，'常使用标签区分优先级与类型'，沟通风格以任务驱动为主，'频繁进行进度同步与问题反馈'，展现出良好的条理性和执行力。优势在于'对复杂系统改造与数据流程有扎实的掌控力，能同时处理多项任务并确保关键节点交付'。提升方向可侧重于'在项目规划阶段更早介入风险识别，并深化对业务场景的理解'，以提升方案的前瞻性。,,,,,,,,,,,,,4.0,数据平台部,应用开发组,54.96222222,数据平台部,5781.47,11.34,10.0,10.00007059,0.11815956,,,,0.0,,女员工、研究生学历、校招生、工龄新手、工作饱和度适中、PASO参与者、学习积极分子、高强度工作、项目驱动型、跨部门广泛协作、部门_数据平台部、数据平台、测试工程、信创迁移、运维支持、风险模型、数据迁移,60,数据开发与ETL、数据平台与运维、系统测试与投产、架构设计与信创、风险模型与反欺诈、运维与技术支持
131,冯晓煜,数据平台部,运维支持组,男,6.0,研究生,东华大学,,,,0,数据研发,校园招聘,,,,,14,0,,,,1.80117284,0.0,18.0,34.0,5.0,6.0,0,0,0,1,1,2,超负荷,,,,,,,,,2025.0,数据平台部,"{""其他"": 56, ""会议与沟通协调"": 98, ""运维与技术支持"": 132, ""采购与合同管理"": 65, ""项目与工程管理"": 145, ""个人事务与团队活动"": 42, ""数据库与数据仓库管理"": 127}","[""吴证"", ""李天卓"", ""罗仁杰"", ""陈朗"", ""冯潇"", ""姚志环"", ""顾恺"", ""史朋飞"", ""杨青"", ""钱磊"", ""黄哲睿"", ""兰昕蕾"", ""丁晨"", ""陈世辉"", ""马富强"", ""杨萍"", ""林幸"", ""胡庆"", ""杜乐"", ""袁凯""]","[""数据开发部"", ""数据平台部"", ""上海开发测试中心"", ""综合管理部"", ""苏州开发测试中心"", ""信息管理部"", ""信息统计部"", ""智能创新部"", """", ""数据治理部"", ""总行"", ""数据中心"", ""系统与数据应用部"", ""风险内控部"", ""架构管理部"", ""信贷与投资管理部"", ""创新业务部"", ""计量与应用部"", ""债券交易部"", ""数据应用管理部""]",项目与运维双轮驱动,"[""邮件主题高度聚焦于‘DWS’、‘工程’、‘环境’、‘演练’、‘测试’、‘投产’等核心工作流，全年贯穿项目执行与系统运维。"", ""工作重心随季度动态调整：上半年（一、二季度）侧重于‘演练’、‘测试’、‘投产’、‘迁移’等工程实施与投产保障；下半年（三、四季度）工作重点向‘维保’、‘采购’、‘服务’、‘合同’、‘年度’评估等运维支持与采购管理转移。"", ""邮件撰写规范，主题清晰，常使用标签分类，体现了良好的工作条理性。"", ""沟通风格以事务性为主，注重任务跟进与协调，在与多部门协作中展现出了较强的项目推动能力。""]",冯晓煜是数据平台部的员工。邮件收发内容高度集中于‘项目与工程管理’、‘运维与技术支持’及‘数据库与数据仓库管理’三大类型，合计占比超过80%，表明其核心职责是数据平台（尤其是DWS数据仓库）的运维保障与项目交付。邮件关键词云显示，全年工作紧密围绕‘DWS’展开，上半年关键词如‘演练’、‘环境’、‘测试’、‘投产’、‘迁移’凸显了其在系统变更、投产演练和资源协调方面的关键角色；下半年关键词如‘维保’、‘采购’、‘服务’、‘合同’、‘年度’则反映出工作重心转向了软件服务采购、合同管理与年度评估等运维支持工作。从邮件主题和关键词推断，其沟通网络广泛，与内部涉及‘工程’、‘项目’、‘审核’、‘变更’的团队（如项目管理、测试、架构、运维团队）联系紧密；外部则与‘银行’、‘上海’、‘软件’、‘原厂’等供应商或服务商有频繁的业务往来，尤其在采购与维保流程中。邮件撰写规范，主题清晰，常使用标签分类，体现了良好的工作条理性。沟通风格以事务性为主，注重任务跟进与协调，在与多部门协作中展现出了较强的项目推动能力。优势在于对数据平台运维全流程有扎实的掌握，项目执行细致可靠，尤其在跨部门资源协调与采购流程跟进上表现突出。建议后续可鼓励其在技术方案设计与创新优化方面投入更多精力，进一步提升系统性解决问题的能力。,,,,,,,,,,,,40.0,1.0,数据平台部,运维支持组,49.23361111,数据平台部,5508.53,10.8,9.0,9.0,0.166666667,,,,5.0,,男员工、研究生学历、校招生、工龄中坚、工作超负荷、中加班、PASO参与者、学习积极分子、考勤良好、邮件运维支持型、跨部门广泛协作、部门_数据平台部、数据建模、数据平台、数据库管理、测试工程、项目管理、运维支持,2318,数据建模与数仓、数据平台与运维、系统测试与投产、数据库管理、项目管理与需求、运维与技术支持
132,冯潇,数据平台部,运维支持组,女,5.0,研究生,华东师范大学,,,,0,数据研发,校园招聘,,,,,16,0,,,,2.299029734,1.0,24.0,25.0,10.0,12.0,1,0,1,2,3,5,适中,,,,,,,,,2025.0,数据平台部,"{""其他"": 31, ""数据资产管理"": 19, ""会议与沟通协调"": 28, ""技术方案与评审"": 22, ""数据安全与脱敏"": 42, ""权限与资源管理"": 35, ""项目与投产演练"": 67, ""数据平台运维与优化"": 58}","[""吴证"", ""李天卓"", ""史朋飞"", ""陈朗"", ""兰昕蕾"", ""冯晓煜"", ""罗仁杰"", ""卢易"", ""曹宁远"", ""顾恺"", ""杨青"", ""林幸"", ""李敏吉"", ""杜乐"", ""黄哲睿"", ""张倩"", ""丁晨"", ""王正超"", ""钱磊"", ""郑卞钰""]","[""数据开发部"", ""数据平台部"", ""信息管理部"", ""综合管理部"", ""信息统计部"", ""智能创新部"", ""上海开发测试中心"", ""苏州开发测试中心"", ""数据治理部"", ""总行"", """", ""数据中心"", ""风险内控部"", ""债券交易部"", ""创新业务部"", ""信贷与投资管理部"", ""架构管理部"", ""金融科技创新实验室"", ""内控安全部"", ""公共邮箱组""]",项目驱动 & 持续运维,"[""工作节奏由重大项目（如‘智芯工程’）的‘投产演练’周期驱动，邮件主题高度聚焦于‘数据安全脱敏网关’、‘ETL作业’和‘集群优化’。"", ""从季度关键词看，工作重心在二、三季度向‘投产演练’、‘环境’、‘调度’、‘测试’等实施与验证环节倾斜，四季度则涉及‘进度收集’、‘审计’、‘报表’、‘考核’、‘总结’等收尾与复盘工作。"", ""邮件撰写规范，'常使用标签进行分类'，便于跟踪处理，体现了良好的工作习惯。"", ""跨部门协作频繁，'与数据开发、信息管理、架构管理等多个部门保持紧密联系'，沟通网络广泛。""]",冯潇是数据平台部的技术骨干，工作内容高度聚焦于数据安全脱敏网关的运维、优化与项目建设，同时深度参与智芯工程等重大项目的投产演练工作，涉及环境准备、权限配置、作业优化等全流程支持。在数据平台日常运维中，积极处理ETL作业性能、集群优化、权限管理等技术问题，展现出扎实的平台运维能力。邮件撰写规范，主题清晰，常使用标签进行分类，便于跟踪处理。沟通风格务实高效，以解决具体技术问题为导向，跨部门协作频繁，与数据开发、信息管理、架构管理等多个部门保持紧密联系。后续建议在现有深厚技术功底基础上，进一步提升技术方案的抽象与规划能力，主动参与或主导平台级工具与流程的优化设计，将一线实践经验转化为可复用的方法论或平台功能。优势在于对数据安全网关及相关平台运维有深入理解和丰富实战经验，责任心强，能承受项目高压期的工作负荷，是团队中可靠的技术执行者与问题解决者。,,,,,,,,,,,,,3.0,数据平台部,运维支持组,61.74083333,数据平台部,4237.88,8.31,7.0,9.882352941,0.189212147,,,,4.0,,女员工、研究生学历、校招生、工龄成长型、工作饱和度适中、中加班、项目负责人、应用主管、变更任务较多、PASO参与者、学习积极分子、考勤良好、项目驱动型、跨部门广泛协作、部门_数据平台部、数据开发、数据平台、测试工程、运维支持、数据安全,310,数据开发与ETL、数据平台与运维、系统测试与投产、数据安全与权限、业务系统建设、运维与技术支持
133,陈朗,数据平台部,运维支持组,男,1.0,大学本科,上海理工大学,,,,0,数据研发,校园招聘,,,,,16,0,,,,1.265034188,0.0,34.0,22.0,7.0,2.0,1,0,1,1,7,7,适中,,,,,,,,,2025.0,数据平台部,"{""其他"": 53, ""安全与合规"": 65, ""会议与沟通协调"": 98, ""文档与规范管理"": 76, ""权限与资源申请"": 142, ""运维与技术支持"": 167, ""项目与工程管理"": 185}","[""李天卓"", ""吴证"", ""史朋飞"", ""冯潇"", ""冯晓煜"", ""陈世辉"", ""黄哲睿"", ""杨青"", ""钱磊"", ""罗仁杰"", ""林幸"", ""张倩"", ""顾恺"", ""兰昕蕾"", ""杨萍"", ""卢易"", ""杜乐"", ""姚志环"", ""白迪"", ""陆凯华""]","[""数据开发部"", ""数据平台部"", ""上海开发测试中心"", ""综合管理部"", ""信息管理部"", ""信息统计部"", ""苏州开发测试中心"", ""智能创新部"", ""数据中心"", """", ""数据治理部"", ""总行"", ""系统与数据应用部"", ""创新业务部"", ""风险内控部"", ""债券交易部"", ""信贷与投资管理部"", ""架构管理部"", ""内控安全部"", ""本部""]",项目驱动&运维保障型,"[""邮件类型以‘项目与工程管理’、‘运维与技术支持’、‘权限与资源申请’为主，全年工作围绕项目投产与平台运维展开。"", ""紧急邮件数量与项目关键节点（如‘演练’、‘投产’）高度相关，推测在季度中后期较为集中。"", ""标签邮件使用广泛且规范，‘常使用【】标签对邮件类型进行清晰分类’，体现出极强的工作条理性。"", ""工作节奏全年保持高强度，无明显季节性低谷，显示出持续的平台支撑和项目跟进压力。""]",陈朗是数据平台部的员工。邮件收发内容高度聚焦于大数据平台的项目实施与日常运维。邮件主题全年高频围绕‘数据’、‘环境’、‘集群’、‘演练’、‘投产’、‘平台’等核心词汇，显示其工作重心在于平台环境管理、项目投产演练、数据同步与集群运维。从季度关键词演变看，工作从一季度的‘慧信’、‘智芯’项目启动与演练，逐步深入到二三季度的平台‘优化’、‘测试’、‘生产’问题处理，四季度则更侧重于‘项目’、‘架构’、‘调度’等长期性工作，体现出从具体项目执行到平台架构关注的深化过程。‘沟通风格务实，以解决问题为导向’，邮件撰写规范，主题明确。其工作网络紧密围绕‘技术团队、项目组及外部部门’，是确保平台稳定与项目进度的关键协调节点。情感分析显示其沟通以中性、客观的技术描述为主，在‘高压的项目投产与应急响应中表现稳健’。总体而言，陈朗是一名对大数据平台技术细节掌握深入、责任心强、工作条理清晰、在项目支撑与运维保障中表现可靠的技术骨干。,,,,,,,,,,,,,4.0,数据平台部,运维支持组,54.74444444,数据平台部,5889.5,11.55,10.0,6.009811765,0.479669977,,,,1.0,,男员工、本科学历、校招生、工龄新手、工作饱和度适中、项目负责人、应用主管、变更任务密集、PASO参与者、学习积极分子、项目驱动型、邮件运维支持型、跨部门广泛协作、部门_数据平台部、数据平台、测试工程、数据迁移,764,数据开发与ETL、数据平台与运维、系统测试与投产、运维与技术支持
134,王新蕾,数据平台部,待定,女,1.0,研究生,中国科学技术大学,,,,0,数据研发,校园招聘,,,,,0,0,,,,,,,,,,0,0,0,0,0,0,-,,,,,,,,,2025.0,数据平台部,"{""其他"": 5, ""会议活动"": 35, ""制度规范"": 19, ""培训学习"": 8, ""工会福利"": 13, ""技术运维"": 9, ""通知公告"": 142, ""项目管理"": 27}","[""宋晓迪"", ""杨婧"", ""卫彩萍"", ""李梦霄"", ""徐陶然"", ""邱玥"", ""王笑丹"", ""崔建文"", ""于中宝"", ""王友轩"", ""李然"", ""陈超"", ""王书祥"", ""韩统优"", ""张伟亮"", ""卢易"", ""陈玉思"", ""乐洋"", ""吕丽丽"", ""万珊红""]","[""数据开发部"", ""数据平台部"", ""信息管理部"", ""信息统计部"", ""综合管理部"", ""智能创新部"", ""数据治理部"", ""总行"", """", ""风险内控部"", ""债券交易部"", ""苏州开发测试中心"", ""创新业务部"", ""信贷与投资管理部"", ""数据管理与应用部"", ""系统与数据应用部"", ""上海审计中心"", ""内控安全部"", ""非零贷后与监控部""]",信息接收驱动 & 季度波动,"[""邮件处理量在<strong>二季度</strong>达到全年峰值，工作强度最高。"", ""全年邮件以‘通知公告’类为主，工作节奏主要由信息接收和处理驱动。"", ""工作重心在二季度显著偏向‘活动’、‘工会’、‘会议’等组织协调事务。"", ""四季度邮件量显著回落，工作节奏放缓，内容转向‘员工’、‘信息’、‘文化’等支持性工作。""]",王新蕾是数据平台部的员工。2025年，其邮件处理以‘通知公告’为主，展现出核心工作是信息接收与跟进。工作节奏呈现明显季度波动，二季度为全年最繁忙时段，涉及大量‘活动’、‘工会’、‘会议’等组织协调工作；四季度节奏显著放缓。从关键词看，其工作始终紧密围绕‘数据’、‘管理’、‘应用’、‘工程’等核心业务，同时深度参与‘党支部’、‘党员’、‘大会’等党建与团队活动，体现了良好的组织融入度。邮件撰写风格规范，主题清晰，便于归档检索。沟通风格以‘接收和执行为主’，能稳定跟进部门内外事务。优势在于对规章制度和部门动态把握准确，工作细致有条理。提升方向是在熟悉业务的基础上，加强主动性沟通和跨领域学习，以更好地支持团队创新。,,,,,,,,,,,,,0.0,数据平台部,数据服务组,0.0,,,,,,,,,,1.0,,女员工、研究生学历、校招生、工龄新手、考勤全勤、跨部门广泛协作、部门_数据平台部、数据平台,,数据平台与运维
135,顾恺,数据开发部,负责人,男,20.0,大学本科,东华大学,科长,,,2,负责人,社会招聘,,,,,4,0,2.0,,,3.758018242,1.0,4.0,14.0,23.0,26.0,0,0,0,0,0,0,0,,,,,,,,,2025.0,数据开发部,"{""其他"": 200, ""授权审批"": 900, ""项目管理"": 1500, ""会议组织与纪要"": 1200, ""培训与材料收集"": 300, ""日常运营与支持"": 800, ""风险与问题管理"": 400}","[""杨青"", ""卢易"", ""黄哲睿"", ""吴证"", ""乐洋"", ""罗仁杰"", ""贺文军"", ""白迪"", ""钱磊"", ""杨萍"", ""陈超"", ""兰昕蕾"", ""丁晨"", ""宋晓迪"", ""周龙"", ""陈世辉"", ""林幸"", ""龚毅磊"", ""邹小芳"", ""袁凯""]","[""数据开发部"", ""上海开发测试中心"", ""苏州开发测试中心"", ""数据平台部"", ""综合管理部"", """", ""信息统计部"", ""数据中心"", ""智能创新部"", ""信息管理部"", ""数据治理部"", ""架构管理部"", ""总行"", ""系统与数据应用部"", ""公司业务中台部"", ""创新业务部"", ""数据应用管理部"", ""项目管理部"", ""消费信贷部"", ""领导""]",高负荷&流程驱动,"[""邮件收发量全年保持高位，工作节奏紧凑且稳定，以项目管理和会议协作为核心。"", ""紧急邮件（由‘重要’、‘待处理’等关键词推测）在<strong>二季度</strong>出现小幅峰值，与项目关键节点和‘机构改革’、‘反电诈’等专项工作启动有关。"", ""标签邮件（如‘项目管理’、‘会议组织与纪要’）使用广泛且数量庞大，体现了高度规范的邮件管理和信息结构化习惯。"", ""工作重心全年紧密围绕‘智芯工程’与‘慧信工程’，季度间主题词稳定，显示出持续的项目跟进与流程执行。""]",顾恺是数据开发部的员工。邮件收发数量全年保持高位，邮件类型以‘项目管理’、‘会议组织与纪要’、‘授权审批’为主，显示其核心工作是项目全生命周期管理、跨部门协调与流程审批。关键词云显示，全年工作紧密围绕‘智芯工程’、‘慧信工程’两大核心项目，高频词‘会议’、‘授权’、‘重要’、‘日报’、‘周报’、‘待处理’贯穿始终，体现了高强度、流程化的项目管理与沟通模式。从季度看，工作主题高度稳定，二季度新增‘反电诈’、‘机构改革’、‘科室’等专项工作关键词，显示工作范围有所拓展。联系紧密的同事和部门主要围绕‘智芯工程数据组’、‘科室’、以及涉及‘CBS’、‘UDAS’、‘CB存款组数据湖’等系统的相关团队。邮件撰写‘严谨规范’，主题清晰，常使用标准标签，体现了‘良好的职业习惯与信息结构化能力’。沟通风格‘积极主动、高效务实’，以任务闭环为目标，展现出‘强烈的责任心和协作意识’。总体而言，顾恺是一名项目驱动、流程导向、执行力强、高度可靠的核心协调者与执行枢纽，是团队中不可或缺的稳定支柱。建议在保持高效执行力的同时，可进一步优化多任务下的精力分配，并探索对常规性沟通的流程简化。,,,,,,,,,,,,,7.0,数据开发部,负责人,117.5941667,,,,,,,,,,19.0,,男员工、本科学历、社招员工、工龄资深、科长、高加班、深夜加班频繁、内训讲师、高强度工作、流程导向型、邮件高频用户、会议达人、邮件项目管理型、邮件流程审批型、跨部门广泛协作、部门_数据开发部、岗位经历丰富、数据开发、数据平台、项目管理,,数据开发与ETL、数据建模与数仓、项目管理与需求、风险模型与反欺诈、业务系统建设
136,杨青,数据开发部,负责人,女,15.0,研究生,东华大学,,,,0,数据研发,社会招聘,第一党支部纪检委员,工会会员代表,,,4,0,1.0,,,3.365391621,1.0,9.0,9.0,22.0,21.0,0,0,0,0,0,0,0,,,,,,,,,2025.0,数据开发部,"{""其他"": 145, ""审批与授权"": 376, ""进度与报告"": 290, ""通知与提醒"": 306, ""会议与沟通协调"": 1824, ""数据治理与报送"": 215, ""项目与任务管理"": 1726, ""风险与问题上报"": 119}","[""曾敏锐"", ""顾恺"", ""钱磊"", ""窦博文"", ""喻成侠"", ""张倩"", ""白迪"", ""卢易"", ""姚志环"", ""杨萍"", ""张放"", ""邹小芳"", ""吴证"", ""林幸"", ""马胤"", ""罗仁杰"", ""宋晓迪"", ""周浩"", ""田振宇"", ""马富强""]","[""数据开发部"", ""上海开发测试中心"", ""数据平台部"", ""苏州开发测试中心"", ""综合管理部"", """", ""信息统计部"", ""系统与数据应用部"", ""智能创新部"", ""信息管理部"", ""架构管理部"", ""数据治理部"", ""数据中心"", ""总行"", ""数据应用管理部"", ""风险预警管理部"", ""创新业务部"", ""内控安全部"", ""计量与应用部"", ""风险内控部""]",高强度&项目枢纽型,"[""邮件收发量全年保持高位，其中‘会议与沟通协调’和‘项目与任务管理’类邮件占比最高，显示其作为项目信息枢纽的核心角色。"", ""紧急邮件（通过‘重要’、‘急’、‘提醒’等关键词推断）在二、三、四季度均有出现，尤其在二季度出现‘急’、‘第一轮’等词汇，表明项目关键节点压力较大。"", ""标签邮件使用频繁且规范，如‘会议纪要’、‘会议通知’、‘授权申请’、‘风险上报’等，体现了严谨的结构化沟通与流程管理习惯。"", ""工作节奏紧密围绕‘慧信工程’项目周期，从一季度的模型整合、二季度的授权与风险上报、三季度的生产授权与投产演练，到四季度的监管报送与风险提示，工作重心随项目阶段清晰演进。""]",杨青是数据开发部的员工，全年工作高度聚焦于‘慧信工程’等核心数据项目，深度参与数据整合模型、监管报送、征信管理及投产演练等关键环节，展现出极强的项目专注度与专业纵深。工作内容以项目管理为核心，涵盖大量的会议组织、纪要撰写、材料准备、进度跟踪、跨部门协调、流程审批与风险管控，是项目信息流转与任务推进的关键枢纽。邮件撰写风格严谨规范，主题标签使用清晰且频繁，体现了其注重流程合规、信息结构化与风险标识的职业习惯。沟通风格积极主动、目标明确，以正式、结构化的会议驱动和书面沟通为主，高频使用‘重要’、‘急’、‘提醒’等词汇，具备较强的推动力、责任心与风险意识。从关键词分析，其工作网络紧密围绕‘慧信工程’项目，与‘上海银行’、‘UDAS’等外部或关联系统方，以及内部涉及‘授权’、‘审批’、‘报送’的职能部门联系紧密。工作节奏为高强度项目枢纽型，全年邮件量稳定在高位，紧急和标签邮件频繁，工作重心随项目阶段（模型整合、授权、投产、报送）清晰转移。优势在于对复杂项目的全流程把控能力、出色的文档管理与会议协调技能、严谨细致的执行风格以及强大的多任务处理能力，是团队中可靠的枢纽型与执行型人才。建议在保持高效执行力与严谨作风的基础上，可适当优化时间分配，减少事务性沟通负荷，并加强在跨团队协作中的柔性沟通技巧。,,,,,,,,,,,,54.0,20.0,数据开发部,负责人,159.4069444,,,,,,,,,,14.0,,女员工、研究生学历、社招员工、工龄资深、高加班、深夜加班频繁、内训讲师、考勤问题严重、高强度工作、邮件高频用户、会议达人、邮件项目管理型、邮件数据开发型、邮件流程审批型、跨部门广泛协作、部门_数据开发部、数据开发、征信合规、测试工程、项目管理、文档流程,,数据开发与ETL、数据建模与数仓、数据治理与合规、系统测试与投产、项目管理与需求、业务系统建设
137,田振宇,数据开发部,模型设计组,男,3.0,研究生,上海大学,,,,1,数据研发,校园招聘,,,,,14,0,,,,2.059054581,0.0,8.0,17.0,31.0,1.0,0,0,0,1,3,0,适中,,,,,,,,,2025.0,数据开发部,"{""其他"": 35, ""会议与沟通协调"": 85, ""授权与生产操作"": 45, ""数据与系统运维"": 95, ""测试与缺陷处理"": 70, ""监管与合规报送"": 55, ""项目与工程管理"": 120, ""需求与工作量评估"": 65}","[""杨青"", ""罗仁杰"", ""姚志环"", ""钱磊"", ""杜乐"", ""窦博文"", ""林幸"", ""马富强"", ""骆静龙"", ""袁凯"", ""郑卞钰"", ""曾敏锐"", ""顾恺"", ""张倩"", ""王亮"", ""胡庆"", ""黄哲睿"", ""邹小芳"", ""陈笑轩"", ""王言哲""]","[""数据开发部"", ""上海开发测试中心"", ""数据平台部"", ""苏州开发测试中心"", ""综合管理部"", ""信息统计部"", ""信息管理部"", ""智能创新部"", """", ""数据治理部"", ""总行"", ""系统与数据应用部"", ""架构管理部"", ""风险预警管理部"", ""数据中心"", ""创新业务部"", ""计量与应用部"", ""数据应用管理部"", ""风险内控部"", ""消费信贷部""]",项目驱动&全链条交付,"[""邮件收发总量全年保持高位，工作负荷饱满且稳定。"", ""工作重心随项目阶段清晰演变：一季度聚焦‘数据入仓’与‘测试’；二季度转向‘投产’、‘授权’与‘生产操作’；三、四季度深化‘整合模型’与‘监管报送’（如征信、对公、普惠）。"", ""沟通节奏以‘会议’、‘通知’、‘日报’等形式贯穿全年，体现了持续的跨团队协作与进度同步。"", ""邮件主题常使用标准化标签（如【】标注）进行管理，体现出‘规范严谨’的职业习惯。""]",田振宇是数据开发部的核心骨干。邮件收发类型以‘项目与工程管理’、‘数据与系统运维’及‘会议与沟通协调’为主，深度参与‘慧信工程’、‘整合模型’等大型金融科技项目的全链条交付。关键词云显示其工作高度专业化，全年围绕‘数据’、‘整合模型’、‘CP’、‘测试’、‘投产’、‘报送’等核心领域展开，季度间重心从‘入仓测试’向‘投产运维’再向‘监管报送’与‘业务模型’（如对公、普惠）平滑过渡。沟通风格‘以事务性驱动为主，注重协作与问题闭环’，频繁通过会议、日报等形式同步进展。邮件撰写‘规范严谨，主题清晰，常使用标准化标签’。作为团队可靠的‘技术中坚’，在高压项目环境下保持稳定输出。后续建议可‘适当加强业务视角的提炼与前瞻性规划，从单纯执行向架构设计延伸，并注重知识沉淀与团队赋能’。,,,,,,,,,,,,86.0,2.0,数据开发部,模型设计组,108.6833333,数据开发部,6112.18,11.98,10.0,10.60783529,0.114537955,,,,2.0,,男员工、研究生学历、校招生、工龄成长型、工作饱和度适中、中加班、PASO参与者、学习积极分子、考勤良好、项目驱动型、跨部门广泛协作、部门_数据开发部、数据开发、架构设计、征信合规、测试工程、运维支持、对公业务、零售业务,,数据开发与ETL、数据建模与数仓、数据平台与运维、数据治理与合规、系统测试与投产、架构设计与信创、业务系统建设、运维与技术支持
138,陈科宇,数据开发部,应用开发组/风险管理,女,6.0,大学本科,江南大学,,,,1,数据研发,校园招聘,,,团委副书记,,17,8,,,,3.265181624,1.0,1.0,14.0,18.0,19.0,0,0,0,1,2,3,适中,,,,,,,,,2025.0,数据开发部,"{""其他"": 15, ""会议与沟通协调"": 18, ""培训与知识转移"": 8, ""文档与规范管理"": 12, ""项目开发与测试"": 35, ""团队管理与人员安排"": 6, ""投产演练与上线支持"": 22, ""数据运维与问题处理"": 28}","[""胡庆"", ""钱磊"", ""林幸"", ""张倩"", ""郑卞钰"", ""潘修滔"", ""杨青"", ""罗仁杰"", ""顾恺"", ""骆静龙"", ""兰昕蕾"", ""邹小芳"", ""陈晨"", ""袁凯"", ""姚志环"", ""马富强"", ""诸倩铷"", ""龚毅磊"", ""杜乐"", ""窦博文""]","[""数据开发部"", ""数据平台部"", ""综合管理部"", ""上海开发测试中心"", ""苏州开发测试中心"", ""信息统计部"", ""信息管理部"", ""智能创新部"", """", ""数据治理部"", ""总行"", ""数据中心"", ""风险内控部"", ""系统与数据应用部"", ""债券交易部"", ""创新业务部"", ""信贷与投资管理部"", ""计量与应用部"", ""开发协调部"", ""市场企划部""]",高强度&项目驱动,"[""邮件类型以‘项目开发与测试’和‘数据运维与问题处理’为主，合计占比超过50%，体现了开发与运维并重的工作常态。"", ""工作重心随项目周期演进：一季度聚焦‘慧信工程’启动与‘投产演练’；二、三季度重心向‘整合模型’和‘智芯三阶段’深化开发与测试转移；四季度在‘整合模型’收尾同时，应对‘机构改革’等新需求。"", ""关键词中频繁出现‘版本变更’、‘运行变更’、‘影响性分析’、‘投产支持’等，表明工作节奏紧密跟随项目发布、变更管理和生产保障的关键节点。"", ""标签邮件使用广泛，邮件撰写‘规范严谨，主题明确’，体现了结构化和高效率的沟通习惯。""]",陈科宇是数据开发部的核心技术人员。邮件活动高度集中于‘项目开发与测试’和‘数据运维与问题处理’，展现了从开发到运维的全链路深度参与。全年工作节奏紧密跟随‘慧信工程’、‘智芯三阶段’、‘整合模型’等大型数据工程项目周期，关键词从一季度的‘投产演练’、‘授权申请’逐步演变为三、四季度的‘版本变更’、‘影响性分析’和‘机构改革’，反映出工作重心从项目启动、测试演练向变更管理、影响评估及应对新业务需求转移。沟通风格‘以任务为导向，注重协调与跟进’，邮件‘撰写规范严谨，主题明确’。作为‘团队中可靠的技术骨干’，其优势在于‘对复杂数据工程项目的全流程把控能力强，技术细节处理到位’。工作网络紧密围绕项目团队，协同进行开发、测试、投产及问题处理。后续可关注‘加强跨部门协作能力的提升，在技术方案沟通中更加注重业务价值的传递’。,,,,,,,,,,,,90.0,0.0,数据开发部,应用开发组,121.5686111,数据开发部,6949.23,13.63,10.0,9.999952941,0.266327737,,,,5.0,,女员工、本科学历、校招生、工龄中坚、工作饱和度适中、高加班、变更任务较多、PASO参与者、学习积极分子、知识库活跃、考勤全勤、高强度工作、项目驱动型、跨部门广泛协作、部门_数据开发部、数据开发、测试工程,1562,数据开发与ETL、数据建模与数仓、系统测试与投产、业务系统建设
139,胡庆,数据开发部,应用开发组/风险管理,男,3.0,研究生,上海对外经贸大学,,,,0,数据研发,校园招聘,,,,2025行外发文1,13,0,,,,2.861990741,1.0,5.0,15.0,32.0,14.0,0,1,0,1,7,3,适中,,,,,,,,,2025.0,数据开发部,"{""其他"": 180, ""会议与沟通协调"": 230, ""授权与变更管理"": 280, ""数据开发与运维"": 380, ""数据治理与集成"": 200, ""测试与缺陷处理"": 250, ""项目与工程管理"": 420, ""风险监测与预警"": 320}","[""杨青"", ""钱磊"", ""马富强"", ""林幸"", ""周浩"", ""曾敏锐"", ""顾恺"", ""罗仁杰"", ""陈科宇"", ""郑卞钰"", ""姚志环"", ""张倩"", ""兰昕蕾"", ""骆静龙"", ""陈晨"", ""袁凯"", ""陈笑轩"", ""窦博文"", ""丁晨"", ""阮靖龙""]","[""数据开发部"", ""数据平台部"", ""上海开发测试中心"", ""综合管理部"", ""苏州开发测试中心"", ""信息统计部"", ""信息管理部"", ""智能创新部"", """", ""风险预警管理部"", ""数据治理部"", ""总行"", ""系统与数据应用部"", ""风险内控部"", ""计量与应用部"", ""数据中心"", ""债券交易部"", ""创新业务部"", ""架构管理部"", ""风险监测部""]",高强度&全流程驱动,"[""邮件沟通高度聚焦于'项目与工程管理'、'数据开发与运维'及'风险监测与预警'三大核心领域，贯穿全年。"", ""关键词'RAD'、'整合模型'、'慧信工程'、'智芯'在各季度均高频出现，显示其工作持续围绕核心风险系统与重大工程项目展开。"", ""工作节奏随项目阶段演变：二季度突出'投产'、'演练'、'变更'，显示集中上线与验证压力；三季度'规则'、'信号'、'指标'权重上升，转向风险模型深化与监控；四季度出现'机构改革'、'关联关系'、'日报'，工作内容拓展至组织调整与日常运营。"", ""全年持续涉及'测试'、'缺陷'、'授权邮件'，体现了对开发运维全流程质量与合规性的高度重视。""]",胡庆是数据开发部的员工。邮件收发高度集中于'项目与工程管理'、'数据开发与运维'及'风险监测与预警'三大领域，显示其工作深度绑定于风险系统（RAD）与重大数据工程项目（慧信、智芯）的全生命周期管理。全年关键词'RAD'出现频率持续攀升，'整合模型'、'规则'、'信号'、'指标'等词贯穿各季度，表明其核心职责是风险数据模型的开发、优化与监控。工作节奏紧密跟随项目周期：年初侧重基础开发与授权流程；年中（二季度）进入密集的'投产'、'演练'与'变更'期；下半年则深化至风险'规则'与'信号'的细化，并响应'机构改革'等组织调整。邮件中频繁出现'授权邮件'、'测试'、'缺陷'等词，体现了严谨务实、注重流程规范与质量控制的沟通风格。其沟通网络必然深度涉及风险管理部门（基于RAD、FRM、规则、信号）、项目管理办公室（基于慧信、智芯工程）以及测试、运维等支撑团队。胡庆同志展现出扎实的技术功底、复杂的项目协同能力和高度的责任心，是团队中在高压投产与问题修复环节可靠的技术骨干。建议在保持技术深度的同时，可进一步提升宏观架构视野和业务价值提炼能力。,,,,,,,,,,,,84.0,0.0,数据开发部,应用开发组,93.48444444,数据开发部,5149.95,10.1,8.0,6.999988235,0.306931858,,,,2.0,,男员工、研究生学历、校招生、工龄成长型、工作饱和度适中、高加班、变更任务密集、PASO参与者、学习活跃、考勤全勤、高强度工作、流程导向型、邮件高频用户、会议达人、邮件项目管理型、邮件运维支持型、邮件数据开发型、邮件流程审批型、跨部门广泛协作、部门_数据开发部、数据开发、测试工程、项目管理,,数据开发与ETL、数据建模与数仓、系统测试与投产、项目管理与需求、风险模型与反欺诈、业务系统建设
140,张倩,数据开发部,应用开发组/风险管理,女,3.0,研究生,上海财经大学,,,,0,数据研发,校园招聘,,,,,9,0,,,,2.286235043,0.0,4.0,38.0,20.0,3.0,0,2,0,1,6,9,适中,,,,,,,,,2025.0,数据开发部,"{""其他"": 150, ""授权与审批"": 180, ""周报与进度同步"": 160, ""数据开发与测试"": 380, ""监管报送与征信"": 320, ""需求评估与排期"": 280, ""项目协调与会议"": 450, ""风险与问题处理"": 220}","[""邹小芳"", ""杨青"", ""张放"", ""曾敏锐"", ""白迪"", ""钱磊"", ""陈晨"", ""黄大伟"", ""顾恺"", ""张小铁"", ""罗仁杰"", ""林幸"", ""姚志环"", ""胡庆"", ""卢易"", ""窦博文"", ""杨萍"", ""杨保国"", ""周浩"", ""吴证""]","[""数据开发部"", ""上海开发测试中心"", ""数据平台部"", ""苏州开发测试中心"", ""综合管理部"", ""系统与数据应用部"", """", ""信息统计部"", ""信息管理部"", ""智能创新部"", ""总行"", ""架构管理部"", ""数据治理部"", ""数据应用管理部"", ""创新业务部"", ""数据中心"", ""风险内控部"", ""产品发展部"", ""消费信贷部"", ""内控安全部""]",项目驱动 & 高强度执行,"[""邮件类型以‘项目协调与会议’和‘数据开发与测试’为主，显示工作围绕项目全流程展开，节奏紧凑。"", ""全年关键词‘征信’、‘报送’、‘慧信’、‘工程’、‘会议’、‘测试’贯穿始终，体现监管报送与数据开发双线并行的核心职责。"", ""工作节奏随季度项目阶段波动：一季度聚焦‘迁移’、‘组件’、‘外围’等开发部署；二季度出现‘会议纪要’、‘会议邀请’、‘重要’等高频词，显示密集沟通与项目推进；三季度‘需求’、‘管理’、‘版本’、‘投产’、‘问题’等词频显著上升，进入测试、投产与问题处理关键期；四季度‘整改’、‘人行’、‘影响’、‘确认’等词凸显，工作重心转向问题整改与收尾确认。"", ""邮件主题标签（如‘CBS3.0项目组’、‘SRMS-入仓表字段汇总’、‘会议材料--企业借贷信息’）使用清晰，信息结构化程度高，体现了规范的文档管理习惯。""]",张倩是数据开发部的员工。2025年度工作高度聚焦于数据开发与监管报送领域，特别是在‘征信’、‘慧信工程’及相关‘数据迁移’、‘投产测试’等核心项目中承担了关键角色。邮件收发活动密集，类型分布显示其工作贯穿‘项目协调与会议’、‘数据开发与测试’、‘监管报送与征信’、‘需求评估与排期’、‘风险与问题处理’等全流程。季度关键词云显示，一季度侧重于开发部署与基础准备（如迁移、组件、外围），二季度进入密集沟通与材料准备阶段（会议纪要、邀请、通知），三季度聚焦于测试、投产、版本管理与问题处理，四季度则转向问题整改、影响评估与收尾确认。邮件主题标签使用规范（如‘CBS3.0项目组’、‘SRMS-入仓表字段汇总’），信息结构化程度高。沟通风格务实高效，以任务驱动为主，对内外部协作响应及时，能有效推动问题解决与项目进展。工作节奏受项目周期驱动，全年保持高强度执行与稳定输出。优势在于对监管报送及数据开发业务流程有深入理解，责任心强，协同推进与风险管控能力突出，是团队中可靠的技术骨干与项目协调者。建议在保持现有执行力的基础上，进一步优化多任务并行下的工作节奏与精力分配。,,,,,,,,,,,,88.0,0.0,数据开发部,应用开发组,35.65694444,数据开发部,5279.83,10.35,9.0,9.0,0.130434783,,,,2.0,,女员工、研究生学历、校招生、工龄成长型、工作饱和度适中、中加班、需求负责人、变更任务密集、PASO参与者、学习活跃、考勤全勤、高强度工作、项目驱动型、邮件高频用户、会议达人、邮件项目管理型、邮件数据开发型、跨部门广泛协作、部门_数据开发部、数据开发、征信合规、测试工程、项目管理、数据迁移,,数据开发与ETL、数据治理与合规、系统测试与投产、项目管理与需求、业务系统建设
141,龚毅磊,数据开发部,应用开发组/监管报送,男,3.0,研究生,香港中文大学,,,,1,数据研发,校园招聘,,,,,12,0,,,,2.593342014,0.0,5.0,11.0,41.0,7.0,1,7,1,2,17,11,超负荷,,,,,,,,,2025.0,数据开发部,"{""其他"": 28, ""会议沟通"": 76, ""监管报送"": 91, ""项目周报"": 61, ""授权与申请"": 18, ""任务通知与提醒"": 39, ""数据治理与分析"": 45, ""需求评审与确认"": 37}","[""钱磊"", ""景丞"", ""袁凯"", ""顾恺"", ""罗仁杰"", ""周龙"", ""吴小倩"", ""骆静龙"", ""康冉"", ""王言哲"", ""林幸"", ""张伟亮"", ""刘梦颖"", ""陈晨"", ""杨青"", ""姚志环"", ""郑卞钰"", ""陈笑轩"", ""马富强"", ""潘修滔""]","[""数据开发部"", ""上海开发测试中心"", ""苏州开发测试中心"", ""信息统计部"", ""数据平台部"", ""综合管理部"", ""信息管理部"", ""智能创新部"", """", ""消费信贷部"", ""总行"", ""数据治理部"", ""架构管理部"", ""风险内控部"", ""零售与新兴业务中台部"", ""创新业务部"", ""数据中心"", ""业务发展部"", ""数据应用管理部"", ""清算部""]",监管驱动&项目核心,"[""工作内容深度聚焦于'监管报送'、'数据治理'及'智芯工程'、'慧信工程'等大型工程项目。"", ""邮件类型以'监管报送'、'会议沟通'、'项目周报'、'数据治理与分析'为主，体现了合规、沟通、汇报与专项任务的复合型工作模式。"", ""全年高频使用'会议纪要'、'周报'、'重要'、'待处理'、'请反馈'等标签，表明工作节奏紧凑，信息同步与任务跟进频繁。"", ""关键词季度变化显示，二、三季度'监管报送'任务突出，全年'智芯工程'贯穿始终，四季度'会议通知'量增加，工作重心随项目阶段与监管要求动态调整。""]",龚毅磊是数据开发部的员工，隶属于数据开发部。邮件类型分布显示其工作高度聚焦于‘监管报送’、‘会议沟通’、‘项目周报’和‘数据治理与分析’，构成了以合规、沟通、汇报与专项任务为核心的复合型工作模式。关键词分析表明，其全年工作围绕‘智芯工程’、‘慧信工程’等大型项目及‘监管报送’任务展开，季度间重点略有偏移，如二、三季度‘监管报送’关键词权重最高。邮件中频繁出现‘会议纪要’、‘周报’、‘重要’、‘待处理’、‘请反馈’等标签，反映出严谨规范、积极主动的沟通风格，工作节奏紧凑，信息同步与任务跟进频繁。作为团队核心骨干，其优势在于对数据类项目的全流程把控力强，在技术方案分析、需求评估及合规衔接方面表现突出。建议在保持高效执行力的基础上，可进一步优化多任务并行处理策略，提升对复杂项目中潜在风险的预判与规划能力。,,,,,,,,,,,,88.0,1.0,数据开发部,应用开发组,97.31527778,数据开发部,5926.62,11.62,10.0,10.00002353,0.139412777,,,,2.0,,男员工、研究生学历、校招生、工龄成长型、工作超负荷、中加班、项目负责人、高频需求负责人、应用主管、变更任务密集、PASO参与者、学习活跃、考勤良好、监管驱动型、跨部门广泛协作、部门_数据开发部、数据开发、征信合规、项目管理、数据治理,,数据开发与ETL、数据治理与合规、项目管理与需求、业务系统建设
142,景丞,数据开发部,应用开发组/监管报送,女,7.0,大学本科,南京理工大学,,,,1,数据研发,社会招聘,,,,,16,0,,,1.0,2.369822049,0.0,13.0,17.0,24.0,10.0,1,28,1,5,9,22,适中,,,,,,,,,2025.0,数据开发部,"{""其他"": 90, ""文档与报告"": 110, ""测试与验收"": 130, ""EAST监管报送"": 420, ""会议与沟通协调"": 160, ""数据治理与检核"": 310, ""项目与需求管理"": 280, ""系统运维与技术支持"": 190}","[""张伟亮"", ""钱磊"", ""龚毅磊"", ""王笑丹"", ""吴小倩"", ""康冉"", ""王书祥"", ""刘梦颖"", ""杨青"", ""卫彩萍"", ""张梦琦"", ""顾恺"", ""周龙"", ""袁凯"", ""罗仁杰"", ""张小天"", ""贺文军"", ""曾敏锐"", ""李虎"", ""杨萍""]","[""数据开发部"", ""上海开发测试中心"", ""苏州开发测试中心"", ""信息统计部"", ""数据平台部"", ""综合管理部"", ""智能创新部"", ""信息管理部"", """", ""数据中心"", ""总行"", ""数据治理部"", ""系统与数据应用部"", ""创新业务部"", ""数据应用管理部"", ""架构管理部"", ""消费信贷部"", ""风险内控部"", ""业务发展部"", ""开发协调部""]",持续专注&监管驱动,"[""全年邮件总量巨大，工作负荷持续饱满，以'EAST监管报送'为核心，占比最高。"", ""邮件主题关键词'EAST'、'数据'、'报送'、'检核'、'测试'、'需求'等全年高频出现，显示出监管报送工作的核心地位与持续性。"", ""关键词频率从一季度到四季度稳步增长，尤其'EAST'、'数据'、'报送'、'测试'、'需求'等词，反映出工作深度和复杂度随年度推进而增加。"", ""二季度新增'慧信'、'关联关系'、'集团'，三季度新增'智芯'、'交易'、'对公'，四季度新增'机构改革'，表明工作范围在监管报送主线基础上，逐步扩展至关联系统、新业务领域及组织变革相关任务。"", ""邮件撰写规范，主题明确，'常使用标签分类'，结构清晰，体现了严谨的工作习惯。""]",景丞是数据开发部的员工，是负责监管报送领域的核心骨干。邮件收发高度集中于'EAST监管报送'、'数据治理与检核'、'项目与需求管理'三大类型，合计占比超过总邮件量的三分之二，工作聚焦于EAST等监管数据报送系统的开发、测试、运维与数据治理。全年关键词云以'EAST'、'数据'、'报送'、'检核'、'测试'、'需求'为核心，频率逐季攀升，显示出监管工作的持续深化与复杂性增加。沟通网络广泛，'频繁与业务、技术及外部团队协调'，以推动事项闭环。沟通风格'务实高效，以解决问题为导向'。邮件撰写规范，'常使用标签分类'，结构清晰。工作节奏表现为'持续专注&监管驱动'，全年负荷饱满，工作重心围绕监管合规要求，并逐步扩展至'慧信'、'智芯'、'机构改革'等关联领域。总体而言，景丞是一名专业性强、严谨细致、执行力强、责任心重的技术中坚力量，对监管报送流程和数据细节有深入理解。建议可'进一步加强跨部门协同的主动性'，并在复杂项目中提升统筹规划与知识沉淀能力。,,,,,,,,,,,,86.0,6.0,数据开发部,应用开发组,161.2102778,数据开发部,5645.92,11.07,10.0,9.823529412,0.112598969,,,,6.0,,女员工、本科学历、社招员工、工龄中坚、带教师傅、工作饱和度适中、中加班、项目负责人、高频需求负责人、应用主管、变更任务密集、PASO参与者、学习积极分子、监管驱动型、专注型工作风格、邮件高频用户、会议达人、邮件项目管理型、邮件运维支持型、邮件数据开发型、跨部门广泛协作、部门_数据开发部、数据开发、征信合规、测试工程、项目管理、数据治理,39534,数据开发与ETL、数据治理与合规、系统测试与投产、项目管理与需求、业务系统建设
143,刘梦颖,数据开发部,应用开发组/监管报送,女,7.0,研究生,上海大学,,,,1,数据研发,社会招聘,,,,,16,0,,,,2.51042328,0.0,6.0,10.0,41.0,6.0,2,8,2,1,0,12,超负荷,,,,,,,,,2025.0,数据开发部,"{""其他"": 120, ""会议与沟通协调"": 210, ""技术开发与测试"": 280, ""招聘与团队管理"": 90, ""监管报送与合规"": 450, ""系统运维与变更"": 180, ""项目管理与工作量评估"": 320}","[""康冉"", ""景丞"", ""龚毅磊"", ""吴小倩"", ""钱磊"", ""卫彩萍"", ""徐陶然"", ""周龙"", ""杨青"", ""顾恺"", ""袁凯"", ""王书祥"", ""罗仁杰"", ""徐倩茹"", ""赵超"", ""张雅淇"", ""李然"", ""杨萍"", ""曾敏锐"", ""张伟亮""]","[""数据开发部"", ""上海开发测试中心"", ""苏州开发测试中心"", ""数据平台部"", ""信息统计部"", ""综合管理部"", ""信息管理部"", ""智能创新部"", """", ""数据中心"", ""总行"", ""数据治理部"", ""架构管理部"", ""系统与数据应用部"", ""数据应用管理部"", ""风险内控部"", ""创新业务部"", ""金融科技部"", ""开发协调部"", ""信贷与投资管理部""]",高强度&监管驱动,"[""邮件类型以‘监管报送与合规’（450封）为核心，占比最高，工作贯穿全年，是绝对重心。"", ""工作节奏随监管报送周期和重大项目（如‘金数’、‘一表通’、‘慧信’）推进而持续紧张。"", ""关键词频率从一季度到四季度稳步攀升，尤其是‘监管报送’、‘金数’，显示下半年工作强度与复杂度增加。"", ""沟通风格‘以事务性为导向，注重时效与准确性’，‘频繁使用授权、确认、紧急等词汇’，体现了对时效和风险的高度敏感。""]",刘梦颖是数据开发部负责监管报送领域的核心骨干，工作聚焦于金融监管数据报送、项目管理和技术实施。她的工作内容高度专业化，主要围绕监管合规要求展开，包括金数报送、一表通项目、慧信工程等重大项目的需求分析、工作量评估、测试验证和投产上线。邮件撰写规范严谨，主题清晰且常带标签，体现出良好的结构化沟通习惯。沟通风格以事务性为导向，注重时效与准确性，频繁使用授权、确认、紧急等词汇，展现了高效执行力和责任心。她与行内多个部门及外部团队协作紧密，在跨部门协调和项目推进中扮演关键角色。后续建议在保持现有专业深度的基础上，可适当加强战略性思考和知识沉淀，将项目经验转化为可复用的方法论。优势在于对监管报送体系理解深刻，技术细节把控到位，具备出色的多任务处理能力和风险意识，是团队中可靠的技术中坚力量。,,,,,,,,,,,,82.0,2.0,数据开发部,应用开发组,94.98833333,数据开发部,6624.58,12.99,10.0,9.999952941,0.230180682,,,,6.0,,女员工、研究生学历、社招员工、工龄中坚、工作超负荷、中加班、项目负责人、高频需求负责人、应用主管、变更任务密集、PASO参与者、学习积极分子、考勤良好、高强度工作、监管驱动型、邮件高频用户、会议达人、邮件项目管理型、邮件运维支持型、跨部门广泛协作、部门_数据开发部、数据开发、征信合规、测试工程、项目管理,8,数据开发与ETL、数据治理与合规、系统测试与投产、项目管理与需求、业务系统建设
144,钱磊,数据开发部,应用开发组/监管报送,男,10.0,大学本科,海南大学,,,,1,数据研发,社会招聘,,,,,14,0,,,,4.357737573,1.0,8.0,7.0,16.0,45.0,1,7,1,1,1,8,超负荷,,,,,,,,,2025.0,数据开发部,"{""其他"": 100, ""会议沟通"": 320, ""紧急催办"": 25, ""授权与审批"": 30, ""投产演练与测试"": 90, ""数据治理与报送"": 85, ""需求评估与分析"": 120, ""项目通知与周报"": 150}","[""杨青"", ""龚毅磊"", ""景丞"", ""曾敏锐"", ""张伟亮"", ""窦博文"", ""顾恺"", ""姚志环"", ""林幸"", ""袁凯"", ""吴小倩"", ""张倩"", ""罗仁杰"", ""周龙"", ""马富强"", ""康冉"", ""胡庆"", ""郑卞钰"", ""骆静龙"", ""田振宇""]","[""数据开发部"", ""上海开发测试中心"", ""数据平台部"", ""苏州开发测试中心"", ""信息统计部"", ""综合管理部"", """", ""信息管理部"", ""智能创新部"", ""系统与数据应用部"", ""数据治理部"", ""总行"", ""数据应用管理部"", ""架构管理部"", ""创新业务部"", ""数据中心"", ""风险内控部"", ""内控安全部"", ""风险预警管理部"", ""消费信贷部""]",高强度、项目驱动型节奏,"[""全年邮件收发总量高，工作负荷饱满，以‘会议沟通’和‘项目通知与周报’为主要邮件类型。"", ""‘紧急催办’类邮件存在，表明工作中需要处理部分紧急事务，但总体占比不高，显示其对项目进度的主动把控。"", ""标签邮件（如‘重要’、‘重要紧急’、‘会议通知’、‘会议纪要’）使用广泛且贯穿全年，体现了高度规范化的邮件管理和沟通习惯。"", ""工作重心全年高度聚焦于‘慧信工程’与‘智芯’项目，关键词云显示其深度参与项目从需求、开发、治理、测试到投产的全流程。""]",钱磊是数据开发部的员工，隶属于数据开发部。邮件收发总量高，工作负荷饱满，邮件类型以‘会议沟通’和‘项目通知与周报’为主，显示出其核心工作是项目推进与跨部门协调。全年邮件主题高度聚焦于‘慧信工程’、‘智芯’、‘监管报送’、‘数据治理’、‘投产测试’及‘影响性分析’等关键词，表明其深度参与大型数据工程的全生命周期管理。从季度看，工作贯穿项目需求、开发、治理、测试、投产各环节，并持续进行跨团队的会议同步、评估确认与问题解决。邮件撰写规范，频繁使用‘重要’、‘会议通知’、‘会议纪要’等标签，沟通风格正式严谨、条理清晰，注重信息同步与闭环管理。其工作网络紧密围绕‘慧信工程’与‘智芯’项目展开，需与涉及数据治理、监管报送、投产演练、整合模型等多方面的内部团队进行高频协作。总体而言，钱磊是一名全局把控力强、跨团队协调细致到位、抗压能力突出的核心技术骨干，工作节奏紧凑且高度项目驱动。建议在高效推进项目的同时，进一步优化时间管理与工作节奏，并加强在技术方案上的主动创新与前瞻性思考。,,,,,,,,,,,,,21.0,数据开发部,应用开发组,155.4086111,数据开发部,7152.15,14.02,10.0,8.0,0.429386591,,,,9.0,,男员工、本科学历、社招员工、工龄中坚、工作超负荷、高加班、深夜加班频繁、项目负责人、高频需求负责人、应用主管、变更任务较多、PASO参与者、学习积极分子、考勤问题严重、高强度工作、项目驱动型、会议达人、跨部门广泛协作、部门_数据开发部、数据开发、征信合规、测试工程、项目管理、数据治理,,数据开发与ETL、数据建模与数仓、数据治理与合规、系统测试与投产、项目管理与需求、业务系统建设
145,王子枫,数据开发部,应用开发组/监管报送,男,3.0,大学本科,上海师范大学,,,,0,数据研发,校园招聘,,,,,17,0,,,,3.189509804,1.0,8.0,17.0,26.0,17.0,0,0,0,0,8,3,适中,,,,,,,,,2025.0,数据开发部,"{""其他"": 93, ""团队管理"": 67, ""监管报送"": 89, ""会议与沟通"": 178, ""反洗钱相关"": 387, ""智芯工程项目"": 326, ""数据开发与测试"": 245, ""系统运维与变更"": 152}","[""王言哲"", ""黄哲睿"", ""顾恺"", ""张娅莉"", ""兰昕蕾"", ""罗仁杰"", ""骆静龙"", ""王萌萌"", ""周龙"", ""陈笑轩"", ""龚毅磊"", ""嵇雅娟"", ""阮靖龙"", ""潘修滔"", ""李禹凝"", ""丁晨"", ""胡庆"", ""陆慧"", ""林幸"", ""周影""]","[""数据开发部"", ""数据平台部"", ""综合管理部"", ""苏州开发测试中心"", ""上海开发测试中心"", ""信息管理部"", ""信息统计部"", ""智能创新部"", ""数据治理部"", """", ""总行"", ""数据中心"", ""反洗钱管理部"", ""反洗钱监测部"", ""债券交易部"", ""风险内控部"", ""开发协调部"", ""创新业务部"", ""营运服务部"", ""数据应用管理部""]",项目驱动 & 技术执行,"[""全年邮件主题高度集中于'反洗钱'与'智芯'两大核心项目，显示出持续且高强度的工作投入。"", ""工作节奏随项目阶段推进：Q2、Q3季度'测试'、'投产'、'演练'、'集成'等词频显著上升，表明处于项目开发、测试与上线关键期；Q4季度'需求'、'项目'、'优化'、'评审'、'年度'等词突出，工作重心转向需求分析、项目总结与年度规划。"", ""邮件撰写规范，主题明确，标签使用恰当，便于信息分类和检索。"", ""沟通风格以事务性为主，注重问题反馈和解决方案讨论。""]",王子枫是数据开发部的员工。邮件收发高度集中于'反洗钱相关'（387封）和'智芯工程项目'（326封）两大主题，是全年工作的绝对核心。邮件标签使用规范，主题明确，便于信息管理。从季度关键词演变来看，工作节奏紧密跟随项目周期：上半年（Q1-Q3）聚焦于'智芯'与'反洗钱'项目的开发、测试、集成、投产与演练等具体执行环节；下半年（Q4）则更多转向需求分析、项目评审、系统优化和年度总结等规划性工作。关键词中'测试'、'数据'、'需求'、'模型'、'报送'、'作业'、'批量'等高频出现，精准勾勒出其作为数据开发工程师，在数据模型开发、测试验证、批量作业处理及监管报送等领域的深度参与。沟通风格以事务性和解决问题为导向，'在跨部门协作中表现积极'。优势在于'对数据开发流程熟悉，能够高效处理技术问题，具备较强的责任心和抗压能力'。后续建议'加强业务知识的系统学习，提升对反洗钱监管政策的理解深度'，并'在沟通中可以适当增加主动性汇报，更好地展现工作成果'。,,,,,,,,,,,,90.0,2.0,数据开发部,应用开发组,93.00916667,数据开发部,4598.58,9.02,7.0,6.999988235,0.223948089,,,,2.0,,男员工、本科学历、校招生、工龄成长型、工作饱和度适中、高加班、变更任务密集、学习积极分子、考勤良好、项目驱动型、邮件高频用户、会议达人、邮件项目管理型、邮件运维支持型、邮件数据开发型、跨部门广泛协作、部门_数据开发部、数据开发、征信合规、测试工程、风险模型,,数据开发与ETL、数据治理与合规、系统测试与投产、项目管理与需求、风险模型与反欺诈、业务系统建设
146,卫彩萍,数据开发部,应用开发组/监管报送,女,1.0,研究生,东华大学,,,,1,数据研发,校园招聘,,,,,18,0,,,,2.462579365,0.0,11.0,19.0,20.0,13.0,1,2,0,7,14,17,超负荷,,,,,,,,,2025.0,数据开发部,"{""其他"": 30, ""内部管理"": 50, ""会议与沟通"": 70, ""测试与联调"": 180, ""运维与变更"": 90, ""技术方案与评审"": 120, ""监管报送与报表"": 320, ""项目与需求管理"": 280}","[""景丞"", ""康冉"", ""龚毅磊"", ""吴小倩"", ""刘梦颖"", ""钱磊"", ""周龙"", ""顾恺"", ""袁凯"", ""罗仁杰"", ""徐倩茹"", ""杨青"", ""张雅淇"", ""吴证"", ""王书祥"", ""杜乐"", ""王正超"", ""嵇雅娟"", ""姚志环"", ""李然""]","[""数据开发部"", ""上海开发测试中心"", ""数据平台部"", ""苏州开发测试中心"", ""信息统计部"", ""综合管理部"", ""信息管理部"", ""智能创新部"", """", ""总行"", ""数据治理部"", ""数据中心"", ""系统与数据应用部"", ""架构管理部"", ""风险内控部"", ""数据应用管理部"", ""开发协调部"", ""创新业务部"", ""单证中心"", ""信贷与投资管理部""]",高强度&监管驱动,"[""邮件收发量全年保持高位，以‘监管报送与报表’（320封）和‘项目与需求管理’（280封）为核心，显示工作内容高度聚焦且专业性强。"", ""紧急邮件情况需结合具体收发记录分析，但‘测试与联调’、‘运维与变更’类邮件合计270封，暗示在项目测试、投产等关键节点存在潜在压力。"", ""工作节奏紧密跟随监管报送周期与项目阶段，从一季度的‘数据差异核对’、‘测试’，到后续季度的‘联调’、‘投产’、‘数据核对’，再到四季度的‘项目日报’、‘测试日报’，体现出严谨的项目推进和质量把控流程。"", ""标签邮件使用规范，‘主题清晰，常使用标签分类’，便于工作跟踪与协作。""]",卫彩萍是数据开发部负责监管报送领域的核心骨干，全年工作高度聚焦于各类监管报表的开发、测试与报送支持。邮件收发数量庞大且高度集中在‘监管报送与报表’和‘项目与需求管理’两大类型，凸显其专业领域的深度投入。关键词云显示其工作内容专业性强，涉及‘人民银行’、‘审计署’等多个监管体系的报表需求，特别是‘区域特色报表’、‘Q系列报表’以及‘现金统计’等专项工作贯穿全年。工作节奏紧密跟随项目周期，从需求、开发、测试、联调到投产、核对、日报，展现出严谨细致、注重质量把控的风格。沟通网络广泛，根据邮件主题推断，与行内负责‘监管报送’、‘项目’、‘测试’、‘业务’的相关部门及外部监管机构（如人民银行）联系紧密。邮件撰写规范，主题清晰，常使用标签分类。情感分析偏向中性至积极，体现其专业、负责、协作的工作态度。总体而言，卫彩萍是一名对监管业务有深刻理解、执行力强、责任心突出的技术中坚力量。,,,,,,,,,,,,84.0,7.0,数据开发部,应用开发组,167.3694444,数据开发部,7082.28,13.89,10.0,8.774517647,0.368285267,,,,1.0,,女员工、研究生学历、校招生、工龄新手、工作超负荷、中加班、项目负责人、需求负责人、变更任务密集、PASO参与者、学习积极分子、高强度工作、监管驱动型、邮件高频用户、邮件项目管理型、跨部门广泛协作、部门_数据开发部、数据开发、征信合规、测试工程、项目管理、数据分析,,数据开发与ETL、数据治理与合规、系统测试与投产、项目管理与需求、BI与数据分析、数据安全与权限
147,吴小倩,数据开发部,应用开发组/监管报送,女,4.0,大学本科,电子科技大学,,,,1,数据研发,校园招聘,,,,,8,0,,,,2.735127866,1.0,17.0,11.0,15.0,20.0,2,5,1,2,0,14,超负荷,,,,,,,,,2025.0,数据开发部,"{""其他"": 180, ""监管报送"": 450, ""数据验证与提数"": 380, ""文档与需求管理"": 250, ""运维与技术支持"": 280, ""项目协调与会议"": 320}","[""钱磊"", ""景丞"", ""龚毅磊"", ""康冉"", ""顾恺"", ""杨青"", ""罗仁杰"", ""袁凯"", ""刘梦颖"", ""周龙"", ""林幸"", ""卫彩萍"", ""陈晨"", ""马富强"", ""潘修滔"", ""姚志环"", ""郑卞钰"", ""骆静龙"", ""杨萍"", ""兰昕蕾""]","[""数据开发部"", ""上海开发测试中心"", ""苏州开发测试中心"", ""数据平台部"", ""综合管理部"", ""信息统计部"", ""智能创新部"", ""信息管理部"", """", ""系统与数据应用部"", ""数据中心"", ""总行"", ""数据治理部"", ""数据应用管理部"", ""架构管理部"", ""创新业务部"", ""开发协调部"", ""非现场审计部"", ""风险内控部"", ""金融科技部""]",监管合规驱动 & 高专注度,"[""邮件收发量全年保持高位且稳定，工作节奏紧凑，无明显季节性低谷。"", ""紧急邮件（隐含于'监管报送'、'数据验证'等类型）全年持续存在，与监管报送的时效性要求强相关。"", ""标签邮件使用广泛且稳定，体现了'严谨细致的工作习惯'和规范的邮件管理。"", ""工作内容高度聚焦于'客户风险'、'审计署'、'报送'、'提数'、'校验'等核心领域，季度间主题稳定，专业专注度极高。""]",吴小倩是数据开发部的员工。邮件收发数量全年保持高位，工作节奏紧凑且稳定。邮件主题高度集中在‘客户风险’、‘审计署’、‘报送’、‘提数’、‘校验’等词汇，表明其核心工作紧密围绕监管报送、数据验证与提数等关键合规领域。全年‘监管’、‘数据’、‘验证’、‘EAST’、‘周报’等词频繁出现，反映出其岗位对监管合规、数据质量及定期汇报的强关联性。从季度看，全年工作重心高度稳定，持续聚焦于客户风险统计和审计署报送，关键词‘慧信’、‘智芯’在后续季度出现，显示工作可能涉及相关系统或项目。邮件撰写‘主题清晰明确，常使用标准化的标签和格式’，体现了严谨细致的工作习惯。沟通风格‘直接高效，善于协调多方资源解决问题’。总体而言，吴小倩是一名专业专注、严谨规范、责任感强、在监管报送领域经验丰富的技术骨干，是‘团队中可靠的技术骨干’。建议‘可进一步加强跨部门沟通的主动性，提升复杂问题的系统性解决能力，同时在高压工作环境下注意工作节奏的平衡’。,,,,,,,,,,,,88.0,21.0,数据开发部,应用开发组,182.5425,数据开发部,7064.65,13.85,11.0,6.0,0.566787004,,,,3.0,,女员工、本科学历、校招生、工龄成长型、工作超负荷、高加班、深夜加班频繁、项目负责人、高频需求负责人、应用主管、变更任务密集、PASO参与者、学习活跃、考勤问题严重、专注型工作风格、邮件高频用户、会议达人、邮件项目管理型、邮件运维支持型、跨部门广泛协作、部门_数据开发部、数据开发、征信合规、数据治理,,数据开发与ETL、数据平台与运维、数据治理与合规、数据安全与权限
148,徐倩茹,数据开发部,应用开发组/监管报送,女,5.0,研究生,东北财经大学,,,,0,数据研发,校园招聘,,,,,24,0,,,,0.938736559,0.0,43.0,12.0,6.0,1.0,0,3,0,1,0,0,适中,,,,,,,,,2025.0,数据开发部,"{""其他"": 28, ""会议与评审"": 52, ""测试与联调"": 73, ""个人事务与行政"": 35, ""文档与材料提交"": 48, ""监管报送项目工作"": 85}","[""钱磊"", ""龚毅磊"", ""吴小倩"", ""袁凯"", ""周龙"", ""康冉"", ""景丞"", ""刘梦颖"", ""顾恺"", ""卫彩萍"", ""胡庆"", ""林幸"", ""杨青"", ""郑卞钰"", ""骆静龙"", ""黄哲睿"", ""张倩"", ""诸倩铷"", ""陈晨"", ""陈科宇""]","[""数据开发部"", ""数据平台部"", ""综合管理部"", ""信息统计部"", ""信息管理部"", ""智能创新部"", ""苏州开发测试中心"", ""上海开发测试中心"", ""数据治理部"", ""总行"", """", ""债券交易部"", ""风险内控部"", ""数据中心"", ""创新业务部"", ""信贷与投资管理部"", ""资产负债管理部"", ""零售与新兴业务中台部"", ""政府金融部"", ""系统与数据应用部""]",高强度&监管项目驱动,"[""邮件主题高度集中于'监管报送'、'测试'、'核对'、'联调'、'投产'等词汇，全年工作节奏与项目关键节点（如测试、演练、验收、报送）紧密绑定。"", ""工作重心随季度演进：一季度聚焦'转正'、'评审'等基础事务与项目启动；二、三季度高强度投入'慧信工程'、'智芯工程'的'测试'、'联调'、'投产演练'与'验收'；四季度则涉及'机构改革'、'年终总结'及持续的'核对'与'评估'工作。"", ""'问题'、'核对'、'差异'等词汇高频出现，表明工作中包含大量问题排查与数据核对任务，沟通以任务驱动和问题闭环为核心。"", ""邮件类型分布显示，'监管报送项目工作'与'测试与联调'合计占比超过50%，是绝对的工作核心。""]",徐倩茹是数据开发部的员工。邮件收发高度集中于'监管报送项目工作'与'测试与联调'，合计占比超50%，表明其核心职责是金融监管报送领域的数据开发与质量保障。全年关键词云以'监管报送'为绝对核心，并深度关联'慧信工程'与'智芯工程'。工作节奏呈现明显的项目阶段性特征：一季度处理'转正'、'评审'等事务并启动项目；二、三季度进入高强度执行期，聚焦'测试'、'联调'、'演练'、'验收'及'问题'排查；四季度则进行'机构改革'相关调整、'年终总结'及收尾'评估'。邮件主题撰写规范，沟通风格以任务和问题驱动为主，注重时效与闭环。作为数据开发人员，其工作网络必然与测试团队、业务部门（涉及'业务'、'口径'）、项目管理部门（涉及'需求'、'版本'）以及可能的外部监管对接方联系紧密。该员工展现出对监管报送业务的扎实理解、细致负责的工作态度和良好的项目执行与协作交付能力。,,,,,,,,,,,,90.0,20.0,数据开发部,应用开发组,94.53416667,数据开发部,6207.47,12.17,10.0,11.32749412,0.069228092,,,,4.0,,女员工、研究生学历、校招生、工龄成长型、工作饱和度适中、低加班、需求负责人、PASO参与者、学习积极分子、考勤问题严重、高强度工作、项目驱动型、跨部门广泛协作、部门_数据开发部、数据开发、征信合规、测试工程、项目管理,,数据开发与ETL、数据治理与合规、系统测试与投产、项目管理与需求、业务系统建设
149,陈佳宁,数据开发部,应用开发组/经营管理,女,1.0,研究生,中南财经政法大学,,,,0,数据研发,校园招聘,,,,,18,0,,,,1.89807598,0.0,32.0,13.0,18.0,5.0,0,0,0,1,0,0,不饱和,,,,,,,,,2025.0,数据开发部,"{""其他"": 180, ""会议与评审"": 280, ""授权与解封"": 190, ""数据开发与测试"": 420, ""系统改造与下线"": 380, ""问题排查与咨询"": 310, ""项目与需求管理"": 350}","[""骆静龙"", ""陈笑轩"", ""袁凯"", ""罗仁杰"", ""林幸"", ""钱磊"", ""阮靖龙"", ""姚志环"", ""兰昕蕾"", ""郑卞钰"", ""黄哲睿"", ""吴越"", ""顾恺"", ""马富强"", ""龚毅磊"", ""王萌萌"", ""潘修滔"", ""陈晨"", ""李禹凝"", ""胡庆""]","[""数据开发部"", ""数据平台部"", ""综合管理部"", ""信息管理部"", ""信息统计部"", ""智能创新部"", ""苏州开发测试中心"", ""上海开发测试中心"", """", ""数据治理部"", ""总行"", ""系统与数据应用部"", ""债券交易部"", ""风险内控部"", ""创新业务部"", ""信贷与投资管理部"", ""数据中心"", ""住房信贷部"", ""数据应用管理部"", ""风险政策部""]",高负荷&项目驱动,"[""邮件收发量全年保持高位，工作负荷饱满，工作节奏紧密跟随大型项目（如'智芯工程'）周期推进。"", ""紧急邮件情况未在提供数据中明确体现，但从'授权与解封'、'问题排查与咨询'等邮件类型的高频次可推断，工作中存在大量需要即时响应和处理的临时性、支持性任务。"", ""标签邮件使用广泛且稳定，邮件主题清晰，常使用'项目与需求管理'、'数据开发与测试'等标准标签分类，体现了规范的邮件管理和职业素养。"", ""工作重心随季度演进：一季度侧重'旧线改造'与'转正'等基础工作；二、三季度深度投入'智芯工程'及'借据清单'、'UDAS'等核心系统的'影响性分析'与'测试'；四季度转向'工作量评估'、'机构改革'及'场景快贷'等新需求与项目规划。""]",陈佳宁是数据开发部的数据开发员工。邮件收发数量全年保持高位，工作内容高度聚焦于银行核心数据系统的开发、测试、改造与维护。邮件主题全年高频词为'数据'、'测试'、'作业'、'下线'、'改造'，季度核心词从一季度的'转正'、'旧线改造'，演进至二三季度的'智芯'、'借据清单'、'UDAS'、'影响性分析'，再到四季度的'工作量评估'、'机构改革'、'场景快贷'，清晰反映了其工作随'智芯工程'等重大项目从改造分析、测试验证到新需求规划的全周期深度参与。沟通风格务实高效，以任务驱动为主，注重上下游协作与信息同步。邮件撰写规范性强，主题清晰，常使用标准标签分类。工作网络紧密围绕数据开发核心任务，与负责需求管理、测试验证、系统运维及业务方（如对公、网金）的团队协作频繁。总体而言，陈佳宁是一名执行力强、责任心重、对业务细节把握到位的可靠技术骨干，在高压环境下能保持稳定输出。后续建议可进一步提升在复杂项目中的全局规划与风险预判能力，并加强在技术方案设计中的创新思维。,,,,,,,,,,,,92.0,20.0,数据开发部,应用开发组,80.50555555,数据开发部,5362.95,10.52,9.0,5.999988235,0.429658913,,,,0.0,,女员工、研究生学历、校招生、工龄新手、工作不饱和、中加班、PASO参与者、学习积极分子、考勤问题严重、高强度工作、项目驱动型、邮件高频用户、会议达人、邮件项目管理型、邮件运维支持型、邮件数据开发型、跨部门广泛协作、部门_数据开发部、数据开发、测试工程、项目管理、运维支持、对公业务,,数据开发与ETL、数据平台与运维、系统测试与投产、项目管理与需求、业务系统建设、运维与技术支持
150,陈笑轩,数据开发部,应用开发组/经营管理,女,4.0,研究生,悉尼大学,,,,2,数据研发,校园招聘,,,团委宣传委员,,16,0,,,,1.629913194,0.0,23.0,31.0,7.0,3.0,0,1,0,1,7,1,适中,,,,,,,,,2025.0,数据开发部,"{""其他"": 30, ""会议与沟通协调"": 85, ""报表与数据验证"": 70, ""授权与脚本处理"": 90, ""数据问题与排查"": 120, ""流程与规范通知"": 50, ""系统改造与下线"": 65, ""项目与需求管理"": 150}","[""骆静龙"", ""罗仁杰"", ""阮靖龙"", ""姚志环"", ""袁凯"", ""林幸"", ""钱磊"", ""马富强"", ""陈晨"", ""龚毅磊"", ""兰昕蕾"", ""丁晨"", ""胡庆"", ""顾恺"", ""王萌萌"", ""曹婕"", ""郑卞钰"", ""吴越"", ""黄哲睿"", ""潘修滔""]","[""数据开发部"", ""数据平台部"", ""上海开发测试中心"", ""综合管理部"", ""苏州开发测试中心"", ""信息统计部"", ""信息管理部"", ""智能创新部"", """", ""总行"", ""数据治理部"", ""数据应用管理部"", ""风险内控部"", ""数据中心"", ""系统与数据应用部"", ""债券交易部"", ""消费信贷部"", ""清算部"", ""创新业务部"", ""产品发展部""]",项目驱动 & 问题导向,"[""邮件类型以'项目与需求管理'和'数据问题与排查'为主，表明工作围绕项目交付和日常运维双重节奏展开。"", ""全年工作焦点稳定，关键词'智芯'、'授权'、'UDAS'、'数据'、'改造'持续高频出现，显示深度参与特定核心系统（智芯、UDAS）的建设和维护。"", ""从季度关键词看，'问题'、'作业'、'报表'、'验证'、'脚本'等词持续出现，体现了数据开发工作中例行性的'开发-验证-监控-排查'闭环。"", ""三季度'智芯'、'改造'、'作业'等词提及次数达到年度峰值，可能对应项目攻坚或系统升级的关键时期。"", ""邮件撰写规范，主题明确，'常使用项目标签和关键词'，便于信息分类和检索。""]",陈笑轩是数据开发部的员工。2025年邮件工作画像显示，其工作高度聚焦于数据开发领域，核心围绕'智芯'、'UDAS'等数据系统的项目改造、日常运维与问题排查。邮件类型分布清晰，'项目与需求管理'和'数据问题与排查'占比最高，构成了'项目交付'与'生产保障'并重的工作主旋律。全年关键词云稳定，'智芯'、'授权'、'数据'、'改造'、'作业'、'问题'、'报表'等词贯穿始终，深刻反映了数据开发工程师从需求、开发、测试、上线到监控运维的全链路职责。沟通风格'以事务性为主，注重问题描述和解决方案'，在跨部门协作中展现出较强的专业性和执行力。其优势在于'对数据流程和技术细节的深入理解'，能够高效处理复杂任务。工作网络紧密关联项目组、数据运维团队及提出数据需求的业务部门（如涉及'贷款'、'结售汇'、'机构'的部门）。建议如总结所述，'可进一步提升沟通的主动性和前瞻性，在项目规划阶段更早介入，加强风险预警和预案准备'。,,,,,,,,,,,,88.0,8.0,数据开发部,应用开发组,51.52027778,数据开发部,5881.78,11.53,10.0,8.999894118,0.219436763,,,,3.0,,女员工、研究生学历、校招生、工龄成长型、工作饱和度适中、中加班、变更任务较多、PASO参与者、学习积极分子、考勤需关注、项目驱动型、跨部门广泛协作、部门_数据开发部、岗位经历丰富、数据开发、测试工程、项目管理、数据分析,,数据开发与ETL、系统测试与投产、项目管理与需求、BI与数据分析、风险模型与反欺诈、业务系统建设、运维与技术支持
151,胡雯,数据开发部,应用开发组/经营管理,女,4.0,大学本科,上海财经大学,,,,2,数据研发,校园招聘,,,,,14,2,,,,1.665514706,0.0,20.0,34.0,8.0,6.0,0,25,0,1,10,4,适中,,,,,,,,,2025.0,数据开发部,"{""其他"": 200, ""测试与验收"": 120, ""监管与合规"": 90, ""会议与沟通协调"": 220, ""报表与指标管理"": 150, ""授权与生产操作"": 180, ""数据模型与开发"": 280, ""需求与项目管理"": 350}","[""向治蓉"", ""骆静龙"", ""姚志环"", ""张海濛"", ""陈笑轩"", ""吴越"", ""张雅淇"", ""王晓璇"", ""梅苏源"", ""林幸"", ""曹婕"", ""罗仁杰"", ""顾恺"", ""王正超"", ""王素雅"", ""周林心"", ""郭庆睿"", ""阮靖龙"", ""陈佳宁"", ""袁凯""]","[""数据开发部"", ""信息统计部"", ""数据平台部"", ""综合管理部"", ""信息管理部"", ""智能创新部"", ""上海开发测试中心"", ""苏州开发测试中心"", ""总行"", """", ""数据治理部"", ""数据应用管理部"", ""数据中心"", ""业务发展部"", ""计划管理部"", ""产品发展部"", ""清算部"", ""资产负债管理部"", ""创新业务部"", ""风险内控部""]",项目驱动&流程导向,"[""邮件主题高度集中在'需求与项目管理'、'数据模型与开发'和'会议与沟通协调'，合计占比超过70%，显示工作贯穿项目全流程。"", ""工作重心随季度项目演进明显：一季度聚焦'慧信工程'，二三季度'智芯工程'重要性提升，四季度则稳定在'智芯工程'与'UDAS'。"", ""'会议邀请'、'授权申请'、'投产'、'测试'等关键词全年稳定出现，表明工作节奏紧密贴合开发、测试、上线、运维的标准流程。"", ""'数据核对'、'报表'、'模型'等关键词高频出现，体现了数据开发工作对准确性、规范性和持续优化的要求。""]",胡雯是数据开发部的员工。邮件收发数量全年保持高位，主题高度集中在'需求与项目管理'、'数据模型与开发'和'会议与沟通协调'，表明其工作深度参与从需求到投产的全流程。邮件关键词全年围绕'慧信工程'、'智芯工程'、'UDAS'三大核心系统，以及'对公存款/贷款'、'标准存款'、'供应链'、'普惠'、'掌上行'、'结售汇'等关键业务领域，显示出其工作是银行数据体系建设和核心业务数据支持的关键节点。季度关键词演变清晰：一季度以'慧信工程'和'对公存款'为主；二三季度'智芯工程'重要性凸显，业务重点转向'对公贷款'；四季度则聚焦于'智芯工程'、'UDAS'、'掌上行'及'报表'、'KPI'等指标管理，工作重心随项目周期和业务目标自然演进。'授权申请'、'数据核对'、'投产'、'测试'等词高频出现，体现了工作对生产安全、数据准确性和流程规范的严格要求。邮件撰写'主题清晰明确，常使用规范的标签和项目编号'，沟通风格'务实高效，注重跨部门协作'，是团队中'可靠的技术骨干'。建议可进一步'加强对业务价值的深度理解'并'优化多任务并行下的优先级管理'。,,,,,,,,,,,,88.0,0.0,数据开发部,应用开发组,83.15027778,数据开发部,5117.78,10.03,8.0,8.0,0.202392822,,,,3.0,,女员工、本科学历、校招生、工龄成长型、工作饱和度适中、中加班、高频需求负责人、变更任务密集、PASO参与者、学习积极分子、考勤全勤、项目驱动型、流程导向型、邮件高频用户、会议达人、邮件项目管理型、邮件数据开发型、跨部门广泛协作、部门_数据开发部、岗位经历丰富、数据开发、测试工程、项目管理、数据分析、对公业务、零售业务,109,数据开发与ETL、系统测试与投产、项目管理与需求、BI与数据分析、业务系统建设
152,梅苏源,数据开发部,应用开发组/经营管理,男,1.0,研究生,合肥工业大学,,,,1,数据研发,校园招聘,,,,,15,3,,,,1.768445274,0.0,13.0,45.0,5.0,4.0,0,12,0,1,11,3,适中,,,,,,,,,2025.0,数据开发部,"{""其他"": 50, ""测试与演练"": 65, ""会议与沟通协调"": 135, ""报表与指标开发"": 75, ""授权与操作手册"": 90, ""系统改造与上线"": 160, ""需求与项目管理"": 220, ""数据验证与问题排查"": 185}","[""骆静龙"", ""张雅淇"", ""胡楚"", ""胡雯"", ""马富强"", ""杨青"", ""林幸"", ""姚志环"", ""顾恺"", ""丁晨"", ""钱磊"", ""陈笑轩"", ""罗仁杰"", ""胡庆"", ""袁凯"", ""龚毅磊"", ""张倩"", ""姚蜜"", ""田振宇"", ""黄澜""]","[""数据开发部"", ""数据平台部"", ""上海开发测试中心"", ""信息统计部"", ""综合管理部"", ""苏州开发测试中心"", ""信息管理部"", ""智能创新部"", ""总行"", """", ""数据治理部"", ""系统与数据应用部"", ""风险预警管理部"", ""数据中心"", ""数据应用管理部"", ""架构管理部"", ""风险内控部"", ""公司业务中台部"", ""信贷与投资管理部"", ""创新业务部""]",高强度&项目驱动,"[""邮件主题高度集中在‘需求’、‘数据’、‘报表’、‘验证’、‘测试’等核心工作流程词汇上。"", ""工作重心随季度动态调整：一季度聚焦‘慧信工程’与‘投产演练’；二季度‘慧信工程’、‘UDAS’、‘CP’深化；三季度转向‘智芯工程’与‘全风指标体系’；四季度则侧重‘机构改造’与‘排队监测’。"", ""邮件类型以‘需求与项目管理’、‘数据验证与问题排查’、‘系统改造与上线’为主，体现了贯穿项目全周期的闭环工作模式。"", ""关键词频率在全年各季度均保持高位，显示持续高强度的工作投入。""]",梅苏源是数据开发部的员工。邮件收发全年保持高强度，工作节奏紧密围绕‘慧信工程’、‘智芯工程’、‘UDAS’、‘掌上行’等重大项目与核心系统展开。邮件主题高度集中在‘需求’、‘数据’、‘报表’、‘验证’、‘测试’、‘授权’、‘会议’等词汇，精确反映了其贯穿需求管理、数据开发、系统改造、测试验证到上线投产的全流程工作闭环。从季度看，工作重心随项目周期动态演进：一季度聚焦‘慧信工程’与‘投产演练’；二季度深化‘慧信工程’、‘UDAS’、‘CP’相关工作；三季度重点转向‘智芯工程’与‘全风指标体系’建设；四季度则侧重‘机构改造’与‘排队监测’等新任务。邮件类型以‘需求与项目管理’、‘数据验证与问题排查’、‘系统改造与上线’为主，体现了其作为技术骨干在项目中的核心枢纽作用。沟通风格以任务为导向，注重细节与闭环，通过频繁的‘会议’、‘授权’及‘验证’确保工作质量。邮件撰写规范严谨，标签使用规范，体现出良好的职业习惯。总体而言，梅苏源是一名执行力强、响应迅速、专业可靠的数据开发骨干，对复杂数据需求与系统改造有扎实的处理经验。建议可在跨部门协同中进一步提升主动沟通与资源整合的前瞻性。,,,,,,,,,,,,90.0,0.0,数据开发部,应用开发组,74.41666667,数据开发部,6149.95,12.06,10.0,10.09801176,0.162685592,,,,1.0,,男员工、研究生学历、校招生、工龄新手、工作饱和度适中、中加班、高频需求负责人、变更任务密集、PASO参与者、学习积极分子、知识库活跃、考勤全勤、高强度工作、项目驱动型、会议达人、邮件项目管理型、邮件运维支持型、跨部门广泛协作、部门_数据开发部、数据开发、测试工程、项目管理、数据分析,1158,数据开发与ETL、数据平台与运维、系统测试与投产、项目管理与需求、BI与数据分析、业务系统建设、运维与技术支持
153,阮靖龙,数据开发部,应用开发组/经营管理,男,1.0,研究生,华中师范大学,,,,1,数据研发,校园招聘,,,,,10,0,,,,1.558728956,0.0,23.0,37.0,3.0,3.0,0,4,0,2,2,1,适中,,,,,,,,,2025.0,数据开发部,"{""其他"": 37, ""会议与通知"": 43, ""作业与脚本"": 21, ""授权与申请"": 54, ""需求与评估"": 32, ""项目与改造"": 26, ""数据验证与问题排查"": 28}","[""骆静龙"", ""陈笑轩"", ""林幸"", ""罗仁杰"", ""袁凯"", ""钱磊"", ""姚志环"", ""陈晨"", ""兰昕蕾"", ""马富强"", ""丁晨"", ""胡庆"", ""郑卞钰"", ""曹婕"", ""龚毅磊"", ""王萌萌"", ""顾恺"", ""潘修滔"", ""诸倩铷"", ""吴越""]","[""数据开发部"", ""数据平台部"", ""综合管理部"", ""上海开发测试中心"", ""苏州开发测试中心"", ""信息统计部"", ""信息管理部"", ""智能创新部"", """", ""数据治理部"", ""总行"", ""数据应用管理部"", ""风险内控部"", ""债券交易部"", ""系统与数据应用部"", ""数据中心"", ""消费信贷部"", ""创新业务部"", ""架构管理部"", ""零售业务部""]",聚焦核心&持续稳定,"[""邮件主题高度聚焦于‘CRM’、‘智芯’、‘数据’、‘授权申请’、‘需求’、‘改造’等核心业务与技术词汇，工作内容集中且稳定。"", ""各季度关键词频率稳步增长，显示项目参与度和工作量持续加深，尤其在‘CRM’和‘智芯’系统相关工作上投入显著。"", ""邮件类型以‘授权与申请’和‘会议与通知’为主，表明日常工作流程严谨，协作沟通频繁。"", ""根据总结，‘邮件撰写规范严谨，主题明确，标签使用清晰’，体现了良好的工作习惯和职业素养。""]",阮靖龙是数据开发部的员工。邮件收发内容高度聚焦于CRM系统及相关数据项目的开发、改造与运维，日常工作涉及大量授权申请、需求评估、数据验证和问题排查。关键词云显示，‘CRM’、‘智芯’、‘数据’、‘授权申请’、‘需求’、‘改造’是其全年工作的核心，各季度出现频率稳定且呈上升趋势，表明其深度参与相关项目并承担核心开发与支持角色。邮件类型以‘授权与申请’和‘会议与通知’为主，体现了严谨的流程遵循和频繁的协作沟通。根据已有总结，其‘沟通风格以事务性为主导，注重效率与准确性’，‘邮件撰写规范严谨，主题明确，标签使用清晰’，是一名专业、可靠的技术骨干。建议可参考总结中提到的‘进一步优化非工作时间沟通频率，提升工作生活平衡’，并在复杂项目中加强前瞻性规划。,,,,,,,,,,,,84.0,0.0,数据开发部,应用开发组,37.17416667,数据开发部,5810.13,11.39,10.0,9.823576471,0.13752621,,,,1.0,,男员工、研究生学历、校招生、工龄新手、工作饱和度适中、中加班、需求负责人、PASO参与者、学习活跃、考勤全勤、跨部门广泛协作、部门_数据开发部、数据开发、项目管理,,数据开发与ETL、项目管理与需求、运维与技术支持
154,张雅淇,数据开发部,应用开发组/经营管理,女,6.0,大学本科,东北大学,,,,1,数据研发,校园招聘,,,,,12,0,,,,1.190042088,0.0,43.0,14.0,6.0,3.0,0,23,0,1,9,3,适中,,,,,,,,,2025.0,数据开发部,"{""其他"": 35, ""会议与沟通协调"": 65, ""团队与人员管理"": 28, ""数据开发与测试"": 95, ""文档与规范管理"": 42, ""需求与项目管理"": 120, ""系统运维与问题处理"": 78}","[""骆静龙"", ""胡雯"", ""顾恺"", ""陈笑轩"", ""姚蜜"", ""梅苏源"", ""罗仁杰"", ""陈晨"", ""袁凯"", ""龚毅磊"", ""王萌萌"", ""钱磊"", ""周影"", ""杨青"", ""黄哲睿"", ""姚志环"", ""林幸"", ""王言哲"", ""潘修滔"", ""梅凯磊""]","[""数据开发部"", ""上海开发测试中心"", ""数据平台部"", ""信息统计部"", ""苏州开发测试中心"", ""综合管理部"", ""信息管理部"", ""智能创新部"", ""总行"", """", ""数据治理部"", ""数据中心"", ""数据应用管理部"", ""消费信贷部"", ""架构管理部"", ""开发协调部"", ""风险内控部"", ""负债管理部"", ""系统与数据应用部"", ""创新业务部""]",项目驱动 & 高强度协作,"[""工作内容贯穿'需求分析、数据侧改造、测试验证、投产上线'全流程，节奏紧密跟随大型项目周期。"", ""邮件沟通高度聚焦于'UDAS'、'智芯工程'、'掌上行'等核心项目，季度间工作重心随项目阶段演变。"", ""沟通风格'以事务性驱动为主，注重任务分解、排期确认与进度同步'，体现了强项目管理和跨部门协调能力。"", ""邮件撰写'规范清晰，常使用结构化标签（如【待处理】、【重要】）突出重点'，便于任务跟踪与管理。""]",张雅淇是数据开发部员工。其邮件工作内容高度聚焦于银行数据系统开发与项目管理，核心涉及UDAS统一数据应用服务、掌上行移动平台、智芯工程及慧信工程等大型项目。全年邮件类型以'需求与项目管理'和'数据开发与测试'为主，工作节奏由核心项目驱动。从季度关键词演变看，一季度聚焦于'UDAS'、'掌上行'和'慧信工程'的测试与需求；二、三季度'智芯工程'重要性持续上升，并开始涉及'模型'、'KPI'、'评估'等数据治理与效能评估工作；四季度'机构改革'成为新焦点，同时'智芯工程'、'UDAS'、'需求'、'项目'等关键词热度不减，显示其同时应对组织变革与多项目并行的高压能力。沟通风格以事务性驱动为主，注重任务分解、排期确认与进度同步，频繁组织或参与各类评审会、启动会与例会，体现了良好的跨部门协调意识。邮件撰写规范清晰，常使用结构化标签突出重点。其优势在于'对复杂数据工程项目的全链路把控力强，能同时处理多线程任务，且对数据模型、报表开发、系统集成等专业技术领域有扎实积累'。建议后续可'进一步强化业务视角的沟通，在技术方案阐述中增加业务价值说明'，并'适当提升邮件的总结性与前瞻性，在同步进展时更多融入风险预判与优化建议'。,,,,,,,,,,,,88.0,13.0,数据开发部,应用开发组,140.0519444,数据开发部,7067.18,13.86,9.0,10.82352941,0.219081572,,,,5.0,,女员工、本科学历、校招生、工龄中坚、工作饱和度适中、高频需求负责人、变更任务密集、PASO参与者、学习活跃、考勤需关注、高强度工作、项目驱动型、协作型工作风格、跨部门广泛协作、部门_数据开发部、数据开发、测试工程、项目管理、数据治理、应用开发、数据分析,216,数据开发与ETL、数据治理与合规、系统测试与投产、项目管理与需求、BI与数据分析、应用与系统开发、业务系统建设
155,陈晨,数据开发部,数仓开发组,男,1.0,研究生,上海大学,,,,0,数据研发,校园招聘,,,,,15,0,,,,4.120824653,1.0,4.0,3.0,39.0,18.0,0,12,0,2,19,11,超负荷,,,,,,,,,2025.0,数据开发部,"{""其他"": 150, ""测试与验数"": 220, ""会议与沟通协调"": 280, ""征信报送与处理"": 450, ""授权申请与审批"": 260, ""数据开发与运维"": 320, ""项目需求与排期"": 380, ""风险与合规管理"": 180}","[""邹小芳"", ""袁凯"", ""顾恺"", ""张倩"", ""罗仁杰"", ""杨青"", ""骆静龙"", ""钱磊"", ""郑卞钰"", ""林幸"", ""兰昕蕾"", ""龚毅磊"", ""胡庆"", ""王萌萌"", ""马富强"", ""阮靖龙"", ""陈笑轩"", ""潘修滔"", ""王言哲"", ""姚志环""]","[""数据开发部"", ""上海开发测试中心"", ""数据平台部"", ""苏州开发测试中心"", ""综合管理部"", ""信息管理部"", ""信息统计部"", ""智能创新部"", """", ""系统与数据应用部"", ""消费信贷部"", ""总行"", ""数据治理部"", ""数据中心"", ""数据应用管理部"", ""风险内控部"", ""架构管理部"", ""创新业务部"", ""负债管理部"", ""平阳支行""]",高负荷&项目驱动,"[""邮件收发总量全年保持高位，核心工作围绕‘征信报送’、‘慧信工程’、‘数据仓库’等核心项目展开。"", ""关键词‘征信’、‘授权申请’、‘需求’、‘测试’、‘投产’的词频全年呈上升趋势，尤其在四季度达到峰值，显示下半年项目交付与运维压力持续增大。"", ""工作内容覆盖‘需求分析、排期管理、测试验数、投产运维’全流程，体现了项目驱动的紧密工作节奏。"", ""邮件撰写规范严谨，主题明确，标签使用清晰，便于跟踪与协作。""]",陈晨是数据开发部的员工。其邮件收发量全年保持高位，工作内容深度聚焦于征信报送、数据仓库开发及慧信工程等核心项目。从季度关键词云看，‘征信’、‘慧信工程’、‘授权申请’、‘数据仓库’、‘需求’、‘测试’、‘作业’、‘投产’等词全年高频且呈上升趋势，尤其在四季度达到峰值，清晰地勾勒出其工作重心围绕数据项目的‘需求分析、排期管理、测试验数、投产运维’全流程展开，下半年交付与运维压力显著。邮件类型分布显示，其在‘征信报送与处理’、‘项目需求与排期’、‘数据开发与运维’三类核心事务上投入最多精力。沟通风格以事务性为导向，注重效率与准确性，邮件撰写规范严谨，主题明确，标签使用清晰。作为团队中可靠的技术骨干，其优势在于对复杂数据业务逻辑的深刻理解、细致入微的流程把控以及强大的执行力。后续建议在保持现有专业优势的基础上，进一步优化时间管理与多任务并行处理能力。,,,,,,,,,,,,82.0,15.0,数据开发部,应用开发组,97.36583333,数据开发部,5688.43,11.15,9.0,9.0,0.192825112,,,,1.0,,男员工、研究生学历、校招生、工龄新手、工作超负荷、高加班、高频需求负责人、变更任务密集、PASO参与者、学习积极分子、考勤问题严重、高强度工作、项目驱动型、邮件高频用户、会议达人、邮件项目管理型、邮件运维支持型、邮件数据开发型、邮件流程审批型、跨部门广泛协作、部门_数据开发部、数据开发、数据建模、征信合规、测试工程,,数据开发与ETL、数据建模与数仓、数据治理与合规、系统测试与投产、项目管理与需求、业务系统建设
156,袁凯,数据开发部,数仓开发组,男,3.0,研究生,中国科学院大学,,,,0,数据研发,校园招聘,,,,,14,0,,1.0,,2.778235294,1.0,12.0,18.0,30.0,8.0,0,14,0,1,3,12,超负荷,,,,,,,,,2025.0,数据开发部,"{""其他"": 150, ""会议与通知"": 235, ""授权与解封"": 320, ""监管报送与合规"": 175, ""系统与数据变更"": 190, ""项目与任务管理"": 210, ""需求与工作量评估"": 285, ""数据问题排查与验证"": 260}","[""钱磊"", ""龚毅磊"", ""骆静龙"", ""陈晨"", ""罗仁杰"", ""顾恺"", ""林幸"", ""郑卞钰"", ""姚志环"", ""兰昕蕾"", ""马富强"", ""杨青"", ""陈笑轩"", ""潘修滔"", ""王言哲"", ""黄哲睿"", ""阮靖龙"", ""杜乐"", ""胡庆"", ""吴小倩""]","[""数据开发部"", ""上海开发测试中心"", ""苏州开发测试中心"", ""数据平台部"", ""综合管理部"", ""信息统计部"", ""信息管理部"", ""智能创新部"", """", ""数据治理部"", ""总行"", ""数据中心"", ""消费信贷部"", ""架构管理部"", ""数据应用管理部"", ""风险内控部"", ""创新业务部"", ""系统与数据应用部"", ""债券交易部"", ""计量与应用部""]",高负荷&事务驱动,"[""全年邮件收发量巨大且持续，核心事务'授权'与'分支解封'邮件数量逐季度稳步增长，显示其承担的系统权限管理与机构支持工作是持续且重要的日常工作。"", ""紧急邮件（如'数据问题排查与验证'、'系统与数据变更'类）数量可观，表明工作中需频繁处理突发性技术问题与变更请求。"", ""标签邮件使用广泛，邮件主题清晰且常使用分类标签，体现了高度结构化、规范化的沟通习惯。"", ""工作重心随季度演进：从年初聚焦'CBS'、'慧信工程'等具体系统，逐步转向'智芯工程'、'机构改革'、'反电诈'等新项目与监管重点，响应组织战略与外部合规要求变化。""]",袁凯是数据开发部的员工。邮件收发数量全年保持高位，'授权与解封'、'需求与工作量评估'、'数据问题排查与验证'是其最主要的邮件类型，显示工作核心是系统权限管理、需求对接与数据质量保障。关键词分析表明，其工作深度聚焦于银行数据领域，贯穿'授权'、'分支解封'、'整合模型'、'监管报送'（如EAST）、'平台贷'及'慧信/智芯工程'等核心数据项目与系统。沟通风格高度事务性、专业严谨，注重效率与准确性。工作网络以内部分支机构、产品中心及监管合规相关团队为主，协作紧密。工作节奏紧凑，受持续性事务（授权、解封）与阶段性项目（新工程、监管报送）双重驱动，全年负荷均衡偏高。总体而言，袁凯是一名专业扎实、细致可靠、执行力强的数据开发技术骨干，擅长处理复杂数据流程与跨部门协调。建议可在保持现有高效执行力的基础上，加强对复杂项目的全局性规划与前瞻性思考。,,,,,,,,,,,,88.0,2.0,数据开发部,数仓开发组,106.9280556,数据开发部,5629.2,11.04,8.0,2.0,0.81884058,,,,2.0,,男员工、研究生学历、校招生、工龄成长型、工作超负荷、高加班、高频需求负责人、变更任务密集、PASO参与者、学习积极分子、外训参与者、考勤良好、高强度工作、邮件高频用户、会议达人、邮件项目管理型、邮件运维支持型、邮件流程审批型、跨部门广泛协作、部门_数据开发部、数据开发、征信合规、数据治理、数据安全,,数据开发与ETL、数据建模与数仓、数据治理与合规、数据安全与权限、业务系统建设、运维与技术支持
157,王萌萌,数据开发部,数仓开发组,女,3.0,研究生,上海市计算技术研究所,,,,0,数据研发,校园招聘,,,,23最佳新人,13,0,,,,3.302536232,1.0,11.0,12.0,28.0,18.0,0,4,0,3,8,6,超负荷,,,,,,,,,2025.0,数据开发部,"{""其他"": 40, ""会议与评审"": 100, ""数据问题排查"": 120, ""生产运维支持"": 70, ""团队协作与沟通"": 60, ""技术文档与规范"": 80, ""授权与变更申请"": 150, ""项目与需求管理"": 180}","[""周影"", ""陈晨"", ""罗仁杰"", ""骆静龙"", ""顾恺"", ""陈笑轩"", ""袁凯"", ""兰昕蕾"", ""阮靖龙"", ""林幸"", ""潘修滔"", ""黄哲睿"", ""龚毅磊"", ""郑卞钰"", ""丁晨"", ""李禹凝"", ""钱磊"", ""马富强"", ""胡庆"", ""连静""]","[""数据开发部"", ""数据平台部"", ""上海开发测试中心"", ""综合管理部"", ""苏州开发测试中心"", ""信息管理部"", ""信息统计部"", ""智能创新部"", ""数据治理部"", """", ""总行"", ""数据中心"", ""数据应用管理部"", ""风险内控部"", ""债券交易部"", ""负债管理部"", ""架构管理部"", ""开发协调部"", ""代销业务部"", ""创新业务部""]",项目驱动 & 技术运维,"[""邮件主题高度集中在‘智芯工程’、‘RTL集市’、‘实时数仓’等核心项目，工作节奏与重大项目周期强绑定。"", ""紧急邮件（如‘数据问题排查’、‘生产运维支持’、‘投产’）贯穿全年，表明需要频繁处理线上问题和投产支持。"", ""标签邮件（如‘授权申请’、‘会议纪要’）使用规范且频繁，体现了严谨的流程管理和沟通习惯。"", ""工作重心从一季度的‘实时数仓’和‘数据仓库’基础建设，逐步向三、四季度的‘RTL集市’、‘数据资产’和‘机构改革’等具体业务应用与数据治理方向演进。""]",王萌萌是数据开发部的员工。邮件收发量全年保持高位，以‘项目与需求管理’和‘授权与变更申请’为主，体现了其作为项目核心成员和技术执行者的角色定位。邮件关键词云全年围绕‘智芯工程’、‘RTL集市’、‘实时数仓’、‘授权申请’、‘投产’、‘数据资产’等展开，表明其工作深度参与数据平台核心项目，并涉及大量流程审批与生产运维。沟通风格务实高效，注重协同与问题解决，‘邮件内容多聚焦于具体的技术问题、项目进度和风险提示’。情感分析显示邮件内容以中性、客观、解决问题的陈述为主，体现了高度的专业性和责任感。工作网络广泛，与‘上下游部门（如数据平台部、测试中心、业务部门）保持紧密协作’。工作节奏紧凑且与项目周期强相关，贯穿了从需求、开发、测试、投产到问题排查的全流程。总体而言，王萌萌是一名技术执行力强、严谨细致、协作意识良好的技术骨干，擅长处理复杂工程和生产问题。建议‘可进一步加强对业务价值的深入理解’并‘优化工作方法，提升重点任务的聚焦与穿透力’。,,,,,,,,,,,,90.0,5.0,数据开发部,数仓开发组,158.2405556,数据开发部,5329.25,10.45,9.0,9.0,0.138755981,,,,2.0,,女员工、研究生学历、校招生、工龄成长型、工作超负荷、高加班、需求负责人、变更任务密集、PASO参与者、学习活跃、项目驱动型、邮件运维支持型、跨部门广泛协作、部门_数据开发部、数据开发、数据平台、测试工程、项目管理,,数据开发与ETL、数据建模与数仓、数据平台与运维、数据治理与合规、系统测试与投产、项目管理与需求、业务系统建设、运维与技术支持
158,赵雅婷,数据开发部,数仓开发组,女,3.0,研究生,东华大学,,,,0,数据研发,校园招聘,,,,,11,0,,,,2.742448718,1.0,6.0,20.0,29.0,10.0,0,0,0,1,2,0,适中,,,,,,,,,2025.0,数据开发部,"{""其他"": 52, ""测试与检核"": 132, ""团队管理与通知"": 76, ""投产与变更管理"": 98, ""文档与规范管理"": 65, ""需求与方案评审"": 87, ""项目协调与推进"": 145, ""数据映射与口径确认"": 168}","[""黄哲睿"", ""陆慧"", ""周影"", ""丁晨"", ""顾恺"", ""罗仁杰"", ""袁凯"", ""兰昕蕾"", ""林幸"", ""李禹凝"", ""骆静龙"", ""龚毅磊"", ""李凯文"", ""郑卞钰"", ""陈笑轩"", ""王子枫"", ""阮靖龙"", ""周龙"", ""王萌萌"", ""潘修滔""]","[""数据开发部"", ""苏州开发测试中心"", ""上海开发测试中心"", ""数据平台部"", ""综合管理部"", ""信息管理部"", ""信息统计部"", ""智能创新部"", ""数据治理部"", """", ""数据中心"", ""总行"", ""架构管理部"", ""债券交易部"", ""风险内控部"", ""公司业务中台部"", ""零售与新兴业务中台部"", ""创新业务部"", ""营业部"", ""信贷与投资管理部""]",项目驱动&节奏紧凑,"[""邮件主题高度集中在‘智芯工程’、‘CB3.0’、‘整合模型’、‘数据映射’等核心项目，全年工作节奏紧密围绕重大项目周期。"", ""从关键词看，一季度聚焦‘数据映射与口径确认’，二季度转向‘测试与检核’，三季度进入‘投产’阶段，四季度则关注‘监管集市’、‘需求’与‘影响评估’，工作重心随项目阶段（映射→测试→投产→需求与评估）清晰转移。"", ""'邮件撰写规范严谨，主题明确，常使用标签分类'，表明标签邮件使用广泛，信息管理高效。"", ""沟通网络以跨部门协作为主，在‘项目协调与推进’、‘数据映射与口径确认’等事务中扮演了重要的桥梁角色。""]",赵雅婷是数据开发部的员工。邮件收发类型以‘数据映射与口径确认’（168封）、‘项目协调与推进’（145封）和‘测试与检核’（132封）为主，显示其核心工作围绕重大项目的数据处理、协同与质量保障展开。全年关键词高度聚焦于‘智芯工程’、‘CB3.0’、‘整合模型’、‘口径’、‘映射’等，表明其深度参与了核心系统重构、数据模型整合及监管报送等关键项目。从季度看，工作重心从一季度的‘映射’与‘口径确认’，到二三季度的‘测试’、‘检核’与‘投产’，再到四季度的‘需求’、‘监管集市’与‘影响评估’，完整跟随了项目从开发到上线再到后续评估的生命周期。‘沟通风格以事务性驱动为主，注重协同推进与问题闭环’，在跨部门协作中扮演了重要的桥梁角色。‘邮件撰写规范严谨，常使用标签分类’，体现了高效的信息管理能力。总体而言，赵雅婷是一名专业扎实、注重细节、执行力强、在高压项目环境下能保持稳定输出的技术骨干，是团队中可靠的核心成员。建议可进一步强化在业务架构层面的系统性思考，并提升对非技术类沟通场景的灵活应对能力。,,,,,,,,,,,,88.0,0.0,数据开发部,模型设计组,72.04972222,数据开发部,6517.45,12.78,10.0,10.0588,0.212926448,,,,2.0,,女员工、研究生学历、校招生、工龄成长型、工作饱和度适中、高加班、PASO参与者、学习活跃、考勤全勤、项目驱动型、跨部门广泛协作、部门_数据开发部、数据开发、征信合规、测试工程、项目管理,,数据开发与ETL、数据建模与数仓、数据平台与运维、数据治理与合规、系统测试与投产、架构设计与信创、项目管理与需求、业务系统建设
159,李禹凝,数据开发部,数仓开发组,女,3.0,研究生,伦敦国王学院,,,,0,数据研发,校园招聘,,,,,13,0,,,,2.241662393,0.0,5.0,23.0,34.0,3.0,0,1,0,1,0,0,适中,,,,,,,,,2025.0,数据开发部,"{""其他"": 8, ""会议与通知"": 22, ""工作量评估"": 12, ""投产与上线"": 15, ""测试与验证"": 28, ""数据问题咨询"": 18, ""授权与脚本管理"": 35, ""项目开发与改造"": 45}","[""罗仁杰"", ""王萌萌"", ""陈笑轩"", ""林幸"", ""骆静龙"", ""阮靖龙"", ""袁凯"", ""龚毅磊"", ""黄哲睿"", ""顾恺"", ""陈晨"", ""潘修滔"", ""兰昕蕾"", ""马富强"", ""丁晨"", ""邹小芳"", ""钱磊"", ""胡庆"", ""陆慧"", ""周影""]","[""数据开发部"", ""数据平台部"", ""综合管理部"", ""上海开发测试中心"", ""苏州开发测试中心"", ""信息管理部"", ""信息统计部"", ""智能创新部"", ""数据治理部"", ""数据中心"", """", ""总行"", ""债券交易部"", ""风险内控部"", ""开发协调部"", ""架构管理部"", ""创新业务部"", ""信贷与投资管理部"", ""风险政策部"", ""项目管理部""]",项目驱动 & 持续高强度,"[""邮件类型以‘项目开发与改造’和‘授权与脚本管理’为主，全年工作高度聚焦于核心项目任务。"", ""工作重心随季度推进，从‘CDI’、‘脚本’、‘授权’（一季度）逐步深化至‘智芯’、‘项目’、‘改造’（三、四季度），项目周期特征明显。"", ""跨部门协作频繁，工作内容贯穿‘开发’、‘测试’、‘投产’全流程，节奏紧凑。"", ""根据总结，‘邮件撰写规范严谨，主题清晰明确，常使用标签分类’，体现了规范的邮件管理习惯。""]",李禹凝是数据开发部的员工。邮件主题高度集中在‘智芯’、‘CDI’、‘项目’、‘改造’、‘数据’、‘脚本’、‘授权’、‘测试’等词汇，表明其核心工作围绕‘智芯工程’等核心项目的数据开发、系统改造、脚本授权管理、测试验证及投产上线全流程展开。全年工作内容聚焦，深度参与项目全生命周期。邮件撰写‘规范严谨，主题清晰明确，常使用标签分类’。沟通风格‘以任务为导向，注重技术细节与流程合规’。跨部门协作频繁，涉及项目、测试、业务咨询等多个环节。工作节奏紧凑，项目驱动特征明显。优势在于‘技术执行力强、项目跟进细致，具备较好的多任务处理能力’。根据总结，后续建议‘可进一步优化非工作时间邮件发送习惯，加强业务知识沉淀，并在沟通中适当增加灵活性’.,,,,,,,,,,,,92.0,8.0,数据开发部,数仓开发组,84.22333333,数据开发部,6047.05,11.86,10.0,9.352941176,0.211387759,,,,2.0,,女员工、研究生学历、校招生、工龄成长型、工作饱和度适中、中加班、PASO参与者、学习活跃、考勤需关注、高强度工作、项目驱动型、跨部门广泛协作、部门_数据开发部、数据开发、测试工程,,数据开发与ETL、数据治理与合规、系统测试与投产、业务系统建设
160,潘修滔,数据开发部,数仓开发组,男,3.0,研究生,浙江理工大学,,,,0,数据研发,校园招聘,,,,,11,0,,,,2.286098291,0.0,4.0,37.0,17.0,7.0,0,2,0,1,6,6,适中,,,,,,,,,2025.0,数据开发部,"{""其他"": 25, ""标签与BI开发"": 40, ""会议与沟通协调"": 90, ""数据开发与运维"": 120, ""监管与合规报送"": 50, ""系统测试与投产"": 35, ""项目与需求管理"": 150, ""技术方案与架构决策"": 70}","[""袁凯"", ""林幸"", ""郑卞钰"", ""骆静龙"", ""钱磊"", ""顾恺"", ""罗仁杰"", ""陈晨"", ""龚毅磊"", ""邹小芳"", ""兰昕蕾"", ""姚志环"", ""马富强"", ""胡庆"", ""杜乐"", ""王萌萌"", ""陈笑轩"", ""丁晨"", ""诸倩铷"", ""杨青""]","[""数据开发部"", ""上海开发测试中心"", ""数据平台部"", ""综合管理部"", ""苏州开发测试中心"", ""信息统计部"", ""信息管理部"", ""智能创新部"", """", ""数据治理部"", ""开发协调部"", ""总行"", ""数据中心"", ""贷后管理部"", ""风险政策部"", ""风险内控部"", ""市场企划部"", ""销售管理部"", ""债券交易部"", ""架构管理部""]",项目驱动 & 全周期参与,"[""邮件主题高度集中在‘项目与需求管理’和‘数据开发与运维’，表明工作围绕项目生命周期和技术实施展开。"", ""关键词显示工作重心随季度演进：一季度聚焦‘CBS’、‘智芯工程’等核心系统；二、三季度‘需求’、‘项目’、‘测试’、‘标签’、‘BI’权重上升，体现开发与测试阶段；四季度‘机构改革’、‘日报’、‘批转’突出，反映项目收尾、汇报与运维支持。"", ""高频出现‘会议’、‘日报’、‘周报’、‘工作评估’等词，显示沟通与汇报节奏稳定，工作透明度高。"", ""‘下游’、‘影响分析’、‘授权’等词持续出现，表明注重跨部门协作与风险控制。""]",潘修滔是数据开发部的核心骨干。邮件收发以‘项目与需求管理’和‘数据开发与运维’为主，全年工作节奏紧凑，紧密跟随‘智芯工程’、‘CBS’、‘信用卡’、‘机构改革’等大型项目的生命周期。一季度聚焦核心系统升级与数据运维；二、三季度深入需求分析、模型整合、标签与BI开发及测试投产；四季度侧重于项目收尾、监管报送、日报周报及影响分析。关键词云清晰地勾勒出其‘信用卡’数据专家的角色，以及从需求到投产的全流程深度参与。沟通风格务实高效，注重通过‘会议’、‘日报’、‘周报’、‘工作评估’进行同步，并频繁提及‘下游’、‘影响分析’、‘授权’，体现了强烈的协作意识与风险管控思维。邮件主题明确、标签规范，工作网络广泛，与项目、业务、合规及下游应用部门联系紧密。总体而言，潘修滔是一名业务理解深入、技术扎实、执行力强、善于协作的数据开发专家，在推动复杂数据项目落地方面发挥了关键作用。,,,,,,,,,,,,90.0,18.0,数据开发部,模型设计组,83.48722222,数据开发部,5310.65,10.41,9.0,5.0,0.519692603,,,,2.0,,男员工、研究生学历、校招生、工龄成长型、工作饱和度适中、中加班、需求负责人、变更任务密集、PASO参与者、学习活跃、考勤问题严重、项目驱动型、邮件运维支持型、邮件数据开发型、跨部门广泛协作、部门_数据开发部、数据开发、征信合规、测试工程、项目管理、数据分析、零售业务,,数据开发与ETL、数据治理与合规、系统测试与投产、项目管理与需求、BI与数据分析、业务系统建设
161,曹婕,数据开发部,数仓开发组,女,3.0,研究生,中国地质大学（北京）,,,,0,数据研发,校园招聘,,,,,8,0,,,,,,,,,,0,1,0,1,3,0,适中,,,,,,,,,2025.0,数据开发部,"{""其他"": 50, ""会议与沟通协调"": 100, ""授权与审批申请"": 80, ""系统改造与迁移"": 120, ""个人事务与假期管理"": 30, ""数据开发与问题处理"": 180, ""项目管理与需求评估"": 150}","[""骆静龙"", ""林幸"", ""钱磊"", ""姚志环"", ""罗仁杰"", ""丁晨"", ""陈笑轩"", ""袁凯"", ""阮靖龙"", ""马富强"", ""陈晨"", ""胡庆"", ""郑卞钰"", ""龚毅磊"", ""潘修滔"", ""王言哲"", ""兰昕蕾"", ""诸倩铷"", ""顾恺"", ""邹小芳""]","[""数据开发部"", ""数据平台部"", ""综合管理部"", ""上海开发测试中心"", ""信息统计部"", ""苏州开发测试中心"", ""信息管理部"", ""智能创新部"", """", ""数据治理部"", ""总行"", ""数据应用管理部"", ""风险内控部"", ""债券交易部"", ""系统与数据应用部"", ""创新业务部"", ""数据中心"", ""清算部"", ""信贷与投资管理部"", ""本部""]",技术驱动 & 项目周期型,"[""邮件类型分布显示，核心工作聚焦于‘数据开发与问题处理’、‘项目管理与需求评估’和‘系统改造与迁移’，体现了以技术和项目为核心的工作节奏。"", ""从关键词季度趋势看，‘数据’、‘模型’、‘需求’、‘开发’等核心词频次从一季度到四季度逐步下降，可能反映出年初项目启动与攻坚，年末转向收尾与维护的周期性规律。"", ""‘测试’、‘改造’、‘迁移’、‘投产’等关键词在二、三季度相对突出，表明系统改造与上线是年度中期的重要工作节点。"", ""沟通风格以事务性为主，邮件撰写规范，主题明确，常使用标签分类便于跟踪。""]",曹婕是数据开发部的员工。邮件收发内容高度集中于数据开发、项目管理和系统改造等核心职责。从关键词季度变化来看，工作重心呈现明显的项目周期特征：一季度聚焦于‘数据’、‘模型’、‘开发’等基础构建；二、三季度‘测试’、‘改造’、‘投产’、‘迁移’等词频上升，进入系统实施与上线阶段；四季度各项核心词频均有所回落，工作可能转向维护、复盘与新需求规划。邮件类型分布和关键词均指向其工作需要频繁的跨部门协作，涉及需求评估、口径确认、问题排查与测试验证等环节。‘邮件撰写规范，主题明确，常使用标签分类便于跟踪’体现了其专业、高效的沟通风格。总体而言，曹婕是一名技术扎实、责任心强、能高效处理多线程任务的数据开发骨干。优势在于技术执行与问题解决能力；建议可进一步优化沟通策略，加强主动性汇报与风险预警，并提升业务理解深度与前瞻性规划能力。,,,,,,,,,,,,76.0,1.0,数据开发部,数仓开发组,25.17416667,数据开发部,5034.98,9.87,10.0,8.999988235,0.088147089,,,,2.0,,女员工、研究生学历、校招生、工龄成长型、工作饱和度适中、PASO参与者、学习活跃、考勤良好、邮件数据开发型、跨部门广泛协作、部门_数据开发部、数据开发、测试工程、项目管理,,数据开发与ETL、系统测试与投产、项目管理与需求、风险模型与反欺诈、运维与技术支持
162,郑卞钰,数据开发部,数仓开发组,女,4.0,研究生,华中科技大学,,,,0,数据研发,校园招聘,,,,,13,0,,,,2.723064236,0.0,5.0,6.0,45.0,8.0,0,6,0,1,13,11,超负荷,,,,,,,,,2025.0,数据开发部,"{""其他"": 65, ""会议与沟通协调"": 156, ""技术开发与运维"": 192, ""文档与材料处理"": 98, ""问题排查与支持"": 87, ""项目与需求管理"": 278}","[""林幸"", ""钱磊"", ""袁凯"", ""杨青"", ""陈晨"", ""兰昕蕾"", ""胡庆"", ""骆静龙"", ""潘修滔"", ""顾恺"", ""罗仁杰"", ""马富强"", ""姚志环"", ""窦博文"", ""龚毅磊"", ""诸倩铷"", ""黄哲睿"", ""丁晨"", ""阮靖龙"", ""陈笑轩""]","[""数据开发部"", ""上海开发测试中心"", ""数据平台部"", ""综合管理部"", ""苏州开发测试中心"", ""信息统计部"", ""信息管理部"", ""智能创新部"", """", ""数据治理部"", ""风险内控部"", ""总行"", ""消费信贷部"", ""数据中心"", ""数据应用管理部"", ""架构管理部"", ""系统与数据应用部"", ""债券交易部"", ""创新业务部"", ""信贷与投资管理部""]",高强度&项目驱动,"[""邮件总量巨大，全年各季度工作负荷均保持高位，'项目与需求管理'类邮件占比最高，显示其工作核心围绕项目推进展开。"", ""工作重心贯穿全年，高度聚焦于'整合模型'、'慧信工程'、'智芯'等核心项目，季度间关键词热度虽有波动，但核心主题稳定。"", ""邮件撰写规范严谨，'常使用标准标签分类'，体现了流程化、规范化的职业习惯。"", ""'频繁参与跨部门协作会议与评审'，沟通协调类邮件占比较高，工作节奏与项目评审、投产等关键节点紧密联动。""]",郑卞钰是数据开发部的员工，在团队中担任重要技术角色。邮件收发数量全年保持高位，显示出高强度、项目驱动的工作节奏。邮件主题高度集中在‘整合模型’、‘慧信工程’、‘智芯’、‘需求’、‘脚本’、‘授权’、‘投产’等词汇，表明其核心工作围绕金融数据核心系统的开发、测试、授权、投产及运维全生命周期展开。全年‘会议’、‘评审’、‘影响性分析’、‘问题’等词频繁出现，反映出其工作对跨部门协作、技术评审、风险管控及生产问题排查的强关联性。从季度看，各季度均深度参与‘整合模型’与‘慧信工程’，二、三季度‘生产’、‘脚本’、‘问题’相关词汇热度上升，显示工作重心向生产运维与脚本开发倾斜；四季度‘需求’、‘项目’、‘日报’等词突出，工作向需求管理与项目汇报阶段过渡。‘沟通风格以事务性驱动为主，注重技术细节与流程合规’，邮件撰写规范严谨，体现了良好的职业素养。其工作网络广泛，因‘频繁参与跨部门协作会议与评审’，需与项目需求方、测试团队、运维团队及管理层保持紧密联系。总体而言，郑卞钰是一名技术扎实、责任心强、注重流程、协作频繁的技术骨干，擅长大型数据工程项目的实施与风险管控。建议可‘进一步加强业务视角的提炼与总结’，并在技术沟通中‘提升表达简洁性’。,,,,,,,,,,,,90.0,3.0,数据开发部,模型设计组,90.25972222,数据开发部,6352.75,12.46,10.0,9.999988235,0.197432726,,,,3.0,,女员工、研究生学历、校招生、工龄成长型、工作超负荷、高加班、高频需求负责人、变更任务密集、PASO参与者、学习活跃、考勤良好、高强度工作、项目驱动型、会议达人、邮件项目管理型、邮件运维支持型、跨部门广泛协作、部门_数据开发部、数据开发、测试工程、项目管理,,数据开发与ETL、数据建模与数仓、数据治理与合规、系统测试与投产、项目管理与需求、业务系统建设、运维与技术支持
163,诸倩铷,数据开发部,数仓开发组,女,3.0,研究生,新加坡国立大学,,,,0,数据研发,校园招聘,,,,,13,0,,,,2.108579749,0.0,6.0,23.0,27.0,6.0,0,2,0,1,4,0,适中,,,,,,,,,2025.0,数据开发部,"{""其他"": 52, ""会议与通知"": 142, ""数据开发与测试"": 198, ""文档与材料提交"": 64, ""运维与问题处理"": 89, ""需求分析与影响评估"": 176, ""项目协作与投产演练"": 235}","[""郑卞钰"", ""骆静龙"", ""兰昕蕾"", ""林幸"", ""陈晨"", ""钱磊"", ""姚志环"", ""袁凯"", ""罗仁杰"", ""胡庆"", ""马富强"", ""潘修滔"", ""陈笑轩"", ""阮靖龙"", ""顾恺"", ""丁晨"", ""王萌萌"", ""王言哲"", ""龚毅磊"", ""曹婕""]","[""数据开发部"", ""数据平台部"", ""综合管理部"", ""上海开发测试中心"", ""苏州开发测试中心"", ""信息统计部"", ""信息管理部"", ""智能创新部"", """", ""数据治理部"", ""总行"", ""风险内控部"", ""系统与数据应用部"", ""债券交易部"", ""远程银行中心"", ""数据中心"", ""创新业务部"", ""信贷与投资管理部"", ""本部"", ""互联网支付部""]",项目驱动型 & 高强度协作,"[""邮件主题高度集中于‘项目协作与投产演练’和‘数据开发与测试’，表明工作核心围绕大型项目的数据侧改造与投产演练。"", ""全年关键词显示工作重心随季度从‘慧信工程’、‘CP项目’逐步向‘智芯三阶段’、‘机构信息’等核心项目演进，响应项目周期变化。"", ""‘日报’、‘评估’、‘会议’、‘通知’等词汇持续高频出现，体现了规范的日常汇报、评估和协同工作节奏。"", ""沟通风格以任务为导向，邮件主题清晰明确，标签使用规范，注重跨部门协同效率。""]",诸倩铷是数据开发部的员工。邮件收发高度集中于‘项目协作与投产演练’和‘数据开发与测试’两大类，显示出其工作核心是支撑大型项目的数据侧改造、投产演练及日常开发测试。全年关键词云清晰勾勒出其工作轨迹：一季度聚焦‘慧信工程’、‘CP项目’；二、三季度重心全面转向‘智芯三阶段’，涉及大量‘改造’、‘测试’、‘投产’工作；四季度则在延续‘智芯’项目的同时，新增‘机构信息’、‘外呼服销’等业务主题。‘日报’、‘评估’、‘会议’、‘通知’等词贯穿全年，体现了其规范的日常汇报、影响评估和会议协同习惯。邮件撰写规范严谨，主题清晰，能准确使用项目标签，沟通风格以任务为导向，注重协同效率。综合来看，诸倩铷是一名专业严谨、责任心强、对数据开发全流程掌握全面的技术骨干，在跨部门协作中展现出良好的协调能力，是团队中可靠的项目交付者。建议可进一步深化业务视角，提升复杂项目的架构设计能力，并注意优化工作负荷。,,,,,,,,,,,,78.0,3.0,数据开发部,数仓开发组,56.38833333,数据开发部,6116.28,11.99,10.0,8.0,0.332777314,,,,2.0,,女员工、研究生学历、校招生、工龄成长型、工作饱和度适中、中加班、需求负责人、PASO参与者、学习活跃、考勤良好、高强度工作、项目驱动型、协作型工作风格、会议达人、邮件项目管理型、邮件数据开发型、跨部门广泛协作、部门_数据开发部、数据开发、架构设计、测试工程,,数据开发与ETL、系统测试与投产、架构设计与信创、业务系统建设
164,吴越,数据开发部,数仓开发组,女,1.0,研究生,华北电力大学,,,,0,数据研发,校园招聘,,,,,13,0,,,,0.977686703,0.0,37.0,19.0,4.0,1.0,0,0,0,1,0,0,不饱和,,,,,,,,,2025.0,数据开发部,"{""其他"": 80, ""会议与沟通协调"": 180, ""授权与审批申请"": 90, ""数据治理与验证"": 120, ""文档与材料准备"": 60, ""项目需求与改造"": 150, ""生产运维与问题处理"": 110}","[""姚志环"", ""骆静龙"", ""钱磊"", ""陈笑轩"", ""胡雯"", ""袁凯"", ""马富强"", ""林幸"", ""阮靖龙"", ""罗仁杰"", ""郑卞钰"", ""兰昕蕾"", ""陈晨"", ""杨青"", ""胡庆"", ""诸倩铷"", ""曹婕"", ""丁晨"", ""龚毅磊"", ""顾恺""]","[""数据开发部"", ""数据平台部"", ""综合管理部"", ""信息统计部"", ""上海开发测试中心"", ""信息管理部"", ""苏州开发测试中心"", ""智能创新部"", """", ""数据治理部"", ""总行"", ""数据应用管理部"", ""创新业务部"", ""业务发展部"", ""系统与数据应用部"", ""债券交易部"", ""风险内控部"", ""数据中心"", ""信贷与投资管理部"", ""计量与应用部""]",项目驱动&持续高压,"[""邮件收发总量大，以‘会议与沟通协调’、‘项目需求与改造’、‘生产运维与问题处理’为主，显示高频的跨部门协作与项目执行节奏。"", ""关键词显示全年工作紧密围绕‘慧信工程’、‘智芯工程’、‘普惠金融’、‘对公信贷’等大型项目展开，季度间项目重点随业务需求切换。"", ""工作节奏受项目周期驱动，关键词从一季度的‘数据测试’、‘架构评审’到四季度的‘需规评审’、‘提测通知’，体现了从需求到投产的完整闭环。"", ""关键词中频繁出现‘授权审批申请’、‘催单’、‘审计问题整改’、‘缺陷问题’等词汇，表明工作中包含大量流程性、应急性及合规性任务，节奏紧张。""]",吴越是数据开发部的员工。邮件收发数据显示其工作高度聚焦于‘会议与沟通协调’、‘项目需求与改造’及‘生产运维与问题处理’，表明其核心角色是大型项目的数据侧支持与跨部门协作枢纽。全年关键词云紧密围绕‘慧信工程’、‘智芯工程’、‘普惠金融’（CCM/IRMS/UDAS）、‘对公信贷’等核心业务项目展开，季度间工作重点随项目阶段演进：一季度侧重‘数据测试’与‘架构评审’；二季度深化‘数据治理’与‘智芯三阶段’；三季度关注‘投产清单’与‘审计问题整改’；四季度则转向‘机构改造’与‘需规评审’。沟通风格务实高效，以任务驱动为主，邮件主题清晰，关键词使用规范，便于追溯。工作节奏持续紧张，由多个并行的大型项目、频繁的流程审批（授权审批申请）、应急问题处理（缺陷问题、催单）及合规要求（审计问题整改）共同驱动，展现出极强的项目执行与抗压能力。作为团队的技术骨干，其在复杂数据场景中的问题解决能力和责任心突出。建议可进一步提升在业务价值提炼和项目规划阶段的主动性，并加强经验沉淀与分享。,,,,,,,,,,,,82.0,20.0,数据开发部,数仓开发组,64.26444444,数据开发部,5191.1,10.18,8.0,7.019588235,0.310453022,,,,0.0,,女员工、研究生学历、校招生、工龄新手、工作不饱和、低加班、PASO参与者、学习活跃、考勤问题严重、项目驱动型、会议达人、邮件运维支持型、邮件数据开发型、跨部门广泛协作、部门_数据开发部、数据开发、架构设计、测试工程、数据治理、对公业务、零售业务,,数据开发与ETL、数据治理与合规、系统测试与投产、架构设计与信创、项目管理与需求、数据安全与权限、业务系统建设
165,张必歌,数据开发部,需求接入组,女,4.0,研究生,吉林大学,,,,1,数据研发,校园招聘,,,,,3,0,,,,0.427969035,0.0,55.0,4.0,0.0,2.0,0,3,0,0,29,3,不饱和,,,,,,,,,2025.0,数据开发部,"{""其他"": 41, ""会议与沟通"": 52, ""技术规范与通知"": 76, ""数据处理与运维"": 125, ""问题排查与修复"": 64, ""需求评估与排期"": 98, ""项目管理与协调"": 87}","[""罗仁杰"", ""杜乐"", ""龚毅磊"", ""田振宇"", ""顾恺"", ""杨青"", ""陈晨"", ""王言哲"", ""袁凯"", ""骆静龙"", ""兰昕蕾"", ""马富强"", ""魏乾顺"", ""钱磊"", ""黄惠青"", ""王正超"", ""林幸"", ""王伟"", ""吴小倩"", ""袁弛""]","[""上海开发测试中心"", ""数据开发部"", ""苏州开发测试中心"", ""数据平台部"", ""综合管理部"", ""信息统计部"", ""信息管理部"", ""智能创新部"", ""数据中心"", """", ""架构管理部"", ""总行"", ""数据治理部"", ""消费信贷部"", ""系统与数据应用部"", ""创新业务部"", ""风险内控部"", ""线上银行部"", ""数据应用管理部"", ""开发协调部""]",高负荷&项目驱动,"[""全年邮件类型以‘数据处理与运维’、‘需求评估与排期’和‘项目管理与协调’为主，工作贯穿数据开发全流程。"", ""工作重心随季度明显转移：从一季度的‘大数据’、‘卡批’、‘运维’主题，逐步转向四季度的‘项目’、‘需求’、‘CRM’、‘机构改造’等业务与项目主题。"", ""紧急邮件（如‘问题排查与修复’类）全年均有分布，显示其工作包含持续的运维保障与应急响应。"", ""邮件标签使用恰当，体现了严谨规范的沟通习惯和良好的职业素养。""]",张必歌是数据开发部的员工。邮件收发类型分布清晰地反映了其作为数据开发工程师的核心职责：以‘数据处理与运维’为核心，同时深度参与‘需求评估与排期’与‘项目管理与协调’。全年关键词云显示其工作内容高度聚焦于大数据平台运维（如‘大数据’、‘作业’、‘UDAS’、‘监控’）、数据处理流程（如‘入仓’、‘处理’、‘卡批’）及项目需求管理（如‘需求’、‘评估’、‘排期’、‘项目’）。工作节奏紧凑，且呈现出明显的阶段性演进：从年初的‘运维保障’和‘数据处理’（一季度），逐步过渡到‘需求评估’和‘项目管理’（二、三季度），并在年底全面转向‘项目’、‘CRM’、‘机构改造’等更具业务深度和跨部门协作性质的工作（四季度）。其沟通风格‘以事务性为主导，注重流程跟进与闭环管理’，邮件撰写‘严谨规范，主题清晰明确’。关键词中‘确认’、‘申请’、‘测试’、‘投产’等词高频出现，印证了其工作流程的严谨性和对交付质量的重视。‘会议’、‘规范’等词的出现也体现了其良好的跨部门协作意识和遵从规范的职业习惯。总体而言，张必歌是一名技术扎实、责任心强、工作系统性高、协作积极的数据开发骨干，在数据处理与运维保障方面表现尤为突出。,,,,,,,,,,,,48.0,4.0,数据开发部,应用开发组,54.88638889,数据开发部,5469.22,10.72,10.0,10.00003529,0.067160887,,,,3.0,,女员工、研究生学历、校招生、工龄成长型、工作不饱和、低加班、需求负责人、变更任务密集、高强度工作、项目驱动型、邮件运维支持型、跨部门广泛协作、部门_数据开发部、数据开发、数据平台、测试工程、项目管理、运维支持,1519,数据开发与ETL、数据平台与运维、系统测试与投产、项目管理与需求、业务系统建设、运维与技术支持
166,李凯文,数据开发部,需求接入组,男,3.0,研究生,中国科学技术大学,,,,1,数据研发,校园招聘,,,,,13,1,,,,4.296006006,1.0,7.0,21.0,10.0,36.0,0,1,2,1,3,6,超负荷,,,,,,,,,2025.0,数据开发部,"{""其他"": 38, ""会议与通知"": 57, ""投产演练与上线"": 42, ""数据入仓与卸数"": 98, ""环境配置与部署"": 76, ""需求评估与变更"": 63, ""项目协同与测试"": 125, ""数据字典与表结构"": 45}","[""黄哲睿"", ""罗仁杰"", ""杜乐"", ""陆慧"", ""丁晨"", ""顾恺"", ""周影"", ""兰昕蕾"", ""赵雅婷"", ""龚毅磊"", ""王萌萌"", ""林幸"", ""杨萍"", ""陈世辉"", ""袁凯"", ""陈笑轩"", ""周叶珉"", ""王子枫"", ""骆静龙"", ""陈晨""]","[""数据开发部"", ""苏州开发测试中心"", ""上海开发测试中心"", ""数据平台部"", ""综合管理部"", ""信息管理部"", ""信息统计部"", ""智能创新部"", ""数据中心"", """", ""数据治理部"", ""总行"", ""架构管理部"", ""债券交易部"", ""公司业务中台部"", ""业务运营中心"", ""风险内控部"", ""零售与新兴业务中台部"", ""创新业务部"", ""清算部""]",高强度&项目驱动,"[""工作内容高度集中于'智芯工程'、'CB三阶段'等大型项目的数据开发、测试与投产流程，全年节奏由项目周期主导。"", ""邮件类型分布显示'项目协同与测试'、'数据入仓与卸数'、'环境配置与部署'为前三类，表明工作核心是项目交付、数据流转与系统部署。"", ""关键词频率显示，前三季度工作重心聚焦于'智芯工程'、'卸数'、'入仓'、'数据测试'、'投产演练'等具体执行任务，第四季度则转向'机构改革'、'需求评估'、'工作量'等规划与评估类工作。"", ""沟通中频繁出现'确认'、'日报'、'通知'、'变更'、'清单'等词汇，体现了严谨、规范、注重进度跟踪与风险管控的工作风格。""]",李凯文是数据开发部的员工。邮件收发全年围绕'智芯工程'、'CB三阶段'等核心银行系统项目展开，工作节奏紧凑且与项目周期高度同步。邮件主题高度集中在'卸数'、'入仓'、'数据测试'、'投产演练'、'数据字典'等词汇，表明其核心职责是数据迁移、测试验证与投产支持。从季度看，前三季度聚焦于具体开发、测试与演练执行，第四季度转向'机构改革'、'需求评估'、'工作量'等规划评估工作，体现了工作重心随项目阶段自然演进。邮件撰写规范，善于使用标签分类，沟通风格以事务性为导向，注重'确认'、'日报'、'变更'等细节，体现了严谨的工作态度和较强的跨部门协同能力。总体而言，李凯文是一名专业扎实、执行力强、责任心高的数据开发技术骨干，深度参与重大项目，对数据全流程有全面把控。建议在复杂项目中进一步提升风险预判与知识沉淀能力。,,,,,,,,,,,,84.0,2.0,数据开发部,数据接入组,89.40472222,数据开发部,6463.47,12.67,10.0,9.000011765,0.289659687,,,,2.0,,男员工、研究生学历、校招生、工龄成长型、工作超负荷、高加班、深夜加班频繁、应用主管、变更任务较多、PASO参与者、学习活跃、考勤良好、高强度工作、项目驱动型、跨部门广泛协作、部门_数据开发部、数据开发、测试工程、项目管理、数据迁移,,数据开发与ETL、系统测试与投产、项目管理与需求、业务系统建设
167,杜乐,数据开发部,需求接入组,男,1.0,研究生,华东理工大学,,,,1,数据研发,校园招聘,,,,,13,0,,,,3.077286325,1.0,9.0,23.0,16.0,17.0,0,2,1,1,11,64,超负荷,,,,,,,,,2025.0,数据开发部,"{""其他"": 31, ""授权与变更申请"": 480, ""测试与投产支持"": 280, ""项目协调与会议"": 680, ""数据治理与监管报送"": 420, ""日常沟通与进度同步"": 390, ""需求评估与工作量确认"": 350}","[""罗仁杰"", ""杨青"", ""钱磊"", ""林幸"", ""田振宇"", ""姚志环"", ""袁凯"", ""陈晨"", ""马富强"", ""龚毅磊"", ""顾恺"", ""窦博文"", ""邹小芳"", ""张倩"", ""骆静龙"", ""潘修滔"", ""兰昕蕾"", ""郑卞钰"", ""张必歌"", ""李凯文""]","[""数据开发部"", ""上海开发测试中心"", ""数据平台部"", ""苏州开发测试中心"", ""综合管理部"", ""信息统计部"", ""信息管理部"", ""智能创新部"", """", ""总行"", ""数据治理部"", ""数据中心"", ""系统与数据应用部"", ""架构管理部"", ""风险内控部"", ""创新业务部"", ""开发协调部"", ""数据应用管理部"", ""计量与应用部"", ""风险预警管理部""]",高强度&项目驱动,"[""全年邮件收发总量巨大，工作节奏持续紧凑，围绕‘慧信工程’、‘智芯工程’、‘UDAS’、‘反电诈’、‘机构改革’等大型项目周期展开。"", ""紧急或重要邮件（主题含‘重要’、‘请关注’、‘请授权’、‘通知’、‘提测通知’等）全年高频出现，尤其在项目关键节点（如授权申请、需求澄清、测试投产、监管报送）时更为集中。"", ""标签邮件使用极为广泛且高度规范，‘确认邮件’、‘会议纪要’、‘会议通知’、‘日报’等主题标签贯穿全年，体现了严谨的流程管理和信息追溯习惯。"", ""工作重心随季度项目推进而动态调整：一季度聚焦‘慧信工程’启动与‘UDAS’；二季度加入‘反电诈’与‘慧信演练’；三季度深化‘机构改革’与‘票易贷’；四季度则围绕‘慧信工程’、‘智芯工程’收尾与‘机构改革’持续推进。""]",杜乐是数据开发部的员工，隶属于员工所在科室。邮件收发数量全年保持极高水平，工作节奏紧凑且持续高强度。邮件主题高度集中在‘确认邮件’、‘慧信工程’、‘会议纪要’、‘UDAS’、‘授权’、‘非代码’等词汇，表明其核心工作围绕大型项目（慧信、智芯、UDAS、反电诈、机构改革）的全流程协调、授权管理、会议组织与纪要撰写展开。全年‘项目协调与会议’、‘授权与变更申请’、‘数据治理与监管报送’类邮件占比最高，反映出其岗位在跨部门项目推进、流程审批及关键领域风险管理中的核心枢纽作用。从季度看，工作重心随项目阶段动态演进：一季度聚焦项目启动与初步评估；二、三季度加入新项目（反电诈、票易贷、机构改革）并深化需求与演练；四季度则侧重于项目收尾与持续优化。沟通风格积极主动、任务驱动、流程严谨，频繁使用规范的主题标签（如确认邮件、会议纪要）以确保信息对齐与闭环。邮件情感以中性、客观、务实的任务导向为主，高频词‘重要’、‘请关注’、‘请授权’体现了对关键节点的重视与推动。作为跨部门项目的关键协调者，其工作网络广泛，与项目组、测试团队、授权审批部门、数据治理及监管报送相关方联系紧密。总体而言，杜乐是一名责任心强、流程把控严谨、响应迅速、执行力高的核心成员与项目推动者，尤其在大型项目协调与风险管理方面表现突出。建议在保持高效执行力的同时，可进一步加强对复杂项目风险的预判与主动规划能力，并将日常协调经验进行系统化沉淀。,,,,,,,,,,,,82.0,2.0,数据开发部,数据接入组,131.0958333,数据开发部,6525.27,12.79,9.0,6.999917647,0.452703859,,,,1.0,,男员工、研究生学历、校招生、工龄新手、工作超负荷、高加班、需求负责人、应用主管、变更任务密集、PASO参与者、学习活跃、考勤良好、高强度工作、项目驱动型、邮件高频用户、会议达人、邮件项目管理型、邮件数据开发型、邮件流程审批型、跨部门广泛协作、部门_数据开发部、数据开发、征信合规、测试工程、项目管理、数据治理,,数据开发与ETL、数据治理与合规、系统测试与投产、项目管理与需求、风险模型与反欺诈、业务系统建设
168,连静,数据开发部,需求接入组,女,1.0,研究生,吉林大学,,,,1,数据研发,校园招聘,,,,,10,0,,,,3.375771144,1.0,18.0,10.0,7.0,32.0,0,3,1,1,8,6,适中,,,,,,,,,2025.0,数据开发部,"{""其他"": 47, ""会议与沟通协调"": 58, ""文档与模板处理"": 28, ""项目与投产管理"": 72, ""风险与合规管理"": 31, ""工作量评估与排期"": 39, ""实时数据需求与处理"": 85, ""数据平台与集群运维"": 41}","[""王萌萌"", ""李响"", ""顾恺"", ""罗仁杰"", ""黄哲睿"", ""杜乐"", ""钱磊"", ""周影"", ""潘修滔"", ""丁晨"", ""兰昕蕾"", ""张必歌"", ""吴证"", ""龚毅磊"", ""陈晨"", ""袁凯"", ""李凯文"", ""邹小芳"", ""李禹凝"", ""林幸""]","[""数据开发部"", ""上海开发测试中心"", ""数据平台部"", ""苏州开发测试中心"", ""综合管理部"", ""信息管理部"", ""智能创新部"", ""信息统计部"", ""数据治理部"", ""总行"", """", ""数据中心"", ""架构管理部"", ""开发协调部"", ""线上银行部"", ""风险内控部"", ""债券交易部"", ""创新业务部"", ""信贷与投资管理部"", ""风险政策部""]",高负荷&项目驱动,"[""邮件收发量全年保持高位，工作强度持续较高。"", ""工作重心围绕‘实时数仓’、‘项目’、‘需求’、‘投产’等核心关键词展开，且这些关键词的提及频率随季度持续攀升。"", ""沟通风格务实高效，以解决问题为导向，频繁参与跨部门协调与会议讨论。"", ""撰写规范严谨，邮件主题清晰，常使用标签进行分类，便于信息识别与跟踪。""]",连静是数据开发部的员工，主要聚焦于实时数据相关工作。邮件收发量全年保持高位，工作负荷较高且以项目驱动为核心。邮件主题高度集中在‘实时数仓’、‘需求’、‘项目’、‘投产’、‘数据’、‘智芯’等词汇，表明其核心工作围绕实时数仓的建设与维护、项目投产管理、以及实时数据需求对接展开。全年‘掌上行’、‘手机银行’、‘贷款’、‘存款’等业务关键词频繁出现，反映出其工作与多个重要业务系统（如智芯工程、掌上行、手机银行升级）的强关联性。从季度看，工作重点从一季度的‘智芯’、‘掌上行’基础接入，演进到二季度的‘投产’、‘演练’支持，再到三、四季度的‘项目’、‘需求’、‘评估’与‘排期’管理，工作重心随项目周期自然演进。邮件撰写规范严谨，主题清晰，常使用标签进行分类，体现了良好的沟通管理习惯。沟通风格务实高效，以解决问题为导向，展现出较强的责任心和执行力。建议在复杂项目推进中进一步提升前瞻性规划与风险预判能力，同时可加强技术方案的文档沉淀与知识分享。,,,,,,,,,,,,86.0,2.0,数据开发部,数仓开发组,119.6933333,数据开发部,7001.17,13.73,10.0,8.999988235,0.344501949,,,,1.0,,女员工、研究生学历、校招生、工龄新手、工作饱和度适中、高加班、深夜加班频繁、需求负责人、应用主管、变更任务密集、PASO参与者、学习活跃、考勤良好、高强度工作、项目驱动型、跨部门广泛协作、部门_数据开发部、数据开发、项目管理,,数据开发与ETL、数据建模与数仓、系统测试与投产、项目管理与需求、业务系统建设
169,贺文军,信息统计部,负责人,男,12.0,研究生,上海交通大学,科长,,,1,负责人,校园招聘,,,,,4,0,3.0,,,3.340259259,1.0,9.0,4.0,23.0,24.0,0,0,0,0,0,0,,,,,,,,,,2025.0,信息统计部,"{""其他"": 50, ""内部流程审批"": 46, ""文件材料审阅"": 177, ""任务催办与跟进"": 92, ""会议组织与通知"": 188, ""项目协调与沟通"": 41, ""机构邮箱申请与审核"": 118, ""监管报送与数据治理"": 68}","[""宋晓迪"", ""张伟亮"", ""王新"", ""周逸晨"", ""顾恺"", ""郭庆睿"", ""李然"", ""杨青"", ""吴证"", ""乐洋"", ""周静"", ""杨晓彦"", ""单曙兵"", ""卢易"", ""李焕彰"", ""陈超"", ""钱磊"", ""陈倩"", ""白迪"", ""机构邮箱""]","[""信息统计部"", ""数据开发部"", """", ""综合管理部"", ""数据平台部"", ""上海开发测试中心"", ""信息管理部"", ""智能创新部"", ""苏州开发测试中心"", ""数据治理部"", ""营运管理部"", ""系统与数据应用部"", ""总行"", ""数据应用管理部"", ""创新业务部"", ""综合管理部（安全保卫部）"", ""客户经营部"", ""资产负债管理部"", ""架构管理部"", ""数据中心""]",高强度&监管驱动,"[""邮件收发量全年处于高位，工作负荷持续饱满，核心事务贯穿全年。"", ""紧急/重要邮件特征显著，全年高频使用'紧急'、'重要'、'催办'、'急'等词汇，尤其在二、四季度'紧急'邮件突出，表明关键监管报送和项目节点压力大。"", ""工作节奏与监管报送周期（如季度末、年末）及重大项目（'慧信工程'、'智芯工程'）推进深度绑定，三季度出现'监管'、'报送'、'数据'等词峰值。"", ""标签邮件（如'请审阅'、'会议通知'、'机构邮箱申请'）使用极其频繁且标准化，体现了严谨的流程管理和版本控制意识。""]",贺文军是信息统计部的员工。邮件收发数量全年保持高位，核心工作聚焦于'会议组织与通知'、'文件材料审阅'、'机构邮箱申请与审核'及'监管报送与数据治理'，是部门内外部流程协调与监管合规事务的核心枢纽。邮件主题高度集中在'审阅'、'会议'、'机构邮箱'、'监管'、'报送'、'数据'等词汇，表明其工作核心是文件流转审批、会议统筹、账户权限管理及监管数据报送。全年高频使用'催办'、'重要'、'紧急'、'急'、'烦'等词汇，沟通风格直接、高效、以任务和结果为导向，展现出强烈的时效性要求和出色的任务推动力。从季度看，一、二季度聚焦于常规性审批、会议及'智能问数'项目，二、四季度'紧急'事务增多，三季度则深度参与'慧信工程'、'智芯工程'及监管数据工作，出现'监管'、'报送'、'数据'、'科技'、'贷款'等词峰值，工作重心随监管周期和重大项目节点明显变化。邮件撰写极其规范，'请审阅'、'以此为准'、'请惠存'等标签使用频繁，版本管理意识强。总体而言，贺文军是一名专业严谨、责任心强、执行力出色、在多线程高压任务下能确保闭环的核心员工，擅长复杂流程协调与监管合规事务把控。建议在保持高效执行的同时，可适当优化沟通节奏，为战略规划预留更多思考空间。,,,,,,,,,,,,,36.0,信息统计部,负责人,128.1408333,,,,,,,,,,11.0,,男员工、研究生学历、校招生、工龄资深、科长、高加班、深夜加班频繁、内训讲师、考勤问题严重、高强度工作、监管驱动型、会议达人、跨部门广泛协作、部门_信息统计部、征信合规、数据治理、数据安全,,AI算法与大模型、数据治理与合规、数据安全与权限、业务系统建设
170,向治蓉,信息统计部,管理信息组,女,4.0,研究生,南京师范大学,,,,1,数据分析,校园招聘,,,,,13,6,,,,1.457732975,0.0,13.0,37.0,12.0,0.0,0,0,0,0,0,0,,,,,,,,,,2025.0,信息统计部,"{""其他"": 30, ""业务需求与开发"": 120, ""会议沟通与通知"": 80, ""报告与材料审阅"": 60, ""数据咨询与排查"": 70, ""数据测试与验证"": 95, ""系统权限与维护"": 45, ""项目管理与推进"": 55}","[""胡雯"", ""张海濛"", ""姚志环"", ""骆静龙"", ""吴越"", ""郭庆睿"", ""王晓璇"", ""周林心"", ""贺文军"", ""王素雅"", ""姚蜜"", ""陈笑轩"", ""胡楚"", ""曹婕"", ""曾世杰"", ""王正超"", ""梅苏源"", ""张雅淇"", ""俞佳"", ""黄澜""]","[""数据开发部"", ""信息统计部"", ""综合管理部"", ""数据平台部"", ""信息管理部"", ""智能创新部"", ""数据应用管理部"", ""总行"", ""数据治理部"", """", ""上海开发测试中心"", ""苏州开发测试中心"", ""产品发展部"", ""业务发展部"", ""创新业务部"", ""计划管理部"", ""供应链金融部"", ""风险内控部"", ""资产负债管理部"", ""债券交易部""]",稳定协作型 & 数据支持驱动,"[""邮件收发量全年分布均匀，'业务需求与开发'、'数据测试与验证'、'数据咨询与排查'是最高频的邮件类型，构成核心工作流。"", ""邮件主题'常使用标签标注优先级和类型，如‘会议邀请’、‘请确认’、‘重要’等'，体现了规范的邮件管理和高效的沟通习惯。"", ""工作重心随季度变化：Q1-Q2聚焦于核心数据系统（UDAS、掌上行）及对公、普惠业务；Q3-Q4转向科创、郊区金融及机构改革等战略领域。"", ""作为数据支持核心，沟通网络广泛，跨部门协作频繁，持续为业务决策提供数据支持。""]",向治蓉是信息统计部的员工，承担着重要的数据管理与应用支持工作。邮件收发数量全年保持稳定，'业务需求与开发'、'数据测试与验证'和'数据咨询与排查'是三大核心邮件类型，显示其工作以响应业务需求、保障数据质量为核心。邮件主题'清晰明确，常使用标签标注优先级和类型，如‘会议邀请’、‘请确认’、‘重要’等'，沟通风格专业且注重时效。全年关键词高度聚焦于'UDAS'、'掌上行'、'对公'、'数据'、'普惠'、'科创'、'郊区'等，表明其工作紧密围绕核心数据系统、对公业务、普惠金融以及科创与郊区金融等战略领域展开。从季度看，工作重心从上半年支持基础业务和系统（对公、普惠、UDAS），逐步转向下半年支持战略业务和机构（科创、郊区金融、机构改革），积极响应业务战略变化。作为数据支持枢纽，其沟通网络广泛，与对公、普惠、科创、郊区支行等多个业务条线及机构联系紧密，在跨部门协作中表现积极。总体而言，向治蓉是一名业务理解深刻、数据处理能力强、工作细致负责、协作意识良好的数据支持专家，为业务决策提供了可靠的数据支撑。建议可'进一步加强在数据产品设计和业务赋能方面的深度思考'，并'在复杂事项中提前明确关键节点和责任人'以优化协作效率。,,,,,,,,,,,,82.0,4.0,信息统计部,管理信息应用组,73.10111111,,,,,,,,,,3.0,,女员工、研究生学历、校招生、工龄成长型、无深夜加班、学习活跃、知识库活跃、协作型工作风格、跨部门广泛协作、部门_信息统计部、测试工程、数据治理、对公业务、零售业务,,数据治理与合规、系统测试与投产、项目管理与需求、业务系统建设
171,张海濛,信息统计部,管理信息组,女,4.0,研究生,南加州大学,,,,1,数据分析,校园招聘,,,,,12,17,1.0,,,1.14143898,0.0,24.0,33.0,4.0,0.0,0,0,0,0,0,0,,,,,,,,,,2025.0,信息统计部,"{""其他"": 76, ""会议与协调"": 128, ""产品与客户分析"": 143, ""数据需求与开发"": 87, ""监管报送与合规"": 95, ""系统与模型验证"": 162, ""科技金融数据治理"": 185}","[""向治蓉"", ""胡雯"", ""郭庆睿"", ""贺文军"", ""骆静龙"", ""姚志环"", ""周林心"", ""王晓璇"", ""吴越"", ""王素雅"", ""陈笑轩"", ""胡楚"", ""王新"", ""曹婕"", ""姚蜜"", ""曾世杰"", ""王正超"", ""于正文"", ""李虎"", ""张雅淇""]","[""数据开发部"", ""信息统计部"", ""数据平台部"", ""综合管理部"", ""信息管理部"", ""智能创新部"", ""数据治理部"", ""总行"", ""数据应用管理部"", """", ""科创金融部"", ""苏州开发测试中心"", ""上海开发测试中心"", ""计划管理部"", ""创新业务部"", ""风险内控部"", ""资产负债管理部"", ""产品发展部"", ""行长室"", ""绿色金融部""]",高度聚焦&任务驱动,"[""邮件主题高度集中于‘科技贷款’、‘数据’、‘对公’、‘掌上行’、‘模型’等核心业务与技术词汇，全年保持高强度专业输出。"", ""工作内容随季度深化，从一季度的‘科技金融’、‘贷款’基础，到二、三季度的‘科技贷款’、‘治理’、‘分析’、‘画像’深化，四季度拓展至‘存款’、‘利率’、‘票据’等更广泛业务领域。"", ""邮件撰写‘规范严谨’，‘常使用标准化标签进行分类’，体现了系统性的工作习惯与良好的文档管理。"", ""沟通风格‘以任务驱动为主’，‘注重跨部门协作与问题闭环’，在‘会议协调与需求对接中表现主动’。""]",张海濛是信息统计部的员工。邮件收发内容高度聚焦于‘科技金融数据治理’、‘系统与模型验证’、‘产品与客户分析’及‘会议与协调’，表明其承担科技金融数据治理与产品分析的核心职责，工作贯穿从数据源头到业务应用的全链条。关键词云显示，全年工作核心围绕‘科技贷款’、‘数据’、‘对公’、‘掌上行’、‘模型’、‘客户’、‘口径’、‘需求’、‘明细’等展开，季度间主题从治理验证向深度分析与业务拓展（如存款、利率、票据）演进。邮件撰写‘规范严谨’，‘常使用标准化标签进行分类’，沟通风格‘以任务驱动为主’，‘注重跨部门协作与问题闭环’。优势在于‘对复杂数据口径的深刻理解’、‘对监管要求的敏锐把握’以及‘将业务需求转化为数据解决方案的能力’。是科技金融数据领域的关键骨干，专业扎实、责任心强。建议‘可进一步强化前瞻性分析能力’并‘适当优化沟通策略，提升在非结构化场景下的灵活性与影响力’。,,,,,,,,,,,,64.0,7.0,信息统计部,管理信息应用组,88.45888889,,,,,,,,,,3.0,,女员工、研究生学历、校招生、工龄成长型、无深夜加班、学习活跃、内训讲师、知识库活跃、会议达人、邮件数据开发型、跨部门广泛协作、部门_信息统计部、数据治理、对公业务,,数据治理与合规、BI与数据分析、业务系统建设
172,胡楚,信息统计部,管理信息组,女,4.0,研究生,乔治亚理工学院,,,,1,数据分析,校园招聘,,,,,14,9,,,,1.30510929,0.0,24.0,29.0,7.0,1.0,0,2,0,0,0,0,,,,,,,,,,2025.0,信息统计部,"{""其他"": 60, ""风险数据分析"": 120, ""会议与沟通协调"": 85, ""数据治理与质量"": 55, ""机构改革与调整"": 45, ""系统与项目管理"": 95, ""需求与审批流程"": 70}","[""梅苏源"", ""郭庆睿"", ""贺文军"", ""向治蓉"", ""张海濛"", ""王晓璇"", ""骆静龙"", ""杨青"", ""姚蜜"", ""马富强"", ""张雅淇"", ""曾世杰"", ""胡雯"", ""王素雅"", ""黄澜"", ""钱磊"", ""顾恺"", ""胡承萱"", ""宋晓迪"", ""林幸""]","[""数据开发部"", ""信息统计部"", ""数据平台部"", ""信息管理部"", ""综合管理部"", ""智能创新部"", ""上海开发测试中心"", ""苏州开发测试中心"", ""数据治理部"", ""总行"", """", ""系统与数据应用部"", ""风险预警管理部"", ""架构管理部"", ""信贷与投资管理部"", ""数据中心"", ""风险内控部"", ""创新业务部"", ""数据管理与应用部"", ""数据应用管理部""]",稳健专注 & 业务驱动,"[""全年邮件主题高度集中于‘风险’、‘指标’、‘数据’、‘UDAS’、‘掌上行’等核心业务与技术词汇，工作内容连贯且深入。"", ""工作重心随季度明显转移：前三季度聚焦于‘风险监控’、‘系统需求’与‘数据分析’，第四季度则转向‘机构改革’与‘数据调整’。"", ""邮件撰写规范严谨，主题清晰，‘常使用标签分类’，体现出良好的文档管理意识。"", ""沟通风格积极主动，频繁参与‘会议协调与需求讨论’，能够有效推动项目进展。""]",胡楚是信息统计部的员工。邮件收发类型以‘风险数据分析’（120封）和‘系统与项目管理’（95封）为主，辅以大量‘会议与沟通协调’（85封），表明其核心角色是风险数据支持专家与项目协作者。全年关键词演变清晰：前三季度高频词‘风险’、‘掌上行’、‘UDAS’、‘指标’、‘数据’、‘需求’、‘会议’、‘审批’凸显了其在风险监控、系统需求对接、数据分析及跨部门协作中的核心作用；第四季度‘机构’、‘改革’、‘调整’、‘树’等词频显著上升，工作重心转向支持机构改革相关的数据调整与梳理。邮件撰写‘规范严谨，邮件主题清晰，常使用标签分类’，沟通风格‘积极主动’，频繁参与‘会议协调与需求讨论’。其工作节奏稳健，但业务焦点随组织战略（如机构改革）和项目周期（如系统迭代、数据治理）而动态调整。优势在于‘对风险数据体系的熟悉度高，跨系统协作经验丰富，具备较强的执行力和责任心’。建议‘进一步深化业务知识，提升数据解读与策略建议能力，加强在复杂项目中的主导作用’。,,,,,,,,,,,,94.0,0.0,信息统计部,风险BP,113.0163889,,,,,,,,,,3.0,,女员工、研究生学历、校招生、工龄成长型、需求负责人、学习积极分子、知识库活跃、考勤全勤、专注型工作风格、跨部门广泛协作、部门_信息统计部、项目管理、数据治理、数据分析,,数据治理与合规、项目管理与需求、BI与数据分析、业务系统建设
173,王晓璇,信息统计部,管理信息组,女,4.0,研究生,南开大学,,,,1,数据分析,校园招聘,,工会会员代表,,23最佳合作服务奖,12,1,,,,2.977231183,1.0,1.0,19.0,33.0,9.0,1,0,0,0,0,0,,,,,,,,,,2025.0,信息统计部,"{""其他"": 156, ""五篇大文章"": 98, ""会议与通知"": 168, ""需求与开发"": 142, ""KPI与考核指标"": 280, ""金融业务支持"": 85, ""数据治理与统计"": 195, ""机构改革与调整"": 120}","[""郭庆睿"", ""胡雯"", ""姚蜜"", ""向治蓉"", ""贺文军"", ""张雅淇"", ""骆静龙"", ""张海濛"", ""胡楚"", ""王素雅"", ""姚志环"", ""林玲"", ""吴越"", ""曾世杰"", ""王纨力"", ""阮秋文"", ""顾恺"", ""王新"", ""宋晓迪"", ""王正超""]","[""数据开发部"", ""信息统计部"", ""数据平台部"", ""综合管理部"", ""信息管理部"", ""智能创新部"", ""总行"", """", ""数据治理部"", ""计划管理部"", ""上海开发测试中心"", ""苏州开发测试中心"", ""数据应用管理部"", ""绿色金融部"", ""创新业务部"", ""风险内控部"", ""消费信贷部"", ""债券交易部"", ""数据中心"", ""信贷与投资管理部""]",任务驱动&持续高压,"[""邮件主题高度集中于'KPI与考核指标'（280封）和'数据治理与统计'（195封），全年工作围绕考核与数据主线展开。"", ""工作重心随季度变化明显：<strong>一季度、二季度</strong>聚焦于KPI考核、经营指标和年初基数；<strong>三季度、四季度</strong>则显著转向'机构改革'与'机构调整'，深度参与全行重点任务。"", ""邮件撰写规范严谨，'常使用标签进行分类'，体现了良好的结构化思维与流程管理能力。"", ""沟通以事务性驱动为主，'注重数据准确性和流程合规性'，工作节奏与全行考核周期及改革进程紧密同步。""]",王晓璇是信息统计部的核心员工，工作内容高度聚焦于KPI考核指标管理、数据治理与统计分析，全年深度参与经营指标体系建设、机构改革、五篇大文章等全行重点任务。其邮件撰写规范严谨，主题明确，常使用标签进行分类，体现了良好的结构化思维。沟通风格以事务性驱动为主，注重数据准确性和流程合规性，与数据开发部、信息管理部、计划管理部等多个部门保持紧密协作。后续建议可进一步强化业务视角的解读能力，将数据结果更主动地转化为管理建议；同时可适当提升沟通的灵活性与亲和力，在跨部门协同中增强影响力。优势在于对复杂数据指标体系的深刻理解、极强的责任心和细致度，是部门在考核数据支撑领域的可靠骨干。,,,,,,,,,,,,86.0,4.0,信息统计部,管理信息应用组,108.0347222,,,,,,,,,,3.0,,女员工、研究生学历、校招生、工龄成长型、高加班、项目负责人、学习活跃、邮件高频用户、会议达人、邮件数据开发型、跨部门广泛协作、部门_信息统计部、数据开发、数据治理,,数据开发与ETL、数据治理与合规、BI与数据分析、业务系统建设
174,黄澜,信息统计部,管理信息组,女,5.0,研究生,厦门大学,,,,1,数据分析,校园招聘,,,,,12,0,,,,1.595208333,0.0,24.0,23.0,1.0,4.0,0,0,0,0,0,0,,,,,,,,,,,,,,,,,,,,,,,,,,,,,,,,,,,,,,,,,,,4.0,,女员工、研究生学历、校招生、工龄成长型、中加班、学习活跃、部门_信息统计部,,未识别
175,曾世杰,信息统计部,管理信息组,男,1.0,研究生,华东师范大学,,,,1,数据分析,校园招聘,,,,23、24最佳新人,13,9,,,,1.94069224,1.0,22.0,21.0,8.0,12.0,0,0,0,0,0,0,,,,,,,,,,2025.0,信息统计部,"{""其他"": 110, ""党建工作"": 40, ""会议与通知"": 120, ""系统功能优化"": 95, ""定价与利率管理"": 85, ""数据报表与分析"": 210, ""项目与需求管理"": 180}","[""王素雅"", ""郭庆睿"", ""贺文军"", ""姚蜜"", ""向治蓉"", ""张海濛"", ""王晓璇"", ""胡雯"", ""胡楚"", ""黄澜"", ""宋晓迪"", ""李虎"", ""魏佳翔"", ""张雅淇"", ""梅苏源"", ""陈笑轩"", ""李瑞敏"", ""汪乐乐"", ""陆应佳玥"", ""骆静龙""]","[""信息统计部"", ""数据开发部"", ""数据平台部"", ""信息管理部"", ""综合管理部"", ""智能创新部"", ""数据治理部"", ""总行"", """", ""资产负债管理部"", ""苏州开发测试中心"", ""上海开发测试中心"", ""风险内控部"", ""信贷与投资管理部"", ""创新业务部"", ""债券交易部"", ""数据管理与应用部"", ""计划管理部"", ""清算部"", ""政府金融部""]",持续专注 & 项目驱动,"[""邮件总量全年保持高位，其中‘数据报表与分析’类邮件最多，达210封，其次是‘项目与需求管理’（180封）和‘会议与通知’（120封），体现了其核心职责为数据支持与项目管理。"", ""关键词频率显示，工作节奏围绕‘掌上行’、‘定价’、‘作战室’等核心项目和数据产品，且全年保持高度关注，表明工作具有持续性和深度。"", ""工作重心随季度演进：从一季度的‘定价’、‘归因’、‘同业活期’，到二季度增加‘对公’、‘集中度’，三季度转向‘智能问数’、‘支行行长’、‘简报’，四季度则聚焦‘UDAS’、‘智能问数’、‘运营’和‘贷款’，反映出项目重点的阶段性转移。"", ""沟通风格务实高效，邮件主题明确、条理清晰，常附详细文档或数据文件，体现出严谨细致的工作习惯。""]",曾世杰是信息统计部的核心成员，工作内容高度聚焦于数据应用与系统优化领域，深度参与掌上行、UDAS、智能问数等关键数据平台的建设与运营。其工作展现出强烈的业务驱动和技术落地相结合的特点，主要围绕经营分析、定价管理、信贷资源配置等核心业务场景，提供数据报表、监测看板、分析模型等支持。撰写邮件时主题明确、条理清晰，常附详细文档或数据文件，体现出严谨细致的工作习惯。沟通风格务实高效，既能就具体数据问题进行深入探讨，也能协调跨部门资源推动项目进展，在需求沟通、方案设计和问题解决中扮演了关键桥梁角色。后续建议在现有扎实的业务理解基础上，进一步加强对前沿数据分析方法和大模型应用场景的探索，尝试主导一些创新性数据产品或分析方法的试点，以提升技术前瞻性和业务影响力。优势在于具备出色的业务数据化能力，能精准理解业务痛点并将其转化为可落地的数据需求，同时拥有强大的跨团队协作和项目推动力，是团队中不可或缺的业务技术复合型人才。,,,,,,,,,,,,82.0,16.0,信息统计部,管理信息应用组,68.34722222,,,,,,,,,,1.0,,男员工、研究生学历、校招生、工龄新手、中加班、学习活跃、知识库活跃、考勤问题严重、项目驱动型、专注型工作风格、会议达人、跨部门广泛协作、部门_信息统计部、AI算法、数据平台、数据分析,,AI算法与大模型、数据平台与运维、项目管理与需求、BI与数据分析、业务系统建设
176,张梦琦,信息统计部,监管数据治理组,女,4.0,研究生,大连理工大学,,,,0,监管统计,校园招聘,,,,,12,2,,,,2.203306878,1.0,8.0,29.0,19.0,7.0,0,0,0,0,0,0,,,,,,,,,,2025.0,信息统计部,"{""其他"": 120, ""EAST监管报送"": 420, ""数据治理专项"": 180, ""会议与沟通协调"": 310, ""报表与文档处理"": 290, ""数据检核与整改"": 380, ""系统与权限管理"": 150}","[""张伟亮"", ""景丞"", ""王书祥"", ""贺文军"", ""王笑丹"", ""张小天"", ""钱磊"", ""赵超"", ""张天"", ""龚毅磊"", ""李虎"", ""宋晓迪"", ""刘天扬"", ""冷娜"", ""吴小倩"", ""方晴"", ""王新"", ""杨青"", ""机构邮箱"", ""李然""]","[""信息统计部"", ""数据开发部"", ""综合管理部"", ""数据平台部"", ""信息管理部"", ""智能创新部"", """", ""上海开发测试中心"", ""数据应用管理部"", ""创新业务部"", ""系统与数据应用部"", ""苏州开发测试中心"", ""数据治理部"", ""总行"", ""风险预警管理部"", ""风险内控部"", ""业务发展部"", ""信贷与投资管理部"", ""消费信贷部"", ""债券交易部""]",高负荷&监管驱动,"[""邮件收发总量全年保持高位，'EAST监管报送'与'数据检核与整改'为核心工作，占比超过50%。"", ""工作节奏持续紧张，各季度高频关键词'EAST'、'检核'、'整改'、'问题'、'验证'贯穿全年，显示持续的数据质量监控与整改压力。"", ""邮件主题常使用标准化标签（如'【催办】'、'【会议通知】'）进行优先级管理，体现严谨的流程意识与对时效性的高要求。"", ""工作重心随季度略有演变：一、二季度聚焦'报送'、'检核'、'整改'等执行环节；三、四季度'治理'、'智汇'、'三划'等顶层规划与专项工作词频显著上升，显示工作向系统性治理深化。""]",张梦琦是信息统计部中专注于监管数据报送与治理的核心成员。邮件收发高度聚焦于'EAST监管报送'与'数据检核与整改'，工作内容围绕EAST系统数据质量检核、问题整改验证及报送流程管理全链条展开。沟通风格以事务性驱动为主，邮件主题清晰明确，善于使用标准化标签进行优先级管理，并注重通过会议纪要和清单推动跨部门（如与'分行'、'科技'部门）协调与问题闭环。关键词云显示，其工作节奏全年紧张，'EAST'、'检核'、'整改'、'问题'是贯穿始终的核心，工作重心从上半年侧重具体'报送'、'检核'执行，逐步向下半年深化'治理'、参与'智汇'、'三划'等专项规划演进。优势在于对监管报送细节把控力强，抗压能力和责任心优秀。建议在保持高效执行的同时，可加强将零散问题归纳为系统性解决方案的能力，并适当提升沟通中的灵活性与亲和力。,,,,,,,,,,,,82.0,10.0,信息统计部,监管数据治理组,115.4213889,,,,,,,,,,3.0,,女员工、研究生学历、校招生、工龄成长型、中加班、学习活跃、考勤需关注、高强度工作、监管驱动型、邮件高频用户、会议达人、邮件数据开发型、跨部门广泛协作、部门_信息统计部、征信合规、数据治理、文档流程,,数据治理与合规
177,王笑丹,信息统计部,监管数据治理组,女,9.0,研究生,东华大学,,,,0,监管统计,社会招聘,,,,,12,4,,,,1.571728395,0.0,9.0,42.0,10.0,2.0,0,0,0,0,0,0,,,,,,,,,,2025.0,信息统计部,"{""其他"": 60, ""会议与通知"": 90, ""业务咨询与支持"": 120, ""文档与材料提交"": 40, ""测试与需求评审"": 150, ""系统权限与操作"": 50, ""数据质量问题整改"": 190, ""监管数据报送与治理"": 280}","[""张伟亮"", ""景丞"", ""张梦琦"", ""王书祥"", ""钱磊"", ""刘智超"", ""龚毅磊"", ""张小天"", ""李虎"", ""顾鑫羱"", ""赖成"", ""赵超"", ""贺文军"", ""杨青"", ""董烜"", ""王语然"", ""张杨"", ""顾恺"", ""舒文宇"", ""袁凯""]","[""信息统计部"", ""数据开发部"", ""综合管理部"", ""数据平台部"", ""信息管理部"", ""上海开发测试中心"", ""智能创新部"", ""数据应用管理部"", ""消费信贷部"", """", ""苏州开发测试中心"", ""创新业务部"", ""数据治理部"", ""总行"", ""业务发展部"", ""风险内控部"", ""负债管理部"", ""数据与系统应用管理部"", ""开发协调部"", ""债券交易部""]",强监管报送周期驱动,"[""邮件工作高度集中于'监管数据报送与治理'和'数据质量问题整改'两大核心任务，合计占比超过总邮件量的50%。"", ""工作节奏与监管报送期次（如'1231'、'0331'、'0630'、'1031'）紧密绑定，每个季度末及报送截止日前为沟通高峰期。"", ""沟通网络以跨团队技术协作为主，与'业务'、'开发'、'分行'等多方频繁进行'口径确认'与'问题'排查。"", ""全年关键词'EAST'、'报送'、'数据'、'问题'、'口径'、'测试'、'检核'、'整改'、'个人信贷'、'借据'贯穿始终，体现了工作的高度聚焦与延续性。""]",王笑丹是信息统计部专注于监管数据报送与治理的核心员工。邮件收发高度聚焦于'EAST'等监管数据体系的'报送'支持、'数据''问题''整改'、'口径''确认'与'测试'验证，展现出极强的专业领域深度。邮件撰写规范严谨，主题清晰标注问题编号、期次、产品与具体字段，便于跟踪与协作。沟通风格以事务性驱动为主，注重问题描述的具体性与解决方案的针对性，频繁与'业务'、'开发'、'分行'等多方进行技术细节对齐，体现了出色的跨团队协调能力。工作节奏紧密跟随监管报送周期（如'1231'、'0331'、'0630'、'1031'），全年负荷稳定且较高。优势在于对复杂监管数据逻辑的扎实掌握、细致的问题排查能力与高度的责任心，是保障数据报送合规性的关键支柱。建议可进一步提炼共性方法论，推动流程优化与知识沉淀，并适当加强前瞻性风险预警。,,,,,,,,,,,,90.0,1.0,信息统计部,监管数据治理组,64.17888889,,,,,,,,,,8.0,,女员工、研究生学历、社招员工、工龄中坚、中加班、学习活跃、知识库活跃、考勤良好、跨部门广泛协作、部门_信息统计部、征信合规、测试工程,,数据治理与合规、系统测试与投产、风险模型与反欺诈、运维与技术支持
178,李虎,信息统计部,监管数据治理组,男,3.0,研究生,中南财经政法大学,,,,0,监管统计,校园招聘,,,,,10,15,,,,1.221541667,0.0,13.0,44.0,3.0,0.0,0,0,0,0,0,0,,,,,,,,,,2025.0,信息统计部,"{""其他"": 50, ""内部管理与运营支持"": 70, ""合规风险与问题排查"": 120, ""监管报送与数据治理"": 220, ""科技金融与创新业务"": 95, ""系统测试与数据验证"": 85, ""项目沟通与会议协调"": 180}","[""张伟亮"", ""景丞"", ""钱磊"", ""王笑丹"", ""龚毅磊"", ""贺文军"", ""杨青"", ""张小天"", ""王亮"", ""张梦琦"", ""姚志环"", ""李然"", ""王新"", ""窦博文"", ""顾恺"", ""林幸"", ""张杨"", ""胡承萱"", ""宋晓迪"", ""田振宇""]","[""数据开发部"", ""信息统计部"", ""数据平台部"", ""综合管理部"", ""信息管理部"", ""上海开发测试中心"", ""智能创新部"", """", ""苏州开发测试中心"", ""数据治理部"", ""总行"", ""创新业务部"", ""系统与数据应用部"", ""数据应用管理部"", ""风险内控部"", ""架构管理部"", ""信贷与投资管理部"", ""消费信贷部"", ""科创金融部"", ""计量与应用部""]",战略驱动 & 合规导向,"[""邮件主题高度聚焦于'监管报送'、'数据治理'与'项目沟通'，显示其工作以合规与战略执行为核心。"", ""工作重心随监管政策和行内战略（如'五篇大文章'、'科技金融'、'智能问数'）动态调整，从一季度的'EAST报送'转向四季度的'数据赋能'。"", ""'会议'、'问题'、'需求'、'报告'等词贯穿全年，表明其工作节奏由频繁的跨部门协作、问题排查与定期汇报驱动。"", ""邮件撰写规范，'常使用标签进行分类'，体现了结构化、可追溯的沟通习惯。""]",李虎是信息统计部的员工。邮件收发数量全年保持高位，核心工作围绕‘监管报送与数据治理’、‘项目沟通与会议协调’及‘合规风险与问题排查’展开，显示出其在监管合规与数据治理领域的核心职责。邮件主题高度聚焦于‘EAST’、‘数据治理’、‘科技贷款’、‘普惠’、‘五篇大文章’及‘智能问数’等词汇，表明其工作紧密跟随监管政策与行内重点战略，并逐步从基础报送向数据赋能业务（如‘经营简报’、‘营收测算’）深化。全年‘会议’、‘问题’、‘需求’、‘报告’等词频繁出现，反映出其工作节奏由高频的跨部门协作、问题解决与定期汇报驱动。沟通风格以‘事务性、协作性为主’，‘邮件撰写规范，主题清晰，常使用标签进行分类’。工作网络广泛，因其承担监管报送、数据治理及科技金融项目协调职责，与行内涉及合规、科技、信贷及业务条线的多个部门联系紧密。总体而言，李虎是一名专业扎实、细致严谨、具备系统性合规与数据治理视野、且拥有较强项目推动与跨团队协作能力的骨干员工。优势在于‘对监管合规与数据治理有系统性的把握，工作细致扎实’。建议‘可进一步强化在数据赋能业务、智能化应用方面的深度探索，将数据治理成果更有效地转化为业务价值’。,,,,,,,,,,,,70.0,8.0,信息统计部,风险BP,54.90861111,,,,,,,,,,2.0,,男员工、研究生学历、校招生、工龄成长型、无深夜加班、学习活跃、知识库活跃、考勤需关注、会议达人、邮件运维支持型、邮件数据开发型、跨部门广泛协作、部门_信息统计部、征信合规、项目管理、数据治理、零售业务,,AI算法与大模型、数据治理与合规、项目管理与需求、业务系统建设、运维与技术支持
179,张小天,信息统计部,监管数据治理组,女,3.0,研究生,中南财经政法大学,,,,0,监管统计,校园招聘,,,,23最佳新人,13,1,,,,1.473767921,0.0,10.0,42.0,10.0,0.0,0,0,0,0,0,0,,,,,,,,,,,,,,,,,,,,,,,,,,,,,,,,,,,,,,,,,,,2.0,,女员工、研究生学历、校招生、工龄成长型、无深夜加班、学习活跃、部门_信息统计部,,未识别
180,方晴,信息统计部,监管数据治理组,女,3.0,研究生,西安交通大学,,,,2,监管统计,校园招聘,,,,,11,1,,,,1.625314815,0.0,12.0,34.0,14.0,0.0,0,0,0,0,0,0,,,,,,,,,,,,,,,,,,,,,,,,,,,,,,,,,,,,,,,,,,,2.0,,女员工、研究生学历、校招生、工龄成长型、中加班、无深夜加班、学习活跃、部门_信息统计部、岗位经历丰富,,未识别
181,刘智超,信息统计部,监管数据治理组,,,研究生,华东理工大学,,,,3,监管统计,校园招聘,,,,,1,0,,,,1.122606481,0.0,30.0,24.0,6.0,0.0,0,0,0,0,0,0,,,,,,,,,,2025.0,信息统计部,"{""其他"": 50, ""会议与通知"": 120, ""测试与评审"": 70, ""业务咨询与协助"": 150, ""党建与行政事务"": 40, ""需求与流程管理"": 95, ""数据核对与口径确认"": 180, ""监管报送与数据治理"": 220}","[""张伟亮"", ""王笑丹"", ""景丞"", ""钱磊"", ""胡杨小雪"", ""王嘉骏"", ""董烜"", ""蓝皎凤"", ""李鹏程"", ""房君锋"", ""杨青"", ""王书祥"", ""顾鑫羱"", ""余晓"", ""赖成"", ""刘旭"", ""杨自立"", ""章磊"", ""李乐舒"", ""杨简川""]","[""信息统计部"", ""数据开发部"", ""消费信贷部"", ""风险内控部"", ""上海开发测试中心"", ""综合管理部"", ""住房信贷部"", """", ""苏州开发测试中心"", ""数据平台部"", ""信息管理部"", ""数据应用管理部"", ""智能创新部"", ""创新业务部"", ""业务发展部"", ""数据治理部"", ""零售业务部"", ""架构管理部"", ""总行"", ""远程银行中心""]",监管驱动&高密度协作,"[""邮件主题高度集中于'监管报送与数据治理'及'数据核对与口径确认'，合计占比超过总邮件量的<strong>60%</strong>，是全年工作的绝对核心。"", ""关键词热度显示，工作节奏与监管报送周期紧密绑定，'EAST'、'监管报送'、'数据'等词全年高频出现，'差异'、'口径'、'确认'在二、三季度尤为突出，反映数据核对与问题解决的集中期。"", ""工作网络以跨部门协作为主，与'零售业务部'及外部'老师'（监管或外部专家）联系紧密，'业务咨询与协助'类邮件数量可观。"", ""邮件沟通风格严谨、闭环，'请协助'、'请确认'等措辞频繁，体现出高度的责任心和协作导向。""]",刘智超是信息统计部的员工，承担核心的数据治理与监管报送支持工作。2025年邮件收发高度集中于'监管报送与数据治理'与'数据核对与口径确认'，合计占比超60%，工作内容聚焦于EAST等监管数据报送的核对、口径确认、差异分析与问题解决。关键词云显示，全年工作围绕'EAST'、'数据'、'口径'、'确认'、'差异'等核心词展开，二、三季度是数据核对与问题解决的高峰期。工作网络紧密围绕跨部门协作展开，与'零售业务部'及外部'老师'（监管或外部专家）沟通频繁，'业务咨询与协助'类邮件数量突出。邮件沟通风格专业、严谨、注重闭环，频繁使用'请协助'、'请确认'等措辞。总体而言，刘智超是一名专业性强、责任心重、协作能力突出的数据质量专家，是团队中可靠的'数据质量守门人'。建议可进一步加强对业务背景的深入理解，提升在复杂数据问题中的主动分析和解决方案设计能力。,,,,,,,,,,,,86.0,1.0,信息统计部,监管数据治理组,39.11444444,,,,,,,,,,,,研究生学历、校招生、无深夜加班、考勤良好、监管驱动型、协作型工作风格、会议达人、邮件数据开发型、跨部门广泛协作、部门_信息统计部、岗位经历丰富、征信合规、数据治理、零售业务,,数据治理与合规、项目管理与需求、业务系统建设
182,严彬华,信息统计部,监管统计组,女,24.0,大学本科,同济大学,,,,1,监管统计,校园招聘,,,,,7,4,,,,1.773081597,0.0,9.0,36.0,16.0,3.0,0,0,0,0,0,0,,,,,,,,,,2025.0,信息统计部,"{""其他"": 180, ""监管报表报送"": 450, ""会议与沟通协调"": 380, ""制度与口径管理"": 280, ""合并报表与并表"": 190, ""数据质量与自查"": 320, ""系统与技术支持"": 210, ""资本充足率与风险管理"": 260}","[""李亦佳"", ""贺文军"", ""王新"", ""李然"", ""周逸晨"", ""康冉"", ""宋晓迪"", ""张伟亮"", ""机构邮箱"", ""陈倩"", ""赵超"", ""周静"", ""徐陶然"", ""张梦琦"", ""张小天"", ""顾小萍"", ""王书祥"", ""方晴"", ""顾恺"", ""李虎""]","[""信息统计部"", ""数据开发部"", ""数据平台部"", ""综合管理部"", ""信息管理部"", ""智能创新部"", """", ""数据治理部"", ""总行"", ""创新业务部"", ""风险内控部"", ""上海开发测试中心"", ""系统与数据应用部"", ""债券交易部"", ""苏州开发测试中心"", ""资金管理部"", ""信贷与投资管理部"", ""计量与应用部"", ""单证中心"", ""会计政策部""]",高强度&周期性报送驱动,"[""邮件收发总量巨大，'会议与沟通协调'、'监管报表报送'、'数据质量与自查'为前三大邮件类型，体现核心工作为跨部门协调与报送管理。"", ""工作节奏严格遵循监管报表报送周期，关键词显示各季度均围绕'1104'、'报表'、'报送'、'监管统计'等核心任务展开。"", ""'通知'、'问题'、'要求'、'分行'等词高频出现，表明工作包含大量对内（分行）对外（监管）的通知传达、问题解答与要求响应。"", ""邮件撰写'规范严谨，主题明确，常使用标准化模板和文件命名'，标签邮件（如催办、复核）使用频繁以确保工作闭环。""]",严彬华同志是信息统计部的员工，承担核心监管报送工作。邮件收发数量巨大，工作内容高度聚焦于非现场监管报表（1104）的统筹管理、制度口径维护、数据质量核查及跨部门协调，涉及资本充足率、合并报表、金融衍生品等复杂领域。全年工作节奏严格遵循监管报送周期，各季度均围绕'1104'、'报表'、'报送'、'监管统计'等核心任务展开。沟通风格'以事务性为导向，注重时效与准确'，邮件撰写规范严谨，频繁使用催办、复核等标签确保工作闭环。关键词分析显示其与'分行'联系紧密，承担了大量对内通知、问题解答与要求响应工作。'优势在于对监管要求的深刻理解、细致的数据把控能力和多任务并行处理效率'。该同志是部门监管报送工作的中坚力量，值得肯定与培养。建议可'进一步优化沟通策略，在紧急事务中增强柔性协调'；同时'加强对新兴监管领域（如五篇大文章）的前瞻性学习，提升在制度设计层面的影响力'。,,,,,,,,,,,,,1.0,信息统计部,监管统计组,65.25555556,,,,,,,,,,23.0,,女员工、本科学历、校招生、工龄资深、中加班、知识库活跃、考勤良好、高强度工作、邮件高频用户、会议达人、邮件运维支持型、跨部门广泛协作、部门_信息统计部、征信合规、数据治理、数据分析,,数据治理与合规、BI与数据分析、业务系统建设
183,周逸晨,信息统计部,监管统计组,女,10.0,大学本科,武汉大学,,,,2,监管统计,校园招聘,,,,,2,0,,,,1.554130824,0.0,23.0,25.0,10.0,4.0,0,0,0,0,0,0,,,,,,,,,,2025.0,信息统计部,"{""其他"": 94, ""会议相关"": 146, ""审核审批"": 290, ""文档存档"": 68, ""紧急催办"": 50, ""通知通告"": 72, ""数据报送与确认"": 178}","[""贺文军"", ""陈倩"", ""周静"", ""李然"", ""徐陶然"", ""王新"", ""宋晓迪"", ""张伟亮"", ""赵超"", ""邓林"", ""严彬华"", ""李亦佳"", ""沈琨为"", ""阮程涛"", ""陈锦洲"", ""郝诗凝"", ""陈静"", ""花遥"", ""卞扬"", ""吕娜""]","[""信息统计部"", ""数据开发部"", """", ""综合管理部"", ""数据平台部"", ""信息管理部"", ""营运管理部"", ""智能创新部"", ""综合管理部（安全保卫部）"", ""数据治理部"", ""总行"", ""客户经营部"", ""住房信贷部"", ""创新业务部"", ""上海开发测试中心"", ""系统与数据应用部"", ""资产负债管理部"", ""数据应用管理部"", ""苏州开发测试中心"", ""绿色金融部""]",监管驱动 & 持续高压,"[""邮件收发量全年保持高位，'审核审批'、'数据报送与确认'、'会议相关'三类核心工作邮件合计占比超过70%，显示工作以监管报送和内部流程为主，强度大且持续。"", ""紧急邮件（'紧急催办'）全年共50封，平均分布在各季度，表明工作中存在持续性的、需要快速响应的监管或跨部门协作任务。"", ""标签邮件（主题分类）使用极为规范，体现在'审核审批'、'会议通知'、'数据报送与确认'等清晰的邮件类型标签上，体现了出色的流程合规与文档管理意识。"", ""工作节奏受季度性监管报送周期驱动，关键词如'请审阅'、'报送'、'确认'在各季度均高频出现，'二季度'和'四季度'出现'需求确认'、'待各部门确认'等词，凸显跨部门协作的关键节点压力。""]",周逸晨是信息统计部的核心骨干员工。邮件收发总量巨大，核心工作高度集中于'审核审批'、'数据报送与确认'和'会议相关'，体现了其在金融监管统计报送领域的核心职责与繁重工作量。邮件撰写极为规范严谨，习惯使用主题标签进行事项分类和优先级管理。沟通风格正式、高效且注重礼节，频繁使用'请审阅'、'烦审阅'、'请惠存'等敬语。情感分析显示其沟通以事务性、推动性为主，在跨部门协作与紧急任务中展现出坚定的执行力。工作网络紧密围绕监管报送流程展开，根据邮件关键词推断，其联系最紧密的部门包括'公司部'、'四部门'（可能指其他业务或审核部门）以及外部监管机构如'人行'（中国人民银行），联系最紧密的同事或团队可能涉及'上海银行'相关项目的对接方。工作节奏为'监管驱动 & 持续高压'，全年各季度均面临高强度审核与报送任务，'二季度'和'四季度'的跨部门'确认'需求尤为突出。总体而言，周逸晨是一名责任心强、细节把控精准、能高效处理多线紧急任务的专业骨干。优势在于对监管制度的深刻理解和出色的流程合规意识。提升方向可侧重于从高效执行者向流程优化建议者转变，并加强系统性分析与前瞻规划能力。,,,,,,,,,,,,,1.0,信息统计部,监管统计组,92.37444444,,,,,,,,,,9.0,,女员工、本科学历、校招生、工龄中坚、中加班、考勤良好、监管驱动型、会议达人、邮件流程审批型、跨部门广泛协作、部门_信息统计部、岗位经历丰富、征信合规,,数据治理与合规
184,李亦佳,信息统计部,监管统计组,女,6.0,大学本科,哈尔滨工程大学,,,,1,监管统计,校园招聘,,,,,5,0,,,,1.22953853,0.0,38.0,11.0,8.0,5.0,0,0,0,0,0,0,,,,,,,,,,2025.0,信息统计部,"{""其他"": 520, ""会议与沟通"": 320, ""审计与合规"": 280, ""跨部门协作"": 450, ""监管报表报送"": 1200, ""制度更新与培训"": 300, ""数据收集与核对"": 850, ""问题排查与处理"": 380}","[""严彬华"", ""贺文军"", ""王新"", ""康冉"", ""机构邮箱"", ""李然"", ""宋晓迪"", ""周逸晨"", ""陈倩"", ""张伟亮"", ""赵超"", ""周静"", ""徐陶然"", ""张梦琦"", ""张小天"", ""王书祥"", ""顾恺"", ""杨晓彦"", ""胡超亭"", ""钱磊""]","[""信息统计部"", ""数据开发部"", ""综合管理部"", ""数据平台部"", ""信息管理部"", """", ""智能创新部"", ""数据治理部"", ""总行"", ""系统与数据应用部"", ""资金管理部"", ""数据应用管理部"", ""创新业务部"", ""风险内控部"", ""计量与应用部"", ""上海开发测试中心"", ""资产负债管理部"", ""消费信贷部"", ""单证中心"", ""会计政策部""]",监管驱动 & 季度递增,"[""邮件收发量随季度递升，在<strong>四季度</strong>达到峰值，显示年底报送压力最大。"", ""工作内容高度聚焦于'监管报表报送'，占邮件总量的主导地位。"", ""邮件中'提醒'、'复核'、'催办'等标签词频繁出现，体现了对时效和准确性的高要求。"", ""工作节奏与监管报表报送周期（月报、季报、年报）紧密绑定，呈现出明显的周期性高压特征。""]",李亦佳是信息统计部的员工。邮件收发数量全年保持高位，且呈现季度性递增趋势，在四季度达到峰值，显示出监管报送工作年底冲刺的高强度特征。邮件主题高度集中在'1104'、'G01'、'监管'、'报表'、'报送'等词汇，表明其核心工作围绕各类监管报表（如1104、G01、G04、G13系列）的数据收集、核对、报送与复核展开。全年'数据'、'复核'、'校验'、'跨期'、'资本充足率'等词频繁出现，反映出其工作对数据准确性、流程合规性及核心监管指标的强关注。从季度看，工作重心持续聚焦于核心监管报表，但'月报'、'季报'等词的出现频率随报送周期变化，体现了严格遵循监管时间表的工作模式。邮件撰写规范，'常使用标准化标签（如‘请审阅’‘催办’‘以此为准’）来区分优先级和版本'，体现了良好的文档管理和风险意识。沟通风格'直接高效'，善于通过邮件协调资源，但'在紧急事项上略显急促'。总体而言，李亦佳是一名具备扎实监管统计知识、责任心强、能承受高压、工作严谨细致的业务骨干，是部门中不可或缺的核心力量。建议'可进一步优化时间管理，减少非工作时段邮件处理压力'并'在跨部门沟通中可更多采用会议或电话等即时沟通方式，提升协作效率'。,,,,,,,,,,,,98.0,12.0,信息统计部,监管统计组,70.59694444,,,,,,,,,,5.0,,女员工、本科学历、校招生、工龄中坚、考勤需关注、监管驱动型、邮件高频用户、会议达人、邮件运维支持型、跨部门广泛协作、部门_信息统计部、征信合规、数据分析、文档流程,,数据平台与运维、数据治理与合规、BI与数据分析
185,陈倩,信息统计部,监管统计组,女,9.0,大学本科,华东政法大学,,,,2,监管统计,校园招聘,,,,,1,0,,,,1.512625448,0.0,28.0,17.0,12.0,5.0,0,0,0,0,0,0,,,,,,,,,,2025.0,信息统计部,"{""其他"": 400, ""监管统计报送"": 850, ""会议与培训通知"": 180, ""内部协调与沟通"": 300, ""制度与流程管理"": 150, ""数据提供与核对"": 720, ""技术支持与系统问题"": 120}","[""周逸晨"", ""贺文军"", ""周静"", ""李然"", ""宋晓迪"", ""徐陶然"", ""王新"", ""邓林"", ""赵超"", ""张伟亮"", ""李亦佳"", ""严彬华"", ""陈静"", ""陈锦洲"", ""阮程涛"", ""沈琨为"", ""卞扬"", ""花遥"", ""朱铖"", ""郝诗凝""]","[""信息统计部"", ""数据开发部"", """", ""综合管理部"", ""数据平台部"", ""信息管理部"", ""营运管理部"", ""智能创新部"", ""综合管理部（安全保卫部）"", ""数据治理部"", ""总行"", ""客户经营部"", ""住房信贷部"", ""资产负债管理部"", ""创新业务部"", ""市场三部"", ""上海开发测试中心"", ""苏州开发测试中心"", ""风险管理部"", ""系统与数据应用部""]",高强度&监管驱动,"[""邮件收发总量巨大，工作负荷极高，显示全年处于高强度工作状态。"", ""邮件主题显示工作重心高度集中于‘监管统计报送’和‘数据提供与核对’，这两类邮件合计占比超过总邮件的60%。"", ""从季度关键词频次看，核心工作指标（如‘房地产开发贷款’、‘月报’）的提及次数逐季度稳步上升，显示工作量和复杂度随季度递增。"", ""邮件收发时间分布显示其‘常在工作时间之外处理事务’，工作投入度极高。"", ""邮件中频繁使用‘急’、‘催办’、‘以此为准’等标签，体现了对时效性和准确性的严格要求。""]",陈倩是信息统计部的员工。邮件收发数量全年保持极高水平，工作节奏紧凑且强度大。邮件主题高度集中在‘房地产开发贷款’、‘月报’、‘金融机构存贷款’、‘人行报表’等词汇，表明其核心工作围绕金融监管统计、数据报送与核对展开。全年‘提供’、‘数据’、‘审阅’、‘协助’、‘报送’等词频繁出现，反映出其岗位在数据提供、内容审核、跨部门协作及监管报送方面的强关联性。从季度看，各核心业务关键词的提及频次均呈现逐季度稳步增长的态势，显示其工作量与工作重心随监管周期持续深化。沟通网络方面，根据总结描述，其‘频繁对接人行、统计局等外部监管机构及行内各部门’，表明其工作网络覆盖外部监管机构（如人行、统计局）以及行内多个业务和职能部门。邮件撰写规范，‘常使用“请审阅”、“请协助提供”、“请惠存”等规范用语’，并‘注重通过标签（如“急”、“催办”、“以此为准”）标注紧急程度与版本状态’。沟通风格‘以任务驱动为主，邮件内容直接、务实’，同时‘频繁使用“谢谢”、“烦请”、“烦审阅”等礼貌性措辞’，体现了高效、严谨且保持良好协作态度的沟通风格。总体而言，陈倩是一名专业扎实、严谨细致、抗压能力强、能处理多线程任务的业务骨干，对监管统计要求理解深入，是部门中不可或缺的核心成员。建议可‘进一步优化部分高频、重复性工作的流程化与自动化水平’，并在‘跨部门复杂数据口径协调中，可尝试推动建立更常态化的沟通机制’。,,,,,,,,,,,,,8.0,信息统计部,监管统计组,68.97972222,,,,,,,,,,8.0,,女员工、本科学历、校招生、工龄中坚、中加班、考勤需关注、高强度工作、监管驱动型、邮件高频用户、会议达人、邮件运维支持型、跨部门广泛协作、部门_信息统计部、岗位经历丰富、征信合规、数据分析,,数据治理与合规、BI与数据分析
186,赵超,信息统计部,监管统计组,男,5.0,研究生,香港城市大学,,,,0,监管统计,社会招聘,,,,,19,0,,,,3.005467372,1.0,1.0,12.0,38.0,12.0,1,0,0,0,0,0,,,,,,,,,,2025.0,信息统计部,"{""其他"": 38, ""技术支持"": 45, ""数据治理"": 95, ""监管报送"": 120, ""会议与沟通"": 52, ""制度与流程"": 65, ""报表与统计"": 88}","[""张伟亮"", ""贺文军"", ""徐陶然"", ""李然"", ""王书祥"", ""张梦琦"", ""景丞"", ""王新"", ""宋晓迪"", ""王笑丹"", ""龚毅磊"", ""刘梦颖"", ""周逸晨"", ""钱磊"", ""张小天"", ""陈倩"", ""周静"", ""方晴"", ""严彬华"", ""机构邮箱""]","[""信息统计部"", ""数据开发部"", ""数据平台部"", ""综合管理部"", ""信息管理部"", ""智能创新部"", """", ""上海开发测试中心"", ""数据治理部"", ""总行"", ""苏州开发测试中心"", ""创新业务部"", ""系统与数据应用部"", ""数据应用管理部"", ""风险内控部"", ""债券交易部"", ""信贷与投资管理部"", ""数据与系统应用管理部"", ""资产负债管理部"", ""计量与应用部""]",高负荷&监管驱动,"[""邮件收发量全年保持高位，工作强度持续且稳定。"", ""邮件主题高度集中在‘监管报送’、‘数据治理’、‘报表与统计’三大类型，合计占比超过70%，工作核心定位明确。"", ""紧急邮件（如‘报送通知’、‘校验规则’）在季度中后期（尤其是第二、三、四季度）提及频繁，与监管报送截止日期及数据校验问题解决周期相关。"", ""标签邮件使用广泛且稳定，体现了‘邮件撰写规范严谨，主题明确，常使用标签进行分类’的良好职业素养。"", ""工作重心全年围绕‘利率报备’、‘EAST’、‘一表通’、‘五篇大文章’等核心监管任务展开，季度间关键词权重变化体现了项目重点的持续深化与微调。""]",赵超是信息统计部的员工。邮件收发数量全年保持高位，显示出持续且高强度的工作节奏。邮件主题高度集中在‘利率报备’、‘监管报送’、‘EAST’、‘一表通’、‘数据收集’、‘数据治理’、‘校验规则’等词汇，表明其核心工作围绕金融监管统计的报送、数据治理、校验及报告撰写全流程展开。全年‘监管报送’、‘数据治理’、‘报表与统计’三类邮件合计占比超过70%，工作定位极其清晰。从季度看，关键词‘利率报备’始终位列第一，是贯穿全年的核心任务；‘EAST’、‘一表通’、‘五篇大文章’、‘校验规则’等词的权重从二季度开始显著提升并持续高位，反映出工作重点向复杂监管系统和数据质量校验的深化。沟通网络广泛，根据‘频繁与内外部门协作’的描述，其联系紧密的部门应涵盖内部各业务数据源部门、技术部门以及外部监管对接机构。邮件撰写规范，标签邮件使用广泛，紧急邮件（如‘报送通知’）在季度报送期（第二、三、四季度）提及较多。沟通风格以‘事务性为主，注重时效与准确性’。总体而言，赵超是一名专业扎实、责任心强、执行可靠、协作广泛的监管统计骨干，是部门应对监管要求的关键力量。建议可进一步‘优化沟通策略，在复杂项目中加强前瞻性规划与风险预判，同时注重知识沉淀与团队分享’。,,,,,,,,,,,,94.0,0.0,信息统计部,监管统计组,100.3502778,,,,,,,,,,4.0,,男员工、研究生学历、社招员工、工龄成长型、高加班、项目负责人、学习积极分子、考勤全勤、高强度工作、监管驱动型、跨部门广泛协作、部门_信息统计部、征信合规、数据治理、数据分析,,数据治理与合规、BI与数据分析、业务系统建设
187,徐陶然,信息统计部,监管统计组,女,3.0,研究生,北京师范大学,,,,0,监管统计,校园招聘,,,,感谢信1,18,0,,,,1.665564103,0.0,24.0,24.0,15.0,2.0,0,0,0,0,0,0,,,,,,,,,,2025.0,信息统计部,"{""其他"": 27, ""会议与沟通协调"": 76, ""制度与规范管理"": 38, ""技术开发与测试"": 31, ""文件与材料处理"": 63, ""问题咨询与核对"": 52, ""需求与工作量评估"": 98, ""监管报送与数据统计"": 145}","[""李然"", ""贺文军"", ""王新"", ""赵超"", ""刘梦颖"", ""周逸晨"", ""张伟亮"", ""陈倩"", ""宋晓迪"", ""钱磊"", ""周静"", ""方晴"", ""王书祥"", ""康冉"", ""张梦琦"", ""李亦佳"", ""严彬华"", ""杨青"", ""王笑丹"", ""王晓璇""]","[""信息统计部"", ""数据开发部"", ""数据平台部"", ""综合管理部"", ""信息管理部"", ""智能创新部"", """", ""上海开发测试中心"", ""数据治理部"", ""总行"", ""苏州开发测试中心"", ""系统与数据应用部"", ""数据应用管理部"", ""创新业务部"", ""风险内控部"", ""绿色金融部"", ""消费信贷部"", ""政府金融部"", ""债券交易部"", ""信贷与投资管理部""]",监管报送驱动 & 周期性核对,"[""邮件类型以‘监管报送与数据统计’（145封）为核心，占比最高，工作重心明确。"", ""工作节奏与监管报送周期强相关，关键词中频繁出现‘20250131’、‘20250331’、‘20250630’等报表截止日期。"", ""‘需求与工作量评估’（98封）、‘会议与沟通协调’（76封）邮件数量较多，表明其工作涉及大量跨部门协调与需求对接。"", ""紧急邮件（需从数据中推断，如临近报送截止日的‘核对’、‘校验’邮件）在每季度末（如3月、6月、9月、12月）应较为集中。"", ""标签邮件使用规范，如‘【FIBDS】’标签在全年各季度关键词中均高频出现，体现了清晰的工作分类习惯。""]",徐陶然是信息统计部的员工，负责监管报送与数据统计相关工作。邮件收发高度聚焦于‘监管报送与数据统计’，全年关键词稳定围绕‘FIBDS’、‘贷款’、‘数据’、‘核对’、‘报送’、‘五篇大文章’、‘绿色贷款’、‘科技贷款’等核心监管统计领域。工作节奏受监管报表周期严格驱动，每季度末（如3月、6月、9月、12月）为工作高峰，关键词中大量出现报表截止日期。邮件撰写规范，主题清晰，频繁使用‘【FIBDS】’等标签进行分类。沟通风格以事务性协调为主，措辞严谨细致，如‘烦请协助核对’、‘请确认’。从邮件类型分布看，其与提供业务数据的部门（关键词涉及‘贷款’、‘存款’、‘票据’等业务的部门）以及负责系统开发测试的部门（‘技术开发与测试’类邮件31封）联系紧密，是连接业务、科技与监管要求的关键枢纽。该员工对监管统计制度理解深入，数据敏感度高，是部门在监管合规领域的重要支撑力量。建议在复杂数据口径的跨部门讨论中，可发挥更主导的作用。,,,,,,,,,,,,86.0,13.0,信息统计部,监管统计组,83.19972222,,,,,,,,,,2.0,,女员工、研究生学历、校招生、工龄成长型、中加班、学习积极分子、考勤需关注、跨部门广泛协作、部门_信息统计部、征信合规、测试工程、应用开发、数据分析,,数据治理与合规、系统测试与投产、BI与数据分析、应用与系统开发、业务系统建设
188,周静,信息统计部,监管统计组,女,3.0,大学本科,威廉玛丽学院,,,,0,监管统计,校园招聘,,,,,8,0,,,,0.0,0.0,62.0,0.0,0.0,0.0,1,0,0,0,0,0,,,,,,,,,,2025.0,信息统计部,"{""其他"": 30, ""监管统计报送"": 280, ""会议与沟通协调"": 60, ""内部管理与行政"": 45, ""制度与标准制定"": 95, ""数据核对与处理"": 180, ""项目与采购管理"": 70}","[""贺文军"", ""周逸晨"", ""陈倩"", ""李然"", ""宋晓迪"", ""王新"", ""邓林"", ""徐陶然"", ""赵超"", ""张伟亮"", ""王蕴杰"", ""丁忆"", ""严彬华"", ""蔡佳楠"", ""沈琨为"", ""赵贞梅"", ""朱铖"", ""郝诗凝"", ""吕娜"", ""阮程涛""]","[""信息统计部"", ""数据开发部"", """", ""数据平台部"", ""综合管理部"", ""信息管理部"", ""智能创新部"", ""营运管理部"", ""综合管理部（安全保卫部）"", ""数据治理部"", ""客户经营部"", ""总行"", ""创新业务部"", ""市场三部"", ""风险内控部"", ""风险管理部"", ""国际贸易融资部"", ""上海开发测试中心"", ""苏州开发测试中心"", ""信贷与投资管理部""]",稳定节奏&周期性报送驱动,"[""邮件工作高度集中于‘监管统计报送’与‘数据核对与处理’，合计占比超过总工作量的70%。"", ""工作节奏紧密围绕监管报送周期，‘日报’、‘月报’、‘季报’是全年高频关键词，显示出规律性的报送压力。"", ""从关键词看，工作重心全年稳定，但‘科技贷款’在三四季度提及增加，显示出对新业务领域的关注。"", ""邮件撰写规范，附件说明完整，体现出严谨细致、注重流程的工作习惯。""]",周静是信息统计部的员工。邮件工作高度集中于监管统计报送与数据处理，显示出极强的专业性和规范性。沟通风格以事务性为主，注重时效与准确性，常使用‘请审阅’、‘请惠存’、‘烦协助’等礼貌用语。邮件关键词全年稳定围绕‘日报’、‘月报’、‘统计’、‘数据’、‘人行’、‘房地产开发贷款’等核心监管报送业务，显示出清晰的工作主线。从季度变化看，关键词‘科技贷款’在下半年出现并频率上升，反映出对新业务领域的关注与学习。‘谢谢’等礼貌用语的出现频率适中，体现出协作意识。整体而言，周静是一名严谨细致、责任心强、专业可靠的业务骨干，对监管统计要求理解深刻，数据处理精准。建议可在复杂数据核对与制度解读中加强主动性沟通。,,,,,,,,,,,,94.0,9.0,信息统计部,监管统计组,14.58611111,,,,,,,,,,2.0,,女员工、本科学历、校招生、工龄成长型、低加班、无深夜加班、项目负责人、学习活跃、考勤需关注、跨部门广泛协作、部门_信息统计部、征信合规,,数据治理与合规
189,胡申民,智能创新部,负责人,男,10.0,大学本科,渤海大学,科长,,,1,负责人,社会招聘,,,,,1,0,,1.0,,2.795861111,1.0,13.0,8.0,22.0,17.0,0,0,0,0,0,0,0,,,,,,,,,2025.0,智能创新部,"{""其他"": 75, ""会议与协作"": 345, ""监管与合规"": 125, ""大模型与AI应用"": 420, ""培训与人才培养"": 95, ""汇报与材料准备"": 180, ""项目与需求管理"": 280, ""技术资源与基础设施"": 110}","[""卢易"", ""吴证"", ""杨婧"", ""李焕彰"", ""杨晓彦"", ""顾恺"", ""贺文军"", ""乐洋"", ""陈超"", ""白迪"", ""单曙兵"", ""宋晓迪"", ""贾世林"", ""王友轩"", ""李响"", ""杨青"", ""于中宝"", ""于浩瀚"", ""李梦霄"", ""黄亦豪""]","[""智能创新部"", ""数据开发部"", ""数据平台部"", ""综合管理部"", ""信息管理部"", """", ""上海开发测试中心"", ""信息统计部"", ""数据治理部"", ""数据中心"", ""苏州开发测试中心"", ""线上银行部"", ""总行"", ""架构管理部"", ""债券交易部"", ""领导"", ""客户经营部"", ""远程银行中心"", ""项目管理部"", ""内控安全部""]",项目驱动 & 高协作强度,"[""邮件主题高度集中于'大模型'、'AI手机银行'、'会议'、'周报'、'需求'、'汇报'等核心项目词汇，工作节奏紧密围绕关键项目推进。"", ""从关键词趋势看，'大模型'、'AI手机银行'、'知识库'、'审阅'、'材料'等词频全年居高不下，显示持续性的项目攻坚与评审工作。"", ""邮件类型中'大模型与AI应用'占比最高，其次是'会议与协作'和'项目与需求管理'，体现了以技术创新为核心、跨部门协作为常态的工作模式。"", ""关键词'攻坚克难'在一、二季度出现，'规划'和'总结'在三、四季度出现，反映出工作节奏随项目周期从'攻坚'向'规划总结'的自然演进。""]",胡申民同志作为智能创新部的核心成员，工作聚焦于大模型与人工智能技术在银行业的应用落地，展现出高度的专业性和前瞻性。其工作内容紧密围绕AI手机银行、知识库建设、智能问数等关键项目，积极推动技术创新与业务场景结合。在撰写规范方面，邮件主题清晰明确，常用标签分类，体现了良好的文档管理习惯。沟通风格以协作导向为主，频繁参与跨部门会议与材料评审，注重信息同步与共识达成。后续建议可进一步深化技术细节的落地执行，加强项目风险管控能力，同时拓展在金融科技前沿领域的知识储备。优势在于对AI应用趋势的敏锐洞察力和较强的项目推动力，能够有效协调资源，促进团队协作，为部门的数字化转型提供了有力支撑。,,,,,,,,,,,,92.0,27.0,智能平台部,负责人,172.5755556,,,,,,,,,,9.0,,男员工、本科学历、社招员工、工龄中坚、科长、高加班、外训参与者、考勤问题严重、项目驱动型、协作型工作风格、邮件高频用户、会议达人、邮件项目管理型、邮件数据开发型、跨部门广泛协作、部门_智能创新部、AI算法、文档流程,,AI算法与大模型、数据平台与运维、项目管理与需求、业务系统建设
190,陈超,智能创新部,待定,女,7.0,研究生,东南大学,,,,0,,校园招聘,党总支组织委员,,,,2,0,2.0,,,,,,,,,0,0,0,0,0,0,适中,,,,,,,,,2025.0,智能创新部,"{""其他"": 90, ""会议与汇报材料"": 320, ""数据治理与安全"": 180, ""资源申请与采购"": 120, ""运维与技术支持"": 150, ""模型管理与AI应用"": 420, ""党建工作与组织事务"": 280, ""项目管理与攻坚克难"": 380}","[""邱玥"", ""杨陆"", ""杨柠宁"", ""陈玉"", ""顾恺"", ""白迪"", ""卢易"", ""贺文军"", ""吴证"", ""李梦霄"", ""乐洋"", ""宋晓迪"", ""李焕彰"", ""杨青"", ""单曙兵"", ""杨晓彦"", ""胡申民"", ""杨婧"", ""于浩瀚"", ""米俊文""]","[""上海开发测试中心"", ""智能创新部"", ""数据开发部"", ""苏州开发测试中心"", ""数据平台部"", ""综合管理部"", ""信息管理部"", """", ""信息统计部"", ""数据中心"", ""风险政策部"", ""数据治理部"", ""未知部门"", ""架构管理部"", ""总行"", ""内控安全部"", ""系统与数据应用部"", ""项目管理部"", ""领导"", ""风险内控部""]",战略聚焦&项目攻坚,"[""邮件总量在<strong>上半年</strong>（尤其一季度）显著高于下半年，工作强度前高后低。"", ""工作重心从一季度的'模型管理'、'攻坚克难'、'评审'，向二季度的'统一'、'运营'、'监测'、'指标'转移，显示项目从建设向运营过渡。"", ""三、四季度邮件及关键词频次锐减，工作重心转向'总结'、'年度'、'规划'、'述职'、'考核'等年度收尾与规划工作。"", ""全年关键词'模型'、'管理'、'会议'、'工作'、'数据'、'大模型'、'汇报'、'材料'、'AI'、'统一'贯穿始终，体现了对AI模型全生命周期管理的持续关注。""]",陈超是智能创新部的员工。邮件收发情况显示其工作高度聚焦于'模型管理与AI应用'和'项目管理与攻坚克难'，合计占比超过全年邮件的一半，是绝对核心工作。邮件类型分布广泛，涉及'会议与汇报材料'、'党建工作与组织事务'、'数据治理与安全'等多个方面，体现了复合型技术管理者的角色。工作节奏呈现明显的'战略聚焦&项目攻坚'特征，上半年工作强度极高，尤其是一季度，围绕'模型'、'攻坚克难'、'评审'等关键词展开密集的项目建设与启动工作；二季度关键词中'统一'、'运营'、'监测'、'指标'权重上升，显示工作重心向项目运营与标准化管理过渡；下半年邮件与关键词频次大幅下降，四季度出现'总结'、'年度'、'规划'等词，工作进入年度复盘与规划阶段。关键词云清晰地勾勒出其工作主线：'模型'、'管理'、'数据'、'大模型'、'AI'、'统一'等词全年高频出现，反映了其对AI模型全生命周期管理与平台化建设的持续投入。沟通风格偏向'正式专业'，邮件主题清晰，标签使用规范，体现出严谨细致的工作习惯。情感分析偏向中性专业，专注于事务推进与问题解决。工作网络广泛，联系紧密的部门应涉及'业务部门'、'技术团队'和'领导层'，具体同事与科室信息需基于邮件收发对象数据进一步分析。总体而言，陈超是一名具备战略思维、技术领导力和强执行力的复合型人才，在AI模型管理与复杂项目攻坚中表现突出，责任心强，跨部门协调能力优秀。建议可进一步深化业务场景理解以提升模型商业化落地能力，并加强团队人才培养。,,,,,,,,,,,,,,,,,,,,,,,,,,6.0,,女员工、研究生学历、校招生、工龄中坚、工作饱和度适中、内训讲师、邮件高频用户、会议达人、邮件项目管理型、邮件运维支持型、邮件数据开发型、跨部门广泛协作、部门_智能创新部、AI算法、项目管理、数据治理,,AI算法与大模型、数据治理与合规、项目管理与需求
191,祁鑫,智能创新部,AI基础研发组,男,4.0,研究生,昆士兰大学,,,,0,数据研发,校园招聘,,,,24数据文化优秀贡献者,14,3,,,1.0,2.109930556,1.0,11.0,28.0,12.0,9.0,0,1,0,1,0,1,适中,,,,,,,,,2025.0,智能创新部,"{""其他"": 28, ""会议与沟通协调"": 48, ""周报与工作汇报"": 42, ""流程与规范管理"": 36, ""项目与产品开发"": 82, ""实习生管理与带教"": 18, ""尽调报告与客户分析"": 54, ""技术研究与模型应用"": 76}","[""杨婧"", ""李响"", ""于中宝"", ""邱玥"", ""胡申民"", ""贾世林"", ""张镓奇"", ""张子璐"", ""黄亦豪"", ""李焕彰"", ""陆文捷"", ""王友轩"", ""陈超"", ""韩统优"", ""胡承萱"", ""王正超"", ""李梦霄"", ""刘雅昕"", ""崔建文"", ""蒋捷""]","[""数据开发部"", ""智能创新部"", ""数据平台部"", ""信息管理部"", ""综合管理部"", ""信息统计部"", ""数据治理部"", ""苏州开发测试中心"", ""总行"", ""上海开发测试中心"", """", ""风险内控部"", ""债券交易部"", ""数据中心"", ""创新业务部"", ""信贷与投资管理部"", ""客户经营部"", ""架构管理部"", ""内控安全部"", ""系统与数据应用部""]",技术驱动 & 产品导向,"[""邮件类型以‘项目与产品开发’和‘技术研究与模型应用’为主，占比最高，表明工作核心是技术研发与产品落地。"", ""工作重心全年聚焦‘大模型’与‘尽调助手’，从一季度‘智能对标’、‘尽调报告’的探索，到二季度‘助手’、‘场景’的深化，再到三、四季度‘尽调助手’、‘联网搜索’、‘访前一页纸’等具体功能的上线与迭代，呈现清晰的产品演进路径。"", ""三季度出现‘实习生’、‘带教’等关键词，显示该季度承担了团队管理与人才培养职责。"", ""四季度‘采购’、‘外搜服务’、‘上线’、‘沟通会’等词频增加，表明工作进入产品交付、资源协调与跨部门沟通的关键阶段。"", ""邮件撰写规范，主题明确，‘常使用标签进行分类’，沟通风格务实高效。""]",祁鑫是智能创新部的员工。邮件收发高度聚焦于‘项目与产品开发’与‘技术研究与模型应用’，是典型的技术研发与产品经理复合角色。全年关键词演变清晰：一季度侧重技术调研与标准制定（智能对标、业务标准）；二季度聚焦产品概念与场景设计（助手、场景、产品设计）；三季度进入产品开发与团队管理（尽调助手、测试环境、实习生、带教）；四季度推进产品上线、采购与外部协作（联网搜索、上线、采购、外搜服务）。其工作网络‘与数据开发、平台、治理及业务部门联系紧密’，展现出强大的跨部门协同能力，以推动技术方案落地。沟通风格‘务实高效’，邮件‘常使用标签进行分类’，体现了专业的沟通习惯。情感分析显示其沟通以传递项目进展、讨论方案为主，理性、客观。工作节奏紧密跟随产品研发周期，从技术探索到产品交付，全年保持高强度、高专注度的输出。优势在于‘对新兴技术的快速学习与应用转化能力’及‘在产品迭代中关注用户体验与业务反馈的细致态度’。建议后续‘强化在复杂项目中的系统性规划与风险预见能力’，并‘持续提升在技术方案商业价值论证与高层汇报方面的表达技巧’。,智能应用一部,应用研发,0.0,0.0,18.97555556,23.47944444,5.0,2.0,中级,42.0,,42.0,0.0,智能应用一部,对公应用组,88.13055555,智能应用一部,6797.47,13.33,10.0,10.0,0.249812453,,,,3.0,,男员工、研究生学历、校招生、工龄成长型、带教师傅、工作饱和度适中、中加班、PASO参与者、技能考试待提升、学习积极分子、知识库活跃、考勤全勤、跨部门广泛协作、部门_智能创新部、数据开发、测试工程,31408,数据开发与ETL、数据平台与运维、系统测试与投产、项目管理与需求
192,黄亦豪,智能创新部,AI基础研发组,男,1.0,研究生,同济大学,,,,0,数据研发,校园招聘,,,,24数据文化优秀贡献者,18,0,,,,3.572002688,1.0,16.0,8.0,11.0,27.0,0,0,1,2,1,10,超负荷,,,,,,,,,2025.0,智能创新部,"{""其他"": 55, ""会议与沟通"": 85, ""培训与活动"": 40, ""平台与工具"": 50, ""资源与预算"": 70, ""需求与测试"": 65, ""AI手机银行项目"": 120, ""大模型与智能体"": 95}","[""王友轩"", ""于中宝"", ""胡申民"", ""贾世林"", ""杨婧"", ""杨沁怡"", ""卢易"", ""张子璐"", ""邱玥"", ""李响"", ""张镓奇"", ""祁鑫"", ""李子晨"", ""于坤"", ""李梦霄"", ""范毅君"", ""于俊杰"", ""蒋捷"", ""刘雅昕"", ""崔建文""]","[""智能创新部"", ""数据开发部"", ""数据平台部"", ""信息管理部"", ""综合管理部"", ""信息统计部"", ""上海开发测试中心"", ""数据治理部"", ""总行"", """", ""线上银行部"", ""苏州开发测试中心"", ""数据中心"", ""债券交易部"", ""风险内控部"", ""创新业务部"", ""信贷与投资管理部"", ""架构管理部"", ""内控安全部"", ""产品管理部""]",项目驱动 & 技术攻关,"[""邮件主题高度集中于‘AI手机银行项目’和‘大模型与智能体’，显示工作深度聚焦于核心创新项目。"", ""从关键词季度演变看，工作节奏紧密跟随项目生命周期：一季度为‘技术研究’与‘方案探索’，二、三季度进入‘POC测试’与‘资源申请’的密集执行期，四季度转向‘优化总结’与‘成果固化’。"", ""邮件沟通中‘资源’、‘预算’、‘环境’、‘硬件’等词高频出现，表明工作中包含大量跨部门协调与后勤保障工作。"", ""四季度出现‘总结’、‘培训’、‘FAQ’、‘手册’等关键词，体现了项目收尾阶段的成果沉淀与知识转移工作。""]",黄亦豪是智能创新部的员工。邮件收发主题高度聚焦于‘AI手机银行项目’和‘大模型与智能体’，全年邮件量分布均匀且持续处于高位，显示出作为核心项目成员贯穿全年的高强度投入。邮件关键词季度演变清晰：一季度聚焦于‘AI’、‘大模型’、‘知识问答’的技术研究与方案探索；二、三季度关键词‘AI手机银行’、‘POC’、‘测试’、‘资源’、‘预算’、‘厂商’高频出现，表明工作进入项目执行攻坚期，涉及大量概念验证、资源协调、方案评估与跨部门（技术、业务、外部厂商）协作；四季度关键词转向‘优化’、‘总结’、‘培训’、‘FAQ’、‘手册’，体现了项目收尾、成果固化与知识转移的工作重心。其邮件沟通风格‘专业务实，主题明确，注重项目进展、资源协调与需求落地’，撰写规范清晰，常附详细文档。工作网络广泛，需频繁与涉及‘资源与预算’、‘平台与工具’、‘需求与测试’的多个内部支持部门以及外部‘厂商’进行联动。总体而言，黄亦豪是一名技术驱动、执行力强、善于跨部门协作的项目核心成员，深度参与AI金融应用从0到1的落地全过程。建议后续可加强在复杂项目中的‘风险预判与前瞻规划能力’，并更注重‘技术方案的业务价值提炼与成果总结’以支撑战略决策。,,,,,,,,,,,,46.0,2.0,智能平台部,平台研发组,160.8791667,智能平台部,6828.1,13.39,9.0,9.0,0.327856609,,,,1.0,,男员工、研究生学历、校招生、工龄新手、工作超负荷、高加班、深夜加班频繁、应用主管、变更任务密集、PASO参与者、学习积极分子、考勤良好、项目驱动型、跨部门广泛协作、部门_智能创新部、AI算法、测试工程,4023,AI算法与大模型、数据平台与运维、系统测试与投产、业务系统建设
193,王友轩,智能创新部,AI基础研发组,男,1.0,研究生,南京理工大学,,,,0,数据研发,校园招聘,,,,,23,0,,,,4.114318576,1.0,5.0,5.0,21.0,33.0,0,7,0,1,3,7,超负荷,,,,,,,,,2025.0,智能创新部,"{""其他"": 90, ""内部管理事务"": 120, ""会议通知与纪要"": 320, ""外部活动与申报"": 150, ""测试进度与报告"": 220, ""运维与操作手册"": 180, ""需求与方案文档"": 280, ""AI银行项目开发与测试"": 380}","[""胡申民"", ""黄亦豪"", ""贾世林"", ""于坤"", ""于中宝"", ""杨婧"", ""范毅君"", ""孙义严"", ""李子晨"", ""杨沁怡"", ""卢易"", ""陈建琪"", ""潘晨曦"", ""李响"", ""张子璐"", ""邱玥"", ""陈超"", ""张镓奇"", ""张其洋"", ""李梦霄""]","[""智能创新部"", ""数据开发部"", ""上海开发测试中心"", ""数据平台部"", ""信息管理部"", ""综合管理部"", ""信息统计部"", ""线上银行部"", """", ""总行"", ""数据治理部"", ""苏州开发测试中心"", ""数据中心"", ""债券交易部"", ""风险内控部"", ""创新业务部"", ""架构管理部"", ""信贷与投资管理部"", ""内控安全部"", ""产品管理部""]",高度聚焦 & 会议驱动,"[""邮件收发总量巨大，工作负荷极高，核心工作围绕‘AI手机银行’项目展开。"", ""工作重心高度聚焦，全年‘AI手机银行’、‘需求’、‘测试’、‘理财’、‘会议’、‘问题’、‘接口’、‘优化’等核心词贯穿始终，显示项目全生命周期管理。"", ""邮件主题明确，标签使用规范，体现了严谨的工作习惯和文档管理能力。"", ""沟通风格积极主动，频繁组织并参与各类会议，善于协调跨部门资源，及时同步项目进展和风险。""]",王友轩是智能创新部的核心骨干，专注于AI手机银行项目的全生命周期管理。工作内容高度聚焦于人工智能在金融领域的应用落地，涵盖需求分析、项目规划、测试管理、生产运维等多个环节。撰写规范严谨，邮件主题明确，标签使用规范，文档命名清晰。沟通风格积极主动，频繁组织并参与各类会议，善于协调跨部门资源，及时同步项目进展和风险。后续建议进一步强化技术方案的深度思考能力，提升复杂问题的系统性解决能力，同时可适当优化会议频率以提升效率。优势在于对AI银行领域有全面深入的理解，具备出色的项目推动力和跨团队协作能力，工作细致负责，能够有效管理多线程任务。,智能应用一部,算法工程,1.0,1.0,53.93722222,31.40944444,0.0,3.0,中级,94.0,,94.0,3.0,智能应用一部,零售应用组,140.3780556,智能应用一部,6964.1,13.66,10.0,5.999988235,0.560762208,,,,1.0,,男员工、研究生学历、校招生、工龄新手、工作超负荷、高加班、深夜加班频繁、高频需求负责人、变更任务密集、PASO参与者、技能考试高分、学习积极分子、考勤良好、邮件高频用户、会议达人、邮件项目管理型、邮件运维支持型、跨部门广泛协作、部门_智能创新部、AI算法、测试工程,23306,AI算法与大模型、数据平台与运维、系统测试与投产、项目管理与需求、业务系统建设
194,刘雅昕,智能创新部,AI基础研发组,女,1.0,研究生,哥伦比亚大学,,,,2,数据研发,校园招聘,,,,,12,0,,,,1.054675926,0.0,48.0,4.0,4.0,4.0,0,0,0,0,0,0,即将转岗，未安排重点工作,,,,,,,,,2025.0,综合管理部,"{""其他"": 56, ""会议与培训"": 98, ""极客大赛组织"": 87, ""技术文档与规范"": 42, ""项目需求与测试"": 145, ""工会活动与员工关怀"": 38, ""部门管理与荣誉建设"": 65}","[""安新宜"", ""李响"", ""兰昕蕾"", ""胡申民"", ""张子璐"", ""陆怡晴"", ""邱玥"", ""于中宝"", ""祁鑫"", ""王友轩"", ""黄亦豪"", ""张镓奇"", ""杨晓彦"", ""贾世林"", ""鞠爱宁"", ""宋子夜"", ""陈晨"", ""许阿云"", ""嵇雅娟"", ""杨婧""]","[""数据开发部"", ""数据平台部"", ""综合管理部"", ""智能创新部"", ""信息管理部"", ""信息统计部"", ""上海开发测试中心"", ""数据治理部"", ""总行"", """", ""苏州开发测试中心"", ""风险内控部"", ""债券交易部"", ""数据应用管理部"", ""数字中台部"", ""创新业务部"", ""信贷与投资管理部"", ""架构管理部"", ""销售管理部"", ""数据中心""]",多任务驱动 & 项目周期性强,"[""工作节奏随大型项目（如‘极客大赛’）和常规管理任务呈现明显的季度性波动。"", ""前三季度工作强度高，邮件主题从‘技术项目支持’（一、二季度）向‘大型活动组织’（三季度）转变。"", ""第四季度工作重心转向‘部门管理、荣誉评选与年度规划’，节奏趋于平稳和总结。"", ""邮件撰写规范，主题清晰，‘常使用标签进行分类，便于信息识别与跟踪’。""]",刘雅昕是综合管理部的员工，邮件收发主题分布广泛，覆盖‘项目需求与测试’、‘会议与培训’、‘极客大赛组织’、‘部门管理与荣誉建设’等多个核心领域，展现出高度的综合性。全年工作节奏随项目周期明显变化：一、二季度聚焦于‘需求’、‘接口’、‘测试’、‘企业网银’等技术项目支持与协调；三季度核心关键词突变为‘极客’、‘大赛’、‘宣传’、‘Dify’，显示其主导或深度参与了‘极客大赛’的全流程组织、宣传与平台应用；四季度关键词转向‘数据’、‘管理’、‘奖项’、‘评选’，工作重心回归部门内部运营、年度评优与规划总结。‘沟通风格积极主动，注重细节与闭环，在与多部门协作中表现出良好的协调与推进能力’。作为综合性支持人才，其工作网络必然涉及技术开发、测试、业务部门（关键词如‘企业网银’、‘客户’）、工会以及各类活动参与方，但具体紧密联系对象需基于邮件收发方数据进一步分析。邮件撰写规范，标签使用频繁，体现了优秀的沟通管理习惯。建议其‘将大型活动组织的经验沉淀为可复用的方法论’，以提升未来工作的标准化与效率。,,,,,,,,,,,,94.0,1.0,综合管理部,综合管理组,31.78277778,,,,,,,,,,1.0,,女员工、研究生学历、校招生、工龄新手、学习活跃、考勤良好、跨部门广泛协作、部门_智能创新部、岗位经历丰富、测试工程,,系统测试与投产
195,杨沁怡,智能创新部,风险模型组,女,1.0,研究生,新加坡管理大学,,,,1,数据研发,校园招聘,,,,,16,1,,1.0,,1.852670251,0.0,13.0,29.0,16.0,4.0,0,1,0,1,0,0,超负荷,,,,,,,,,,,,,,,,,,,,,,,,,,,,,,,,,,,,,,,,,,0.0,,女员工、研究生学历、校招生、工龄新手、工作超负荷、中加班、PASO参与者、学习积极分子、外训参与者、部门_智能创新部,,未识别
196,赵家乐,智能创新部,AI基础研发组,,,,,,,,0,数据研发,社会招聘,,,,,0,0,,,,2.926533565,1.0,4.0,8.0,30.0,6.0,0,0,0,1,0,0,适中,,,,,,,,,2025.0,智能创新部,"{""其他"": 5, ""会议与沟通协调"": 10, ""周报与工作汇报"": 7, ""招聘与面试安排"": 6, ""文件与材料收发"": 9, ""项目与需求管理"": 8, ""技术开发与接口文档"": 15}","[""杨婧"", ""胡申民"", ""张镓奇"", ""李响"", ""邱玥"", ""魏佳翔"", ""李梦霄"", ""祁鑫"", ""张漫"", ""张倩丽"", ""陆文捷"", ""杨晓彦"", ""王友轩"", ""王素雅"", ""吴证"", ""贾世林"", ""占桐"", ""马文杰"", ""陈彦百"", ""杜璇宇""]","[""智能创新部"", ""上海开发测试中心"", ""综合管理部"", ""数据平台部"", ""数据开发部"", ""信息统计部"", ""苏州开发测试中心"", ""信息管理部"", ""线上银行部"", """", ""数据治理部"", ""档案管理中心"", ""架构管理部"", ""数据中心"", ""代销业务部"", ""项目管理部"", ""内控安全部"", ""品质管理部"", ""债券交易部"", ""业务管理部""]",技术驱动 & 项目导向,"[""工作重心聚焦于技术开发与项目协同，'技术开发与接口文档'类邮件占比最高。"", ""邮件主题高度集中在'接口'、'文档'、'智能问数'、'大模型'等词汇，表明核心工作围绕人工智能与数据应用项目展开。"", ""沟通网络广泛，涉及项目协作、会议沟通、招聘面试及周报汇报等多个工作维度。"", ""工作节奏平稳，体现出较强的专业性和条理性，'工作细致且注重规范'。""]",赵家乐是智能创新部的员工。邮件收发内容高度聚焦于人工智能与数据应用领域，主要涉及'大模型项目推进、智能问数系统建设、档案数字化及接口开发等核心任务'。邮件类型以'技术开发与接口文档'、'会议与沟通协调'及'文件与材料收发'为主，显示出技术驱动、项目协同与规范管理的工作特性。关键词云显示，第四季度工作核心围绕'接口'、'文档'、'智能问数'、'大模型'、'档案数字化'等具体技术任务展开，同时涉及'招聘'、'面试'、'周报'、'会议'等团队协作与管理工作。沟通风格'以任务为导向，邮件主题清晰明确，常涉及具体的技术接口、文档版本和会议安排'，体现出较强的专业性和条理性。在团队协作中，'积极参与招聘面试、新人带教及周报汇报等组织工作'，展现了良好的团队融入度。优势在于'对前沿技术应用保持高度敏感，能扎实推动项目落地'。后续可进一步提升'在跨部门复杂项目中的统筹协调能力，并加强技术方案的业务价值提炼与呈现'。,智能应用一部,应用研发,1.0,1.0,34.09777778,87.97,4.0,3.0,高级,38.0,,38.0,2.0,智能应用一部,对公应用组,172.3386111,智能应用一部,9184.08,18.01,13.0,10.0,0.444752915,,,,,,社招员工、工作饱和度适中、高加班、PASO参与者、技能考试待提升、考勤良好、跨部门广泛协作、部门_智能创新部、AI算法、项目管理、应用开发,345563,AI算法与大模型、项目管理与需求、应用与系统开发
197,张镓奇,智能创新部,AI产品运营组,男,4.0,研究生,新加坡国立大学,,,,0,数据研发,校园招聘,,,,23年度宣传大使、24数据文化优秀贡献者,15,0,,,,2.548375,1.0,0.0,17.0,40.0,3.0,1,1,1,3,2,2,超负荷,,,,,,,,,2025.0,智能创新部,"{""其他"": 71, ""会议与沟通协调"": 118, ""合规与安全通知"": 87, ""培训与活动组织"": 53, ""招聘与入职管理"": 28, ""测试与投产管理"": 142, ""资源与权限申请"": 96, ""项目与技术方案"": 185}","[""魏佳翔"", ""吴证"", ""杨婧"", ""胡申民"", ""蔡雪"", ""王素雅"", ""梅凯磊"", ""张子璐"", ""乐洋"", ""李响"", ""于中宝"", ""贾世林"", ""黄亦豪"", ""郭庆睿"", ""陈超"", ""祁鑫"", ""邱玥"", ""顾恺"", ""王友轩"", ""史朋飞""]","[""数据开发部"", ""智能创新部"", ""数据平台部"", ""信息管理部"", ""信息统计部"", ""综合管理部"", ""苏州开发测试中心"", ""总行"", ""数据治理部"", ""上海开发测试中心"", """", ""数据中心"", ""远程银行中心"", ""风险内控部"", ""债券交易部"", ""架构管理部"", ""创新业务部"", ""信贷与投资管理部"", ""零售与新兴业务中台部"", ""风险控制部""]",项目驱动 & 高强度协作,"[""邮件主题高度集中于‘项目与技术方案’、‘测试与投产管理’及‘会议与沟通协调’，显示工作紧密围绕项目全生命周期展开。"", ""工作重心随季度演进：Q1聚焦项目启动与方案设计，Q2进入测试与投产关键期，Q3/Q4深化‘司库’、‘客服’等业务场景落地与年度汇报。"", ""邮件撰写‘规范严谨，主题明确，常使用项目编号和版本标识’，体现高度结构化的工作习惯。"", ""‘与多部门保持高频协作’，工作节奏受跨团队项目协同需求驱动，沟通密集。""]",张镓奇是智能创新部的员工。2025年，其邮件沟通高度集中于‘项目与技术方案’、‘测试与投产管理’及‘会议与沟通协调’，总量达780封，显示出作为核心AI项目骨干的全流程深度参与。全年关键词‘智能问数’、‘大模型’、‘项目’、‘司库’贯穿始终，工作主线清晰：Q1侧重‘智能问数’项目启动与方案设计；Q2进入密集的‘测试’、‘环境’、‘投产’阶段；Q3/Q4则深化‘司库’、‘客服’等业务场景的落地实践与年度‘报告’、‘验收’。邮件撰写‘规范严谨，主题明确，常使用项目编号和版本标识’，沟通风格以‘项目协同和技术讨论为主，能清晰传递技术方案与实施要求’。其工作网络广泛，‘与多部门保持高频协作’，是典型的项目驱动型高强度工作节奏。优势在于‘对复杂技术项目的全流程把控能力’。后续建议‘优化非工作时间沟通频率’并‘在跨团队协调中加强主动性沟通’。整体表现为一名技术扎实、责任心强、在AI创新应用领域极具潜力的项目骨干。,智能应用一部,算法工程,0.0,0.0,30.90611111,14.10861111,1.0,3.0,高级,100.0,,100.0,0.0,智能应用一部,对公应用组,96.20444444,智能应用一部,7189.72,14.1,10.0,10.0,0.290780142,,,,3.0,,男员工、研究生学历、校招生、工龄成长型、工作超负荷、中加班、项目负责人、应用主管、PASO参与者、技能考试高分、学习积极分子、考勤全勤、高强度工作、项目驱动型、协作型工作风格、会议达人、跨部门广泛协作、部门_智能创新部、AI算法、测试工程,97597,AI算法与大模型、数据平台与运维、系统测试与投产、项目管理与需求、业务系统建设
198,张子璐,智能创新部,AI产品运营组,女,3.0,研究生,上海财经大学,,,,0,数据研发,校园招聘,,,,24数据文化优秀贡献者,13,12,1.0,1.0,,1.150428051,0.0,32.0,23.0,4.0,2.0,1,2,1,3,8,1,适中,,,,,,,,,2025.0,智能创新部,"{""其他"": 52, ""会议与培训组织"": 28, ""大模型应用与项目"": 45, ""客服与机器人系统"": 38, ""极客大赛与创新活动"": 18, ""知识库与向量库建设"": 32, ""系统运维与技术支持"": 25, ""需求评审与方案审核"": 22}","[""杨婧"", ""胡申民"", ""邱玥"", ""李响"", ""黄亦豪"", ""贾世林"", ""张镓奇"", ""王友轩"", ""于中宝"", ""祁鑫"", ""李梦霄"", ""蒋捷"", ""刘雅昕"", ""于俊杰"", ""崔建文"", ""陆文捷"", ""陈超"", ""吴证"", ""刘晓丹"", ""陆怡晴""]","[""数据开发部"", ""智能创新部"", ""数据平台部"", ""信息管理部"", ""综合管理部"", ""信息统计部"", ""上海开发测试中心"", ""苏州开发测试中心"", ""数据治理部"", ""总行"", """", ""数据中心"", ""风险内控部"", ""债券交易部"", ""创新业务部"", ""远程银行中心"", ""信贷与投资管理部"", ""线上银行部"", ""架构管理部"", ""数字中台部""]",项目驱动&持续创新,"[""邮件主题高度集中于'大模型应用与项目'、'客服与机器人系统'及'知识库与向量库建设'，工作重心明确聚焦于前沿技术应用。"", ""工作节奏随季度项目重点明显变化：从一季度的'大模型'、'客服'基础探索，到二、三季度的'向量知识库'、'智能体/助手'深入建设，再到四季度的'AI智搜'、'企业网银'等业务融合与技改。"", ""关键词'会议'、'需求'、'测试'、'汇报'、'材料'全年高频出现，表明工作包含大量跨部门沟通、需求对接、项目评审与材料撰写等协作性任务。"", ""'极客'、'创新活动'等邮件类型及关键词在二、三季度尤为突出，体现了在常规项目之外积极投入创新文化建设。""]",张子璐是智能创新部的员工。邮件收发主题高度集中于'大模型应用与项目'、'客服与机器人系统'及'知识库与向量库建设'等前沿技术领域，展现出对人工智能技术与金融业务融合的深刻理解和专注投入。邮件撰写规范严谨，主题明确，内容条理清晰。工作节奏为典型的项目驱动型，并伴随持续的技术创新探索：一季度聚焦于'大模型'、'客服'等基础概念与应用规划；二、三季度深度投入'向量知识库'、'智能体/助手'的构建与'极客'创新活动；四季度则转向'AI智搜'、'企业网银'技改等业务融合与优化阶段。关键词中'会议'、'需求'、'测试'、'汇报'、'材料'全年高频出现，反映出其工作包含大量跨部门协调、需求对接、项目评审与总结汇报，沟通网络广泛且协作频繁。沟通风格积极主动，既能高效协调资源推进项目，又能细致处理技术细节。总体而言，张子璐是一名专业素养全面、学习与应用能力强、项目推动执行力突出、在创新探索与技术落地间取得良好平衡的技术骨干。后续建议进一步强化业务场景深度挖掘与复杂项目的统筹规划能力，并加强技术成果的体系化总结与分享。,,,,,,,,,,,,98.0,1.0,智能应用一部,零售应用组,67.19222222,智能应用一部,6432.12,12.61,10.0,4.705870588,0.626814386,,,,2.0,,女员工、研究生学历、校招生、工龄成长型、工作饱和度适中、项目负责人、需求负责人、应用主管、变更任务较多、PASO参与者、学习活跃、内训讲师、外训参与者、知识库活跃、考勤良好、项目驱动型、跨部门广泛协作、部门_智能创新部、AI算法、测试工程、文档流程,,AI算法与大模型、数据平台与运维、系统测试与投产、项目管理与需求
199,蒋捷,智能创新部,风险模型组,男,3.0,研究生,华东师范大学,,,,1,数据研发,校园招聘,,,,,20,0,1.0,,,1.545846774,0.0,25.0,20.0,13.0,4.0,1,0,1,3,0,1,即将转岗，未安排重点工作,,,,,,,,,,,,,,,,,,,,,,,,,,,,94.0,1.0,智能应用二部,风险模型组,21.79527778,智能应用二部,5560.32,10.9,10.0,10.0,0.082568807,,,,2.0,,男员工、研究生学历、校招生、工龄成长型、中加班、项目负责人、应用主管、PASO参与者、学习积极分子、内训讲师、考勤良好、部门_智能创新部,1652,未识别
200,许天凝,智能创新部,风险模型组,女,3.0,研究生,上海对外经贸大学,,,,1,数据研发,校园招聘,,,,,11,16,,,,2.080273297,1.0,7.0,36.0,15.0,4.0,0,1,0,1,0,0,适中,,,,,,,,,2025.0,智能创新部,"{""其他"": 30, ""会议与沟通协调"": 65, ""技术平台与工具"": 35, ""报表与数据治理"": 50, ""数据与模型开发"": 120, ""流程与规范管理"": 40, ""项目与需求管理"": 85, ""反电诈与风险控制"": 75}","[""刘晓丹"", ""崔建文"", ""李梦霄"", ""张峰"", ""张雅淇"", ""杨沁怡"", ""陆文捷"", ""顾恺"", ""蒋捷"", ""梅苏源"", ""胡雯"", ""于俊杰"", ""陈超"", ""骆静龙"", ""陈笑轩"", ""宋晓迪"", ""黄澜"", ""兰昕蕾"", ""郭骏"", ""陈佳宁""]","[""数据开发部"", ""智能创新部"", ""数据平台部"", ""信息管理部"", ""综合管理部"", ""信息统计部"", ""数据治理部"", ""苏州开发测试中心"", ""总行"", """", ""上海开发测试中心"", ""债券交易部"", ""风险控制部"", ""风险内控部"", ""创新业务部"", ""信贷与投资管理部"", ""数据中心"", ""数据管理与应用部"", ""零售与新兴业务中台部"", ""负债管理部""]",技术攻坚&风险导向,"[""全年邮件主题高度聚焦于‘数据’、‘模型’、‘反诈’等核心词汇，工作节奏紧密围绕数据模型开发与风险防控项目展开。"", ""从季度关键词演变看，工作重心从一季度的‘报表’、‘UDAS’等数据治理与项目收尾，转向二季度的‘普惠’、‘车贷’、‘中石化’等具体业务模型开发，再到三、四季度的‘反诈’、‘实时’、‘LLM’等风险防控与前沿技术探索，呈现清晰的战略纵深推进轨迹。"", ""邮件撰写‘规范严谨，邮件主题清晰，标签使用得当’，体现了高效、专业的沟通习惯。"", ""关键词中‘汇报’、‘会议’、‘周报’高频出现，显示其注重信息同步与跨部门协同，工作节奏具有显著的‘项目驱动’和‘汇报驱动’双重特征。""]",许天凝是智能创新部的员工。邮件收发数量全年保持高位，核心工作聚焦于‘数据与模型开发’、‘项目与需求管理’和‘反电诈与风险控制’。邮件主题关键词随季度演变，清晰勾勒出其工作轨迹：一季度侧重数据报表与项目收尾（如‘报表’、‘UDAS’）；二季度转向具体业务场景的模型开发与迁移（如‘普惠’、‘车贷’、‘中石化’）；三、四季度则深度聚焦于‘反诈’风险模型的实时化、验证及前沿技术（如‘LLM’）探索。沟通风格‘务实高效，注重协同与信息同步’，关键词中‘汇报’、‘会议’、‘周报’高频出现印证了这一点。工作节奏呈现‘技术攻坚’与‘风险导向’双重特征，紧密跟随项目周期与战略重点推进。其优势在于‘对数据模型和风险防控领域有深入理解，执行力强，具备良好的技术文档撰写和团队协作能力’。后续建议在‘复杂项目统筹和前瞻性技术探索方面进一步深化，同时可加强业务视角的融合与成果转化’。,智能应用一部,算法工程,0.0,0.0,19.47722222,0.248333333,1.0,4.0,中级,96.0,,96.0,0.0,智能应用一部,零售应用组,56.355,智能应用一部,6179.53,12.12,10.0,10.0,0.174917492,,,,2.0,,女员工、研究生学历、校招生、工龄成长型、工作饱和度适中、中加班、PASO参与者、技能考试高分、学习活跃、知识库活跃、考勤全勤、邮件数据开发型、跨部门广泛协作、部门_智能创新部、项目管理、数据分析、风险模型、零售业务,23410,项目管理与需求、BI与数据分析、风险模型与反欺诈、业务系统建设
201,张峰,智能创新部,风险模型组,男,22.0,研究生,"清华大学/
康奈尔大学",,,,1,数据研发,社会招聘,,,,,1,8,2.0,,,0.243159722,0.0,56.0,0.0,0.0,0.0,0,0,0,1,0,0,不饱和,,,,,,,,,2025.0,智能创新部,"{""其他"": 52, ""反电诈"": 65, ""会议通知"": 43, ""工作汇报"": 38, ""数据运营"": 28, ""模型管理"": 87, ""系统与工具"": 32}","[""李梦霄"", ""刘晓丹"", ""崔建文"", ""许天凝"", ""陆文捷"", ""郭骏"", ""宋晓迪"", ""于俊杰"", ""陈超"", ""蒋捷"", ""杨沁怡"", ""单曙兵"", ""胡申民"", ""舒宝龙"", ""于璐"", ""于中宝"", ""兰昕蕾"", ""王友轩"", ""张镓奇"", ""邱玥""]","[""数据开发部"", ""智能创新部"", ""数据平台部"", ""信息管理部"", ""综合管理部"", ""信息统计部"", ""数据治理部"", ""总行"", """", ""苏州开发测试中心"", ""债券交易部"", ""风险内控部"", ""风险控制部"", ""创新业务部"", ""信贷与投资管理部"", ""上海开发测试中心"", ""互联网支付部"", ""运营内控部"", ""零售业务部"", ""负债管理部""]",项目驱动 & 跨领域协作,"[""邮件类型分布显示工作重心明确，'模型管理'和'反电诈'是两大核心主题。"", ""关键词季度变化显著：一季度聚焦'模型'、'会议'与'管理'；二季度深化'模型'、'运营'与'监测'；三季度全力投入'反诈'、'电诈'及'公安合作'；四季度转向'代码'、'白皮书'与'工具开发'。"", ""工作节奏紧密跟随专项项目（如反诈模型、智能对标工具）的启动、执行和交付周期。"", ""沟通网络涉及技术、业务、外部合作（公安）等多方，协作需求贯穿全年。""]",张峰是智能创新部的员工。2025年邮件活动高度聚焦于风险模型管理与反电信诈骗两大核心领域。邮件类型分布显示其工作以'模型管理'（87封）和'反电诈'（65封）为主，辅以大量的'会议通知'、'工作汇报'和'系统与工具'相关沟通，体现出技术实施与项目管理的双重角色。全年关键词演变清晰勾勒出其工作轨迹：一季度奠定'模型'与'管理'基础；二季度深入'模型运营'与'监测'；三季度全力投入'反诈'专项，与'公安'、'警银'合作密切；四季度重心转向'代码'、'白皮书'及'智能工具'开发等知识沉淀与创新工作。沟通风格专业、任务驱动，邮件主题规范，注重文档与版本管理。工作网络以内部分析与模型团队为核心，外部与公安部门、银行业务方有深度协作。工作节奏受项目周期驱动，在不同季度呈现明显的主题切换与专注度变化，能同时处理多个高复杂度专项。总体而言，张峰是一名技术扎实、项目推动力强、善于跨领域协作的风险模型专家，在反诈等关键业务领域贡献突出。建议可在沟通中更多凸显模型业务价值，并适当增加团队知识分享类互动。,,,,,,,,,,,,84.0,4.0,智能平台部,模型运营组,21.81777778,智能平台部,3918.62,7.68,7.0,,1.0,,,,21.0,,男员工、研究生学历、社招员工、工龄资深、工作不饱和、低加班、无深夜加班、PASO参与者、内训讲师、知识库活跃、项目驱动型、协作型工作风格、跨部门广泛协作、部门_智能创新部、项目管理、风险模型,,项目管理与需求、风险模型与反欺诈
202,刘晓丹,智能创新部,风险模型组,女,3.0,研究生,电子科技大学,,,,3,数据研发,校园招聘,,,,,12,0,,,,1.297650659,0.0,22.0,28.0,8.0,1.0,0,0,0,1,0,0,适中,,,,,,,,,2025.0,智能创新部,"{""其他"": 90, ""会议与周报"": 120, ""制度与合规"": 85, ""模型管理与运营"": 180, ""项目需求与评审"": 130, ""反电诈与风险管控"": 155, ""技术支持与问题排查"": 75, ""数据指标与报表管理"": 140}","[""李梦霄"", ""崔建文"", ""许天凝"", ""张峰"", ""姚蜜"", ""陈超"", ""张雅淇"", ""骆静龙"", ""郭骏"", ""于俊杰"", ""陆文捷"", ""郭庆睿"", ""宋晓迪"", ""杨沁怡"", ""蒋捷"", ""潘修滔"", ""王晓璇"", ""王萌萌"", ""贺文军"", ""于璐""]","[""数据开发部"", ""智能创新部"", ""数据平台部"", ""信息管理部"", ""信息统计部"", ""综合管理部"", ""数据治理部"", ""总行"", ""苏州开发测试中心"", """", ""风险控制部"", ""上海开发测试中心"", ""债券交易部"", ""风险内控部"", ""数据应用管理部"", ""创新业务部"", ""开发协调部"", ""信贷与投资管理部"", ""零售与新兴业务中台部"", ""市场企划部""]",项目驱动 & 体系化构建,"[""全年邮件主题分布稳定，核心聚焦于'模型管理与运营'及'反电诈与风险管控'，工作内容体系化特征明显。"", ""关键词季度演变清晰：一季度聚焦'掌上行'、'指标'、'需求'等基础工作；二季度转向'模型'、'管理'、'运营'、'监测'的体系搭建；三、四季度深度聚焦'反诈'、'风险'、'限额'、'账户'等专项攻坚。"", ""邮件撰写规范严谨，主题明确，常使用标准化标签进行分类，体现了高度的专业性和规范性。"", ""沟通风格以任务驱动为主，注重协同与跟进，在跨部门协作中展现较强的组织协调能力。""]",刘晓丹是智能创新部的员工，承担模型管理与风险管控的核心职责。邮件收发主题高度集中在'模型管理与运营'和'反电诈与风险管控'两大领域，体现了其工作的深度聚焦。邮件撰写规范严谨，主题明确，常使用标准化标签进行分类。从季度关键词演变来看，其工作重心经历了从一季度的'掌上行'、'指标'等基础工作，到二季度的'模型'、'管理'、'运营'体系化构建，再到三、四季度的'反诈'、'风险'、'限额'专项攻坚的清晰转变，展现了项目驱动和体系化构建的工作节奏。沟通风格以任务驱动为主，注重协同与跟进，在跨部门协作中展现较强的组织协调能力。优势在于对复杂风险模型的体系化构建与运营监测有扎实功底，且能持续推动反诈等前沿领域的创新实践。后续可鼓励其在模型业务化落地与价值量化方面深化探索，进一步提升前瞻性风险洞察与策略设计能力。,,,,,,,,,,,,78.0,0.0,智能应用一部,零售应用组,61.35166667,智能应用一部,6047.23,11.86,10.0,2.0,0.831365936,,,,2.0,,女员工、研究生学历、校招生、工龄成长型、工作饱和度适中、PASO参与者、学习活跃、考勤全勤、项目驱动型、会议达人、邮件数据开发型、跨部门广泛协作、部门_智能创新部、岗位经历丰富、风险模型,,风险模型与反欺诈、业务系统建设
203,马文杰,智能创新部,风险模型组,,,研究生,东北财经大学,,,,0,数据研发,社会招聘,,,,,1,0,,,,2.169541446,1.0,11.0,23.0,24.0,5.0,0,0,0,1,0,0,适中,,,,,,,,,2025.0,智能创新部,"{""其他"": 15, ""党建与行政事务"": 16, ""技术研发与创新"": 20, ""数据平台与治理"": 18, ""行业研究与分析"": 22, ""部门管理与协作"": 25, ""风险模型与策略"": 28}","[""李梦霄"", ""胡申民"", ""崔建文"", ""王友轩"", ""邱玥"", ""于中宝"", ""陆文捷"", ""杨婧"", ""于俊杰"", ""许天凝"", ""张子璐"", ""刘晓丹"", ""张峰"", ""李响"", ""蒋捷"", ""黄亦豪"", ""祁鑫"", ""张镓奇"", ""贾世林"", ""杨沁怡""]","[""智能创新部"", ""数据开发部"", ""综合管理部"", ""数据平台部"", ""信息管理部"", ""信息统计部"", ""苏州开发测试中心"", ""数据治理部"", """", ""债券交易部"", ""总行"", ""信贷与投资管理部"", ""创新业务部"", ""风险监测部"", ""业务发展部"", ""供应链金融部"", ""上海审批中心"", ""风险内控部"", ""招聘管理部"", ""风险预警管理部""]",专业聚焦 & 项目驱动,"[""邮件收发量在<strong>三季度和四季度</strong>显著增加，与‘汇报’、‘分析’、‘模型’、‘会议’等高频词对应，显示项目周期内工作强度较高。"", ""紧急邮件数据暂缺，但从邮件主题分布和‘汇报’、‘会议备忘’等高频词推断，工作节奏与项目汇报、会议决策等关键节点紧密相关。"", ""标签邮件使用情况暂缺，但从邮件类型分布和关键词分析来看，沟通内容主题明确，分类清晰。"", ""工作重心随季度从三季度的‘数据风控’、‘供应链’、‘联合建模’向四季度的‘普惠’、‘商车贷’、‘光伏’、‘大模型’等业务和技术主题转移，体现了对市场热点的快速响应。""]",马文杰是智能创新部的员工，专注于风险模型与数据分析工作。邮件收发量在2025年三季度和四季度较为活跃，工作节奏与项目周期高度同步。邮件主题高度集中在‘风险模型与策略’、‘部门管理与协作’、‘行业研究与分析’及‘技术研发与创新’等类型，体现出其在专业领域和团队协作上的双重投入。关键词分析显示，三季度工作核心围绕‘数据风控’、‘供应链’（如中石化）、‘联合建模’及项目‘汇报’展开；四季度则转向‘普惠金融’（如商车贷）、‘光伏’行业研究及‘大模型’技术探索，同时‘分析’、‘模型’、‘会议’、‘备忘’等词持续高频出现，表明其工作兼具深度分析与高频沟通汇报的特点。沟通网络信息暂缺，但从邮件类型中‘部门管理与协作’占比较高以及关键词中频繁出现的‘汇报’、‘会议’、‘讨论’推断，其与部门内外部团队保持着紧密的协作关系。邮件撰写规范，主题明确，常输出‘汇报材料’、‘分析报告’。总体而言，马文杰是一名专业专注、务实高效、善于分析且协作意识强的员工，能紧跟业务与技术前沿。建议在保持现有专业深度的同时，加强对创新技术（如大模型）的落地探索，并进一步提升在复杂项目中的统筹协调能力。,,,,,,,,,,,,82.0,0.0,信息统计部,风险BP,163.7041667,,,,,,,,,,,,研究生学历、社招员工、工作饱和度适中、中加班、PASO参与者、考勤全勤、项目驱动型、跨部门广泛协作、部门_智能创新部、AI算法、数据分析、风险模型、零售业务,,AI算法与大模型、BI与数据分析、风险模型与反欺诈、业务系统建设
