员工ID,工号,姓名,所属科室,拟岗位,年龄,性别,最高学历,行龄,司龄,近2年绩效平均分,近2年内绩效为B-及以下的次数,近2年内获得A+的次数,近2年内绩效为A及以上的次数,近1年病假天数,近1年事假天数,近2年牵头项目个数,近2年日均工时,组长/骨干标识,重点项目成员标识,敏捷角色（PO/SM）,内部项目支持（担任PM）,外部项目支持（担任PM）,产品经理-业务分析,产品经理-产品设计,近2年行外发表的论文、杂志的数量,近2年获得的部门级以上奖励、荣誉数量,近2年获得的部门级以上的最高荣誉名称,年度部门内分享/培训次数（作为培训者）,年度部门外培训次数（作为培训者）,年度部门外培训次数（作为被培训者）,年度部门内分享/培训次数（作为被培训者）,近2年带教的实习生数量,近2年带教的校招新行员的数量,近2年带教的实习生转正数量,近2年带教的校招新行员转正成绩为A的数量,近3个月查看知识库会议纪要次数,当年资质证书获取情况,数据分析师-数据分析工具运用能力,数据分析师-算法模型开发能力,数据分析师-营销运营能力,数据研发师-SQL开发,数据研发师-数据模型设计,数据研发师-业务理解,应用研发-技术架构设计,应用研发-应用开发能力,AI算法工程师-数学与建模理论基础,AI算法工程师-编程与工程实现,学习能力,创新思维,任务拆解能力,领导力,团队合作,综合评价（A+、A、A-、B、B-）-直属上级,综合评价（A+、A、A-、B、B-）-同级同事,综合评价（A+、A、A-、B、B-）-下级（如有）,特长,兴趣爱好,_summary,所属分组,近期工作任务,手头项目,工作类型,应用领域,工作饱和度,科室周报联动,考试成绩,成绩等级,代码行数,迟到次数,月度加班时长,技能匹配度,经验丰富度,吃苦耐劳度,创新潜力
1,300001,薛阳,智能应用二部,应用研发,28.0,女,硕士,7.2,1.2,3.09,2,0,0,4,0,0,8.2,0,0,0,0,0,0,0,1,0,无,2,0,1,1,0,0,1,1,16,是,4,5,3,4,3,1,4,3,3,3,4,5,4,3,4,A,B-,A,设计,烹饪,薛阳（智能应用二部/应用研发） | 女，28.0岁，硕士，行龄7.2年 | 绩效3.09分，日均工时8.2h，牵头项目0个 | 最强技能：算法模型开发能力(5分)、数据分析工具运用能力(4分)、SQL开发(4分) | 软技能：创新思维5分/学习能力4分/任务拆解能力4分 | 360评价：上级A/同级B- | 岗位匹配：中(技能均分3.5) | 分组：架构安全组 | 工作类型：开发（含模型、应用、数仓等）/生产运维/测试 | 饱和度：77.0%(正常) | 手头项目：新行员培训项目、A模式POC验证、信贷场景MVP、联机服务集群日常运维与功能迭代,零售应用组,"[""尽调报告助手后端服务开发，完成特征工程模块的接口设计与实现"", ""East数据质量分析安全漏洞修复，完成报表生成模块的代码审计与加固"", ""授信政策管理系统后端服务开发，完成指标计算模块的接口设计与实现"", ""参与零小海信义贷技改代码评审，完成任务调度模块的技术债务清理"", ""参与绿色金融智能体代码评审，完成Prompt管理模块的技术债务清理""]","[""新行员培训项目"", ""A模式POC验证"", ""信贷场景MVP"", ""联机服务集群日常运维与功能迭代""]","[""开发（含模型、应用、数仓等）"", ""生产运维"", ""测试""]","[""信贷场景MVP"", ""流水鉴真系统""]","{""总体饱和度"": 77.0, ""开发/实施占比"": 62.8, ""会议沟通占比"": 11.6, ""文档撰写占比"": 5.1, ""学习提升占比"": 20.4, ""负荷等级"": ""正常""}",,70,良好,7446,2,22.8,90,59,63,60
2,300002,黄石伟,信息管理部,需求分析,31.2,男,本科,0.2,5.0,3.19,0,0,1,0,1,3,9.7,1,0,0,0,0,0,0,1,1,技术标兵,1,0,1,1,2,0,0,1,21,是,3,1,4,4,4,1,5,5,4,3,2,4,3,4,5,A,A+,A+,英语,游泳,黄石伟（信息管理部/需求分析） | 男，31.2岁，本科，行龄0.2年 | 绩效3.19分，日均工时9.7h，牵头项目3个 | 角色：组长/骨干 | 最强技能：技术架构设计(5分)、应用开发能力(5分)、营销运营能力(4分) | 软技能：团队合作5分/创新思维4分/领导力4分 | 360评价：上级A/同级A+ | 分组：标准质量组 | 工作类型：需求分析/数据分析/项目管理（含外包管理） | 饱和度：110%(高负荷) | 手头项目：East数据质量AI分析、公共智能体工作站日常运维与功能迭代,管理信息组,"[""数据采集工具业务需求调研，完成报表生成模块的需求文档编写"", ""数据安全脱敏网关系统竞品分析，完成数据接入层的功能对标与差距分析"", ""授信政策管理系统竞品分析，完成前端展示层的功能对标与差距分析""]","[""East数据质量AI分析"", ""公共智能体工作站日常运维与功能迭代""]","[""需求分析"", ""数据分析"", ""项目管理（含外包管理）""]","[""数据测试平台"", ""Hadoop集群""]","{""总体饱和度"": 110, ""开发/实施占比"": 58.3, ""会议沟通占比"": 17.2, ""文档撰写占比"": 11.2, ""学习提升占比"": 13.3, ""负荷等级"": ""高负荷""}",,48,不及格,500,1,29.5,68,56,60,38
3,300003,叶伟,机构服务团队,架构管理,26.5,男,本科,6.5,2.7,2.98,2,1,1,3,2,1,8.8,0,0,0,1,0,0,0,0,1,最佳团队奖,2,1,1,3,1,1,0,0,17,否,3,5,4,2,4,1,3,4,4,3,4,4,4,5,4,B-,A-,A-,设计,羽毛球,叶伟（机构服务团队/架构管理） | 男，26.5岁，本科，行龄6.5年 | 绩效2.98分，日均工时8.8h，牵头项目1个 | 角色：内部PM | 最强技能：算法模型开发能力(5分)、营销运营能力(4分)、数据模型设计(4分) | 软技能：领导力5分/学习能力4分/创新思维4分 | 360评价：上级B-/同级A- | 岗位匹配：中(技能均分3.5) | 分组：项目管理团队 | 工作类型：架构设计/技术评审/项目管理（含外包管理） | 饱和度：96.3%(高负荷) | 手头项目：火山引擎POC、East数据质量AI分析、智能数据血缘分析工具日常运维与功能迭代,非零BP,"[""组织JSON转代码验证技术分享，完成用户权限模块的知识沉淀"", ""数据采集工具技术架构设计，完成推理服务层的方案评审与优化"", ""智能数据血缘分析工具技术选型评估，完成推理服务层的POC验证与决策"", ""智能问数助手性能压测方案设计，完成数据接入层的容量规划"", ""组织NL2SQL产品POC技术分享，完成报表生成模块的知识沉淀""]","[""火山引擎POC"", ""East数据质量AI分析"", ""智能数据血缘分析工具日常运维与功能迭代""]","[""架构设计"", ""技术评审"", ""项目管理（含外包管理）""]","[""East数据质量分析"", ""离线数据开发""]","{""总体饱和度"": 96.3, ""开发/实施占比"": 54.1, ""会议沟通占比"": 15.4, ""文档撰写占比"": 6.0, ""学习提升占比"": 24.5, ""负荷等级"": ""高负荷""}",,67,及格,10390,2,8.5,80,59,67,59
4,300004,董星,智能平台部,算法工程,35.9,男,硕士,3.4,4.2,3.13,2,0,0,1,0,2,6.9,1,0,0,0,0,0,0,0,2,最佳团队奖,2,1,0,2,0,0,0,1,16,否,4,5,4,5,2,4,2,3,2,5,4,5,2,5,5,A,A+,A,数据分析,烹饪,董星（智能平台部/算法工程） | 男，35.9岁，硕士，行龄3.4年 | 绩效3.13分，日均工时6.9h，牵头项目2个 | 角色：组长/骨干 | 最强技能：算法模型开发能力(5分)、SQL开发(5分)、编程与工程实现(5分) | 软技能：创新思维5分/领导力5分/团队合作5分 | 360评价：上级A/同级A+ | 岗位匹配：中(技能均分3.5) | 分组：工具开发组 | 工作类型：开发（含模型、应用、数仓等）/数据分析/项目管理（含外包管理） | 饱和度：87.1%(饱和) | 手头项目：East数据质量AI分析、客服助手日常运维与功能迭代,架构安全组,"[""反电诈管理系统NLP模型部署，完成监控告警模块的推理性能优化"", ""知识库问答系统智能体开发，完成数据清洗模块的Agent工作流设计"", ""实时数据集群模型效果评估，完成缓存层的A/B测试与迭代"", ""授信政策管理系统RAG检索链路开发，完成Prompt管理模块的向量数据库接入""]","[""East数据质量AI分析"", ""客服助手日常运维与功能迭代""]","[""开发（含模型、应用、数仓等）"", ""数据分析"", ""项目管理（含外包管理）""]","[""数据运维平台""]","{""总体饱和度"": 87.1, ""开发/实施占比"": 57.5, ""会议沟通占比"": 11.5, ""文档撰写占比"": 10.1, ""学习提升占比"": 20.9, ""负荷等级"": ""饱和""}",,92,优秀,7946,0,9.4,71,77,51,83
5,300005,冯明杰,数据平台部,数据研发,30.5,女,本科,1.4,4.3,3.33,2,1,1,1,2,2,8.0,0,0,0,0,0,0,0,0,0,无,0,0,0,0,0,3,0,1,22,否,1,5,4,4,3,3,3,4,3,3,3,3,4,3,4,A,B,B+,写作,音乐,冯明杰（数据平台部/数据研发） | 女，30.5岁，本科，行龄1.4年 | 绩效3.33分，日均工时8.0h，牵头项目2个 | 最强技能：算法模型开发能力(5分)、营销运营能力(4分)、SQL开发(4分) | 软技能：任务拆解能力4分/团队合作4分/学习能力3分 | 360评价：上级A/同级B | 岗位匹配：中(技能均分3.3) | 分组：对公应用组 | 工作类型：开发（含模型、应用、数仓等）/数据治理/测试 | 饱和度：75.2%(正常) | 手头项目：智能问数二期、智能外呼分析日常运维与功能迭代,运维支持组,"[""零售客户关系管理数据质量检核规则配置，修复可视化组件数据异常"", ""参与Openclaw框架调研数据架构评审，输出数据清洗模块技术方案"", ""授信政策管理系统数仓分层建设，完成Prompt管理模块的数据接入与清洗"", ""公共智能体工作站SQL性能调优，解决模型训练层慢查询问题"", ""智能尽调助手实时数据链路开发，完成Prompt管理模块的流式计算任务""]","[""智能问数二期"", ""智能外呼分析日常运维与功能迭代""]","[""开发（含模型、应用、数仓等）"", ""数据治理"", ""测试""]","[""智能问数助手""]","{""总体饱和度"": 75.2, ""开发/实施占比"": 54.3, ""会议沟通占比"": 10.9, ""文档撰写占比"": 13.0, ""学习提升占比"": 21.7, ""负荷等级"": ""正常""}",,98,优秀,12774,0,27.4,77,67,67,47
6,300006,廖夏,数据开发部,项目管理,30.5,女,本科,0.5,3.3,2.82,0,2,3,1,1,0,7.3,1,0,0,0,0,0,0,0,0,无,0,0,0,5,2,0,1,1,22,是,3,1,2,5,5,3,4,3,3,2,3,3,3,4,4,B,B-,B+,演讲,羽毛球,廖夏（数据开发部/项目管理） | 女，30.5岁，本科，行龄0.5年 | 绩效2.82分，日均工时7.3h，牵头项目0个 | 角色：组长/骨干 | 最强技能：SQL开发(5分)、数据模型设计(5分)、技术架构设计(4分) | 软技能：领导力4分/团队合作4分/学习能力3分 | 360评价：上级B/同级B- | 分组：监管统计组 | 工作类型：项目管理（含外包管理）/需求分析/其他 | 饱和度：80.5%(正常) | 手头项目：知识库问答体系建设、客户经理超级工作台日常运维与功能迭代,应用开发组,"[""火山引擎POC预算管理，完成特征工程模块的费用核算与控制"", ""外搜接口采购进度跟踪与风险预警，完成向量检索模块的周报汇总"", ""信用卡智能后督项目复盘，输出报表生成模块的经验教训与改进措施"", ""新行员培训项目资源协调，完成Prompt管理模块的跨部门沟通与对齐""]","[""知识库问答体系建设"", ""客户经理超级工作台日常运维与功能迭代""]","[""项目管理（含外包管理）"", ""需求分析"", ""其他""]","[""离线数据开发"", ""尽调报告助手""]","{""总体饱和度"": 80.5, ""开发/实施占比"": 58.9, ""会议沟通占比"": 13.8, ""文档撰写占比"": 12.9, ""学习提升占比"": 14.4, ""负荷等级"": ""正常""}",,49,不及格,6157,1,30.6,79,63,61,76
7,300007,黎河川,数据平台部,应用研发,28.9,女,本科,2.8,2.2,3.52,1,0,1,1,1,2,7.7,0,0,0,0,0,0,0,1,0,无,0,1,1,2,2,0,0,0,24,是,1,2,3,2,5,5,2,2,3,4,5,3,4,5,3,A-,A,A-,编程,阅读,黎河川（数据平台部/应用研发） | 女，28.9岁，本科，行龄2.8年 | 绩效3.52分，日均工时7.7h，牵头项目2个 | 最强技能：数据模型设计(5分)、编程与工程实现(4分)、营销运营能力(3分) | 软技能：学习能力5分/领导力5分/任务拆解能力4分 | 360评价：上级A-/同级A | 岗位匹配：低-错配风险(技能均分2.0) | 分组：架构安全组 | 工作类型：开发（含模型、应用、数仓等）/测试/生产运维 | 饱和度：83.1%(正常) | 手头项目：智能工单场景、离线数据开发日常运维与功能迭代,数据服务组,"[""大模型智能体后端服务开发，完成API网关模块的接口设计与实现"", ""实时开发平台安全漏洞修复，完成API网关模块的代码审计与加固"", ""参与极客大赛代码评审，完成Prompt管理模块的技术债务清理"", ""DWS数据集群性能优化，完成测试框架的并发处理能力提升""]","[""智能工单场景"", ""离线数据开发日常运维与功能迭代""]","[""开发（含模型、应用、数仓等）"", ""测试"", ""生产运维""]","[""客服助手""]","{""总体饱和度"": 83.1, ""开发/实施占比"": 65.7, ""会议沟通占比"": 18.3, ""文档撰写占比"": 13.3, ""学习提升占比"": 2.7, ""负荷等级"": ""正常""}",,77,良好,11725,1,11.6,70,75,87,61
8,300008,高云涛,数据开发部,应用研发,31.3,男,硕士,5.1,2.4,3.95,0,1,1,1,2,0,7.7,0,0,0,0,0,0,0,1,0,无,2,0,1,0,2,0,0,1,19,否,2,4,3,5,5,2,4,4,4,3,1,4,1,3,3,B,B-,A,写作,烹饪,高云涛（数据开发部/应用研发） | 男，31.3岁，硕士，行龄5.1年 | 绩效3.95分，日均工时7.7h，牵头项目0个 | 最强技能：SQL开发(5分)、数据模型设计(5分)、算法模型开发能力(4分) | 软技能：创新思维4分/领导力3分/团队合作3分 | 360评价：上级B/同级B- | 岗位匹配：高(技能均分4.0) | 分组：项目管理团队 | 工作类型：开发（含模型、应用、数仓等）/测试/生产运维 | 饱和度：70.4%(正常) | 手头项目：授信政策知识体系、智能外呼分析、极客大赛、智能问数助手日常运维与功能迭代,模型设计组,"[""实时数据集群前端页面开发，完成特征工程模块的交互逻辑优化"", ""信贷场景MVP容器化部署，完成监控告警模块的CI/CD流程配置"", ""参与超级工作台MVP代码评审，完成日志审计模块的技术债务清理"", ""授信政策管理系统微服务架构升级，完成缓存层的服务拆分与治理""]","[""授信政策知识体系"", ""智能外呼分析"", ""极客大赛"", ""智能问数助手日常运维与功能迭代""]","[""开发（含模型、应用、数仓等）"", ""测试"", ""生产运维""]","[""AI手机银行""]","{""总体饱和度"": 70.4, ""开发/实施占比"": 48.7, ""会议沟通占比"": 15.8, ""文档撰写占比"": 10.6, ""学习提升占比"": 24.8, ""负荷等级"": ""正常""}",,62,及格,3574,3,8.0,80,58,77,89
9,300009,宋阳智,机构服务团队,算法工程,34.5,男,本科,2.9,2.0,3.07,0,0,2,1,0,2,7.6,1,0,0,0,0,0,0,0,0,无,0,1,0,1,1,1,1,0,22,否,2,1,3,2,4,3,4,3,3,4,5,5,4,3,4,A+,A,B-,培训,阅读,宋阳智（机构服务团队/算法工程） | 男，34.5岁，本科，行龄2.9年 | 绩效3.07分，日均工时7.6h，牵头项目2个 | 角色：组长/骨干 | 最强技能：数据模型设计(4分)、技术架构设计(4分)、编程与工程实现(4分) | 软技能：学习能力5分/创新思维5分/任务拆解能力4分 | 360评价：上级A+/同级A | 岗位匹配：中(技能均分3.5) | 分组：项目管理团队 | 工作类型：开发（含模型、应用、数仓等）/项目管理（含外包管理）/数据分析 | 饱和度：94.3%(饱和) | 手头项目：信雅达POC、DataFun论坛项目、反诈机器学习模型、知识库问答系统日常运维与功能迭代,分行BP,"[""金牌催收员机器学习模型训练，完成数据接入层的特征工程与调参"", ""尽调报告助手RAG检索链路开发，完成API网关模块的向量数据库接入"", ""Hadoop数据仓库机器学习模型训练，完成推理服务层的特征工程与调参"", ""长文本智能分析模型效果评估，完成推理服务层的A/B测试与迭代""]","[""信雅达POC"", ""DataFun论坛项目"", ""反诈机器学习模型"", ""知识库问答系统日常运维与功能迭代""]","[""开发（含模型、应用、数仓等）"", ""项目管理（含外包管理）"", ""数据分析""]","[""信用风险监测预警"", ""Kafka消息集群""]","{""总体饱和度"": 94.3, ""开发/实施占比"": 58.5, ""会议沟通占比"": 16.9, ""文档撰写占比"": 13.3, ""学习提升占比"": 11.3, ""负荷等级"": ""饱和""}",,69,及格,14258,2,5.8,90,86,72,60
10,300010,余清昊,信息统计部,架构管理,26.3,男,本科,6.3,2.1,4.25,1,0,1,3,0,2,6.8,0,0,0,0,1,0,0,0,1,创新奖,4,1,0,2,1,0,1,0,23,否,5,2,4,3,3,5,3,2,5,3,4,4,1,2,3,A-,B-,A-,数据分析,旅游,余清昊（信息统计部/架构管理） | 男，26.3岁，本科，行龄6.3年 | 绩效4.25分，日均工时6.8h，牵头项目2个 | 角色：外部PM | 最强技能：数据分析工具运用能力(5分)、数学与建模理论基础(5分)、营销运营能力(4分) | 软技能：学习能力4分/创新思维4分/团队合作3分 | 360评价：上级A-/同级B- | 岗位匹配：低-错配风险(技能均分2.5) | 分组：AI产品运营组 | 工作类型：架构设计/项目管理（含外包管理）/技术评审 | 饱和度：68.1%(偏低) | 手头项目：对公信贷智能化、客服辅助项目、信用卡智能后督、综合监管报送日常运维与功能迭代,监管统计组,"[""数据运维平台云原生架构规划，完成特征工程模块的容器化改造方案"", ""联机服务集群技术选型评估，完成任务调度模块的POC验证与决策"", ""组织大模型客服技改技术分享，完成缓存层的知识沉淀"", ""会话式人工智能服务技术架构设计，完成API网关模块的方案评审与优化"", ""客服助手性能压测方案设计，完成监控告警模块的容量规划""]","[""对公信贷智能化"", ""客服辅助项目"", ""信用卡智能后督"", ""综合监管报送日常运维与功能迭代""]","[""架构设计"", ""项目管理（含外包管理）"", ""技术评审""]","[""尽调报告助手"", ""AI手机银行""]","{""总体饱和度"": 68.1, ""开发/实施占比"": 67.8, ""会议沟通占比"": 24.8, ""文档撰写占比"": 11.8, ""学习提升占比"": 0, ""负荷等级"": ""偏低""}",,57,不及格,4842,0,27.4,62,60,86,72
11,300011,史墨,信息管理部,数据分析,27.3,女,本科,0.2,3.6,3.76,2,1,1,1,1,2,8.0,0,0,1,0,0,0,0,1,0,无,2,1,0,5,1,1,0,2,23,是,3,3,4,5,3,3,3,2,3,4,4,2,5,2,4,A+,B,B+,编程,跑步,史墨（信息管理部/数据分析） | 女，27.3岁，本科，行龄0.2年 | 绩效3.76分，日均工时8.0h，牵头项目2个 | 最强技能：SQL开发(5分)、营销运营能力(4分)、编程与工程实现(4分) | 软技能：任务拆解能力5分/学习能力4分/团队合作4分 | 360评价：上级A+/同级B | 岗位匹配：中(技能均分3.3) | 分组：零售应用组 | 工作类型：数据分析/需求分析/开发（含模型、应用、数仓等） | 饱和度：83.8%(正常) | 手头项目：智能问数二期、实时开发平台日常运维与功能迭代,服务支持组,"[""金牌催收员用户行为分析，完成数据清洗模块的客群画像"", ""反电诈管理系统用户行为分析，完成API网关模块的客群画像"", ""公共智能体工作站客户经营分析报告撰写，完成任务调度模块的数据洞察""]","[""智能问数二期"", ""实时开发平台日常运维与功能迭代""]","[""数据分析"", ""需求分析"", ""开发（含模型、应用、数仓等）""]","[""AI手机银行""]","{""总体饱和度"": 83.8, ""开发/实施占比"": 48.1, ""会议沟通占比"": 17.3, ""文档撰写占比"": 6.5, ""学习提升占比"": 28.0, ""负荷等级"": ""正常""}",,61,及格,10053,4,17.4,69,92,67,30
12,300012,武洋健,智能应用一部,需求分析,29.0,男,硕士,3.2,2.3,4.01,0,0,0,3,0,3,7.5,1,1,0,1,0,0,0,0,1,卓越贡献奖,1,0,0,0,2,0,1,0,17,是,2,3,3,3,1,4,2,4,3,4,2,1,2,5,3,A+,B,A+,数学,电影,武洋健（智能应用一部/需求分析） | 男，29.0岁，硕士，行龄3.2年 | 绩效4.01分，日均工时7.5h，牵头项目3个 | 角色：组长/骨干、重点项目成员、内部PM | 最强技能：应用开发能力(4分)、编程与工程实现(4分)、算法模型开发能力(3分) | 软技能：领导力5分/团队合作3分/学习能力2分 | 360评价：上级A+/同级B | 分组：服务支持组 | 工作类型：需求分析/项目管理（含外包管理）/数据分析 | 饱和度：110%(高负荷) | 手头项目：反诈机器学习模型、新行员培训项目、绿色金融业务管理日常运维与功能迭代,零售应用组,"[""组织信用卡智能后督业务培训，完成可视化组件的操作手册编写"", ""联机服务集群业务流程梳理，完成用户权限模块的原型设计与验证"", ""极客大赛需求评审会议组织，完成前端展示层的需求澄清与确认"", ""数据采集工具业务流程梳理，完成前端展示层的原型设计与验证"", ""尽调报告助手业务流程梳理，完成缓存层的原型设计与验证""]","[""反诈机器学习模型"", ""新行员培训项目"", ""绿色金融业务管理日常运维与功能迭代""]","[""需求分析"", ""项目管理（含外包管理）"", ""数据分析""]","[""授信政策管理系统""]","{""总体饱和度"": 110, ""开发/实施占比"": 42.2, ""会议沟通占比"": 24.9, ""文档撰写占比"": 13.8, ""学习提升占比"": 19.1, ""负荷等级"": ""高负荷""}",,64,及格,6417,2,17.1,99,73,76,66
13,300013,石森山,信息统计部,数据分析,24.0,男,硕士,0.6,5.0,3.19,0,0,1,4,3,2,6.0,1,0,0,1,0,0,0,1,1,质量之星,2,0,0,3,0,0,0,0,21,否,3,3,2,2,3,2,5,5,4,3,4,2,5,2,4,B-,A+,A-,培训,阅读,石森山（信息统计部/数据分析） | 男，24.0岁，硕士，行龄0.6年 | 绩效3.19分，日均工时6.0h，牵头项目2个 | 角色：组长/骨干、内部PM | 最强技能：技术架构设计(5分)、应用开发能力(5分)、数学与建模理论基础(4分) | 软技能：任务拆解能力5分/学习能力4分/团队合作4分 | 360评价：上级B-/同级A+ | 岗位匹配：低-错配风险(技能均分2.7) | 分组：服务支持组 | 工作类型：数据分析/需求分析/开发（含模型、应用、数仓等） | 饱和度：71.5%(正常) | 手头项目：零售客户分群、大模型智能体日常运维与功能迭代,管理信息组,"[""信用卡智能后督数据需求调研，输出监控告警模块分析结论"", ""数据运维平台客户经营分析报告撰写，完成模型训练层的数据洞察"", ""DWS数据集群用户行为分析，完成向量检索模块的客群画像"", ""冷热分离工具用户行为分析，完成Prompt管理模块的客群画像""]","[""零售客户分群"", ""大模型智能体日常运维与功能迭代""]","[""数据分析"", ""需求分析"", ""开发（含模型、应用、数仓等）""]","[""Hadoop集群""]","{""总体饱和度"": 71.5, ""开发/实施占比"": 65.0, ""会议沟通占比"": 12.9, ""文档撰写占比"": 14.2, ""学习提升占比"": 7.9, ""负荷等级"": ""正常""}",,44,不及格,7893,1,20.6,99,66,76,67
14,300014,赵波,智能应用一部,数据分析,26.5,女,本科,3.9,6.6,3.93,1,0,2,1,0,2,10.2,0,0,0,0,0,0,0,0,2,创新奖,4,0,0,4,0,0,1,0,22,否,5,1,5,4,2,4,3,4,3,3,3,5,3,3,2,A+,B-,A+,数学,羽毛球,赵波（智能应用一部/数据分析） | 女，26.5岁，本科，行龄3.9年 | 绩效3.93分，日均工时10.2h，牵头项目2个 | 最强技能：数据分析工具运用能力(5分)、营销运营能力(5分)、SQL开发(4分) | 软技能：创新思维5分/学习能力3分/任务拆解能力3分 | 360评价：上级A+/同级B- | 岗位匹配：中(技能均分3.7) | 分组：项目管理团队 | 工作类型：数据分析/开发（含模型、应用、数仓等）/需求分析 | 饱和度：106%(高负荷) | 手头项目：长文本智能分析、超级工作台MVP、绿色金融业务管理日常运维与功能迭代,AI产品运营组,"[""智能外呼分析客户经营分析报告撰写，完成知识图谱模块的数据洞察"", ""参与A模式POC验证数据分析专项，完成向量检索模块的深度挖掘"", ""Hadoop数据仓库数据可视化看板搭建，完成数据清洗模块的实时监测"", ""实时数据集群A/B测试方案设计，完成指标计算模块的效果评估"", ""知识库问答系统数据可视化看板搭建，完成推理服务层的实时监测""]","[""长文本智能分析"", ""超级工作台MVP"", ""绿色金融业务管理日常运维与功能迭代""]","[""数据分析"", ""开发（含模型、应用、数仓等）"", ""需求分析""]","[""数据脱敏工具""]","{""总体饱和度"": 106, ""开发/实施占比"": 66.9, ""会议沟通占比"": 20.8, ""文档撰写占比"": 14.8, ""学习提升占比"": 0, ""负荷等级"": ""高负荷""}",,53,不及格,12571,1,27.5,96,44,81,98
15,300015,高勇国,信息统计部,应用研发,28.2,女,硕士,5.0,2.6,2.97,0,1,0,1,0,0,9.2,0,1,0,0,0,0,0,0,0,无,2,1,0,1,2,0,0,1,21,否,3,2,4,4,4,3,5,3,3,3,2,2,1,4,4,A-,B,A-,编程,跑步,高勇国（信息统计部/应用研发） | 女，28.2岁，硕士，行龄5.0年 | 绩效2.97分，日均工时9.2h，牵头项目0个 | 角色：重点项目成员 | 最强技能：技术架构设计(5分)、营销运营能力(4分)、SQL开发(4分) | 软技能：领导力4分/团队合作4分/学习能力2分 | 360评价：上级A-/同级B | 岗位匹配：高(技能均分4.0) | 分组：测试管理组 | 工作类型：开发（含模型、应用、数仓等）/生产运维/测试 | 饱和度：100%(高负荷) | 手头项目：East数据质量AI分析、Kafka消息集群日常运维与功能迭代,监管统计组,"[""长文本智能分析性能优化，完成用户权限模块的并发处理能力提升"", ""长文本智能分析后端服务开发，完成Prompt管理模块的接口设计与实现"", ""DWS数据集群性能优化，完成特征工程模块的并发处理能力提升"", ""数据测试平台容器化部署，完成向量检索模块的CI/CD流程配置""]","[""East数据质量AI分析"", ""Kafka消息集群日常运维与功能迭代""]","[""开发（含模型、应用、数仓等）"", ""生产运维"", ""测试""]","[""数据脱敏工具"", ""智能数据血缘分析工具""]","{""总体饱和度"": 100, ""开发/实施占比"": 49.2, ""会议沟通占比"": 20.1, ""文档撰写占比"": 13.9, ""学习提升占比"": 16.7, ""负荷等级"": ""高负荷""}",,53,不及格,5734,0,37.1,88,70,66,77
16,300016,石涵,数据开发部,架构管理,34.7,女,本科,2.3,4.2,3.95,1,1,2,2,1,0,7.7,0,1,0,1,0,1,0,0,0,无,2,0,0,2,1,0,1,0,11,是,4,3,2,2,5,4,4,3,2,3,3,4,2,1,4,A-,A,B-,设计,绘画,石涵（数据开发部/架构管理） | 女，34.7岁，本科，行龄2.3年 | 绩效3.95分，日均工时7.7h，牵头项目0个 | 角色：重点项目成员、内部PM | 最强技能：数据模型设计(5分)、数据分析工具运用能力(4分)、技术架构设计(4分) | 软技能：创新思维4分/团队合作4分/学习能力3分 | 360评价：上级A-/同级A | 岗位匹配：中(技能均分3.5) | 分组：服务支持组 | 工作类型：架构设计/项目管理（含外包管理）/技术评审 | 饱和度：76.3%(正常) | 手头项目：East数据质量AI分析、新行员培训项目、A模式POC验证、智能数据血缘分析工具日常运维与功能迭代,数仓开发组,"[""组织智能外呼分析技术分享，完成特征工程模块的知识沉淀"", ""大模型客服技改架构治理，输出消息队列模块的架构规范与标准"", ""智能外呼分析技术选型评估，完成报表生成模块的POC验证与决策"", ""智能尽调助手安全架构评审，完成特征工程模块的合规性检查""]","[""East数据质量AI分析"", ""新行员培训项目"", ""A模式POC验证"", ""智能数据血缘分析工具日常运维与功能迭代""]","[""架构设计"", ""项目管理（含外包管理）"", ""技术评审""]","[""长文本智能分析"", ""AI手机银行""]","{""总体饱和度"": 76.3, ""开发/实施占比"": 61.6, ""会议沟通占比"": 14.7, ""文档撰写占比"": 14.4, ""学习提升占比"": 9.2, ""负荷等级"": ""正常""}",,60,及格,10145,2,10.9,63,64,85,50
17,300017,傅鹏若,数据治理部,项目管理,31.8,女,本科,0.2,4.7,3.59,0,1,1,4,0,3,8.1,0,0,0,0,0,0,1,0,1,银雁奖,1,0,0,0,2,1,2,0,21,否,5,4,4,5,2,3,5,4,3,5,5,2,2,4,2,A,B,A-,项目管理,游戏,傅鹏若（数据治理部/项目管理） | 女，31.8岁，本科，行龄0.2年 | 绩效3.59分，日均工时8.1h，牵头项目3个 | 最强技能：数据分析工具运用能力(5分)、SQL开发(5分)、技术架构设计(5分) | 软技能：学习能力5分/领导力4分/创新思维2分 | 360评价：上级A/同级B | 分组：数据服务组 | 工作类型：项目管理（含外包管理）/需求分析/其他 | 饱和度：89.4%(饱和) | 手头项目：East数据质量AI分析、冷热分离工具日常运维与功能迭代,标准质量组,"[""组织信雅达POC项目例会，完成任务调度模块的会议纪要跟踪"", ""外搜接口采购项目计划制定，完成缓存层的里程碑梳理与排期"", ""AI客户经营资源协调，完成前端展示层的跨部门沟通与对齐""]","[""East数据质量AI分析"", ""冷热分离工具日常运维与功能迭代""]","[""项目管理（含外包管理）"", ""需求分析"", ""其他""]","[""智能数据血缘分析工具"", ""实时数据集群""]","{""总体饱和度"": 89.4, ""开发/实施占比"": 49.2, ""会议沟通占比"": 11.4, ""文档撰写占比"": 12.3, ""学习提升占比"": 27.1, ""负荷等级"": ""饱和""}",,60,及格,13228,1,22.6,86,47,50,75
18,300018,郑涵,数据开发部,需求分析,31.4,男,硕士,3.6,4.6,3.78,1,0,0,2,0,3,6.9,0,0,0,0,0,0,0,1,0,无,1,0,2,2,0,0,0,0,30,是,3,2,5,4,2,3,2,5,3,5,3,4,4,1,3,B-,A,A+,写作,烹饪,郑涵（数据开发部/需求分析） | 男，31.4岁，硕士，行龄3.6年 | 绩效3.78分，日均工时6.9h，牵头项目3个 | 最强技能：营销运营能力(5分)、应用开发能力(5分)、编程与工程实现(5分) | 软技能：创新思维4分/任务拆解能力4分/学习能力3分 | 360评价：上级B-/同级A | 分组：模型设计组 | 工作类型：需求分析/项目管理（含外包管理）/数据分析 | 饱和度：84.9%(正常) | 手头项目：East数据质量AI分析、综合监管报送日常运维与功能迭代,模型设计组,"[""授信政策管理系统业务流程梳理，完成数据清洗模块的原型设计与验证"", ""智能外呼分析用户访谈与痛点分析，输出日志审计模块的需求规格说明书"", ""组织智能外呼分析业务培训，完成API网关模块的操作手册编写"", ""流水鉴真系统业务流程梳理，完成测试框架的原型设计与验证"", ""组织信贷场景MVP业务培训，完成前端展示层的操作手册编写""]","[""East数据质量AI分析"", ""综合监管报送日常运维与功能迭代""]","[""需求分析"", ""项目管理（含外包管理）"", ""数据分析""]","[""Hadoop数据仓库"", ""离线数据开发""]","{""总体饱和度"": 84.9, ""开发/实施占比"": 60.9, ""会议沟通占比"": 19.3, ""文档撰写占比"": 13.7, ""学习提升占比"": 6.1, ""负荷等级"": ""正常""}",,63,及格,9001,1,23.5,79,57,99,74
19,300019,白海,信息统计部,项目管理,34.6,女,硕士,4.1,3.9,2.93,0,1,2,1,1,1,9.8,0,1,0,1,0,0,0,1,1,银雁奖,0,0,2,2,1,2,0,1,19,是,3,3,2,3,4,4,2,4,5,2,3,4,5,5,3,A+,B-,A+,数据分析,阅读,白海（信息统计部/项目管理） | 女，34.6岁，硕士，行龄4.1年 | 绩效2.93分，日均工时9.8h，牵头项目1个 | 角色：重点项目成员、内部PM | 最强技能：数学与建模理论基础(5分)、数据模型设计(4分)、应用开发能力(4分) | 软技能：任务拆解能力5分/领导力5分/创新思维4分 | 360评价：上级A+/同级B- | 分组：监管统计组 | 工作类型：项目管理（含外包管理）/需求分析/其他 | 饱和度：103%(高负荷) | 手头项目：反诈机器学习模型、新行员培训项目、信雅达POC、客服助手日常运维与功能迭代,监管统计组,"[""A模式POC验证预算管理，完成数据清洗模块的费用核算与控制"", ""智能问数二期外包管理，完成缓存层的供应商评估与验收"", ""火山引擎POC进度跟踪与风险预警，完成推理服务层的周报汇总"", ""组织极客大赛项目例会，完成报表生成模块的会议纪要跟踪"", ""知识库问答体系建设进度跟踪与风险预警，完成用户权限模块的周报汇总""]","[""反诈机器学习模型"", ""新行员培训项目"", ""信雅达POC"", ""客服助手日常运维与功能迭代""]","[""项目管理（含外包管理）"", ""需求分析"", ""其他""]","[""DWS数据集群"", ""数据采集工具""]","{""总体饱和度"": 103, ""开发/实施占比"": 46.1, ""会议沟通占比"": 24.6, ""文档撰写占比"": 12.4, ""学习提升占比"": 17.0, ""负荷等级"": ""高负荷""}",,43,不及格,10626,1,31.6,62,87,78,79
20,300020,汪思,信息统计部,数据研发,29.8,女,硕士,4.0,5.1,3.07,0,0,1,3,1,1,10.0,0,1,0,0,0,1,0,1,0,无,0,1,0,3,0,2,1,1,17,否,3,5,4,4,3,5,4,5,3,3,2,3,4,3,3,B,A+,A-,培训,烹饪,汪思（信息统计部/数据研发） | 女，29.8岁，硕士，行龄4.0年 | 绩效3.07分，日均工时10.0h，牵头项目1个 | 角色：重点项目成员 | 最强技能：算法模型开发能力(5分)、应用开发能力(5分)、营销运营能力(4分) | 软技能：任务拆解能力4分/创新思维3分/领导力3分 | 360评价：上级B/同级A+ | 岗位匹配：高(技能均分4.0) | 分组：数据安全组 | 工作类型：开发（含模型、应用、数仓等）/数据治理/测试 | 饱和度：103%(高负荷) | 手头项目：East数据质量AI分析、公共智能体工作站日常运维与功能迭代,管理信息组,"[""大模型智能体数据模型设计与开发，完成数据清洗模块的ETL流程优化"", ""授信政策管理系统数据接口开发，完成特征工程模块的API联调与测试"", ""大模型智能体SQL性能调优，解决API网关模块慢查询问题"", ""实时开发平台SQL性能调优，解决特征工程模块慢查询问题"", ""客户经理超级工作台实时数据链路开发，完成指标计算模块的流式计算任务""]","[""East数据质量AI分析"", ""公共智能体工作站日常运维与功能迭代""]","[""开发（含模型、应用、数仓等）"", ""数据治理"", ""测试""]","[""Hadoop集群""]","{""总体饱和度"": 103, ""开发/实施占比"": 44.3, ""会议沟通占比"": 22.9, ""文档撰写占比"": 8.7, ""学习提升占比"": 24.1, ""负荷等级"": ""高负荷""}",,94,优秀,7018,1,12.5,73,76,76,79
21,300021,邹秀英,机构服务团队,数据研发,32.4,男,硕士,5.7,4.6,3.8,1,0,2,1,1,0,8.2,0,0,0,0,1,0,0,1,0,无,0,0,1,4,1,1,0,0,22,否,3,5,5,2,2,2,3,1,5,3,4,5,4,4,3,B-,B,A,英语,跑步,邹秀英（机构服务团队/数据研发） | 男，32.4岁，硕士，行龄5.7年 | 绩效3.8分，日均工时8.2h，牵头项目0个 | 角色：外部PM | 最强技能：算法模型开发能力(5分)、营销运营能力(5分)、数学与建模理论基础(5分) | 软技能：创新思维5分/学习能力4分/任务拆解能力4分 | 360评价：上级B-/同级B | 岗位匹配：低-错配风险(技能均分2.0) | 分组：架构安全组 | 工作类型：开发（含模型、应用、数仓等）/测试/数据治理 | 饱和度：81.9%(正常) | 手头项目：A模式POC验证、AI客户经营、East数据质量AI分析、数据安全脱敏网关系统日常运维与功能迭代,分行BP,"[""大模型智能体数据模型设计与开发，完成指标计算模块的ETL流程优化"", ""数据安全脱敏网关系统数据接口开发，完成数据清洗模块的API联调与测试"", ""数据安全脱敏网关系统数仓分层建设，完成消息队列模块的数据接入与清洗"", ""参与大模型客服技改数据架构评审，输出数据清洗模块技术方案""]","[""A模式POC验证"", ""AI客户经营"", ""East数据质量AI分析"", ""数据安全脱敏网关系统日常运维与功能迭代""]","[""开发（含模型、应用、数仓等）"", ""测试"", ""数据治理""]","[""数据脱敏工具""]","{""总体饱和度"": 81.9, ""开发/实施占比"": 62.6, ""会议沟通占比"": 12.7, ""文档撰写占比"": 7.7, ""学习提升占比"": 17.1, ""负荷等级"": ""正常""}",,72,良好,13814,2,10.4,89,70,69,66
22,300022,曾星,信息管理部,算法工程,30.0,女,本科,1.0,1.3,3.05,1,0,1,3,0,3,9.1,0,0,0,0,0,0,0,1,0,无,0,0,1,1,0,0,1,0,22,否,3,5,5,1,5,4,3,4,4,2,4,4,4,1,2,B+,B+,A+,数学,阅读,曾星（信息管理部/算法工程） | 女，30.0岁，本科，行龄1.0年 | 绩效3.05分，日均工时9.1h，牵头项目3个 | 最强技能：算法模型开发能力(5分)、营销运营能力(5分)、数据模型设计(5分) | 软技能：学习能力4分/创新思维4分/任务拆解能力4分 | 360评价：上级B+/同级B+ | 岗位匹配：中(技能均分3.0) | 分组：项目管理团队 | 工作类型：开发（含模型、应用、数仓等）/项目管理（含外包管理）/数据分析 | 饱和度：103.4%(高负荷) | 手头项目：流水鉴真场景、智能工单场景、长文本智能分析日常运维与功能迭代,服务支持组,"[""East数据质量分析大模型微调训练，完成前端展示层的Prompt工程优化"", ""智能数据血缘分析工具模型效果评估，完成推理服务层的A/B测试与迭代"", ""AI创意比赛算法方案评审，输出用户权限模块的技术可行性分析""]","[""流水鉴真场景"", ""智能工单场景"", ""长文本智能分析日常运维与功能迭代""]","[""开发（含模型、应用、数仓等）"", ""项目管理（含外包管理）"", ""数据分析""]","[""数据安全脱敏网关系统"", ""大模型智能体""]","{""总体饱和度"": 103.4, ""开发/实施占比"": 62.1, ""会议沟通占比"": 11.6, ""文档撰写占比"": 6.3, ""学习提升占比"": 20.0, ""负荷等级"": ""高负荷""}",,78,良好,6190,2,27.8,78,47,74,73
23,300023,肖山轩,信息统计部,数据分析,31.8,女,本科,4.6,5.4,3.74,0,0,1,3,0,2,8.3,0,0,0,1,0,0,0,0,1,银雁奖,1,1,1,0,0,0,0,0,26,是,4,5,5,2,4,3,4,5,3,1,2,4,3,5,5,B-,A+,B,设计,游泳,肖山轩（信息统计部/数据分析） | 女，31.8岁，本科，行龄4.6年 | 绩效3.74分，日均工时8.3h，牵头项目2个 | 角色：内部PM | 最强技能：算法模型开发能力(5分)、营销运营能力(5分)、应用开发能力(5分) | 软技能：领导力5分/团队合作5分/创新思维4分 | 360评价：上级B-/同级A+ | 岗位匹配：高(技能均分4.7) | 分组：工具开发组 | 工作类型：数据分析/需求分析/开发（含模型、应用、数仓等） | 饱和度：84.5%(正常) | 手头项目：信贷场景MVP、超级工作台MVP、尽调报告助手日常运维与功能迭代,监管统计组,"[""长文本智能分析数据挖掘模型训练，完成日志审计模块的预测分析"", ""反电诈管理系统数据可视化看板搭建，完成缓存层的实时监测"", ""信贷场景MVP客户经营分析报告撰写，完成Prompt管理模块的数据洞察"", ""参与极客大赛数据分析专项，完成指标计算模块的深度挖掘"", ""大模型智能体A/B测试方案设计，完成数据清洗模块的效果评估""]","[""信贷场景MVP"", ""超级工作台MVP"", ""尽调报告助手日常运维与功能迭代""]","[""数据分析"", ""需求分析"", ""开发（含模型、应用、数仓等）""]","[""大模型智能体"", ""Kafka消息集群""]","{""总体饱和度"": 84.5, ""开发/实施占比"": 54.8, ""会议沟通占比"": 22.2, ""文档撰写占比"": 12.4, ""学习提升占比"": 10.7, ""负荷等级"": ""正常""}",,57,不及格,8614,2,30.6,75,85,89,54
24,300024,侯洋娟,数据平台部,需求分析,27.7,女,本科,5.6,5.4,2.84,0,0,1,2,1,4,6.7,0,0,0,1,1,0,1,0,0,无,0,0,0,2,0,0,0,0,15,是,3,3,3,3,3,4,5,3,3,2,3,2,1,5,1,A+,A,A-,培训,音乐,侯洋娟（数据平台部/需求分析） | 女，27.7岁，本科，行龄5.6年 | 绩效2.84分，日均工时6.7h，牵头项目4个 | 角色：内部PM、外部PM | 最强技能：技术架构设计(5分)、数据分析工具运用能力(3分)、算法模型开发能力(3分) | 软技能：领导力5分/学习能力3分/创新思维2分 | 360评价：上级A+/同级A | 分组：标准质量组 | 工作类型：需求分析/项目管理（含外包管理）/数据分析 | 饱和度：80.9%(正常) | 手头项目：AI客户经营、信用卡智能后督、数据安全脱敏网关系统日常运维与功能迭代,架构安全组,"[""数据运维平台竞品分析，完成任务调度模块的功能对标与差距分析"", ""知识库问答系统竞品分析，完成指标计算模块的功能对标与差距分析"", ""组织NL2SQL产品POC业务培训，完成API网关模块的操作手册编写"", ""智能外呼分析业务流程梳理，完成任务调度模块的原型设计与验证""]","[""AI客户经营"", ""信用卡智能后督"", ""数据安全脱敏网关系统日常运维与功能迭代""]","[""需求分析"", ""项目管理（含外包管理）"", ""数据分析""]","[""智能数据血缘分析工具"", ""公共智能体工作站""]","{""总体饱和度"": 80.9, ""开发/实施占比"": 41.3, ""会议沟通占比"": 16.4, ""文档撰写占比"": 10.0, ""学习提升占比"": 32.4, ""负荷等级"": ""正常""}",,76,良好,11620,4,14.0,83,90,87,77
25,300025,田明辉,信息管理部,架构管理,22.0,女,本科,0.2,2.3,3.93,1,0,1,1,3,0,7.7,0,0,0,1,0,1,0,1,0,无,1,0,1,2,1,0,0,0,24,是,4,4,3,3,4,3,1,5,4,4,3,2,1,3,4,A-,A+,A,设计,绘画,田明辉（信息管理部/架构管理） | 女，22.0岁，本科，行龄0.2年 | 绩效3.93分，日均工时7.7h，牵头项目0个 | 角色：内部PM | 最强技能：应用开发能力(5分)、数据分析工具运用能力(4分)、算法模型开发能力(4分) | 软技能：团队合作4分/学习能力3分/领导力3分 | 360评价：上级A-/同级A+ | 岗位匹配：中(技能均分3.0) | 分组：对公应用组 | 工作类型：架构设计/技术评审/项目管理（含外包管理） | 饱和度：71.7%(正常) | 手头项目：知识库问答体系建设、尽调报告助手日常运维与功能迭代,服务支持组,"[""Openclaw框架调研架构治理，输出测试框架的架构规范与标准"", ""通用办公助手架构治理，输出推理服务层的架构规范与标准"", ""绿色金融业务管理安全架构评审，完成缓存层的合规性检查"", ""绿色金融业务管理技术选型评估，完成缓存层的POC验证与决策""]","[""知识库问答体系建设"", ""尽调报告助手日常运维与功能迭代""]","[""架构设计"", ""技术评审"", ""项目管理（含外包管理）""]","[""会话式人工智能服务""]","{""总体饱和度"": 71.7, ""开发/实施占比"": 57.5, ""会议沟通占比"": 15.6, ""文档撰写占比"": 13.5, ""学习提升占比"": 13.4, ""负荷等级"": ""正常""}",,71,良好,11035,1,15.1,76,99,42,77
26,300026,唐玉紫,智能平台部,负责人,29.9,男,本科,3.8,3.8,2.91,2,0,0,1,1,1,8.2,0,0,0,0,0,1,0,1,2,年度之星,1,1,0,2,1,0,1,1,23,否,2,3,1,4,4,4,3,4,5,5,4,2,3,4,3,A,A-,B-,数据分析,音乐,唐玉紫（智能平台部/负责人） | 男，29.9岁，本科，行龄3.8年 | 绩效2.91分，日均工时8.2h，牵头项目1个 | 最强技能：数学与建模理论基础(5分)、编程与工程实现(5分)、SQL开发(4分) | 软技能：学习能力4分/领导力4分/任务拆解能力3分 | 360评价：上级A/同级A- | 分组：非零BP | 工作类型：项目管理（含外包管理）/需求分析/其他 | 饱和度：80.4%(正常) | 手头项目：信贷场景MVP、长文本智能分析日常运维与功能迭代,AI基础研发组,"[""智能问数二期人才梯队建设，完成消息队列模块的骨干培养计划"", ""反诈机器学习模型人才梯队建设，完成API网关模块的骨干培养计划"", ""通用办公助手人才梯队建设，完成指标计算模块的骨干培养计划""]","[""信贷场景MVP"", ""长文本智能分析日常运维与功能迭代""]","[""项目管理（含外包管理）"", ""需求分析"", ""其他""]","[""金牌催收员""]","{""总体饱和度"": 80.4, ""开发/实施占比"": 69.7, ""会议沟通占比"": 13.4, ""文档撰写占比"": 6.8, ""学习提升占比"": 10.0, ""负荷等级"": ""正常""}",,35,不及格,6112,0,30.9,98,72,80,50
27,300027,丁海,数据治理部,数据分析,37.4,女,博士,2.2,5.0,3.78,1,0,0,3,1,2,7.6,0,0,0,1,0,0,0,0,0,无,1,0,0,2,0,0,1,1,20,否,2,4,2,4,4,3,3,1,2,5,3,3,3,2,4,B,A,A+,数据分析,烹饪,丁海（数据治理部/数据分析） | 女，37.4岁，博士，行龄2.2年 | 绩效3.78分，日均工时7.6h，牵头项目2个 | 角色：内部PM | 最强技能：编程与工程实现(5分)、算法模型开发能力(4分)、SQL开发(4分) | 软技能：团队合作4分/学习能力3分/创新思维3分 | 360评价：上级B/同级A | 岗位匹配：低-错配风险(技能均分2.7) | 分组：标准质量组 | 工作类型：数据分析/开发（含模型、应用、数仓等）/需求分析 | 饱和度：84.7%(正常) | 手头项目：East数据质量AI分析、尽调报告助手日常运维与功能迭代,数据安全组,"[""数据采集工具业务指标体系建设，完成报表生成模块的报表开发"", ""数据采集工具A/B测试方案设计，完成Prompt管理模块的效果评估"", ""数据安全脱敏网关系统业务指标体系建设，完成任务调度模块的报表开发""]","[""East数据质量AI分析"", ""尽调报告助手日常运维与功能迭代""]","[""数据分析"", ""开发（含模型、应用、数仓等）"", ""需求分析""]","[""数据安全脱敏网关系统""]","{""总体饱和度"": 84.7, ""开发/实施占比"": 58.0, ""会议沟通占比"": 17.1, ""文档撰写占比"": 6.8, ""学习提升占比"": 18.1, ""负荷等级"": ""正常""}",,96,优秀,15373,4,13.4,87,55,70,75
28,300028,何涵,测试管理部,应用研发,35.0,女,本科,3.0,3.3,3.82,2,1,2,4,2,2,7.9,1,1,0,0,0,1,0,1,0,无,0,0,1,2,2,0,0,1,22,是,3,3,2,4,4,3,3,5,3,3,4,2,2,3,2,B-,B+,B-,项目管理,摄影,何涵（测试管理部/应用研发） | 女，35.0岁，本科，行龄3.0年 | 绩效3.82分，日均工时7.9h，牵头项目2个 | 角色：组长/骨干、重点项目成员 | 最强技能：应用开发能力(5分)、SQL开发(4分)、数据模型设计(4分) | 软技能：学习能力4分/领导力3分/创新思维2分 | 360评价：上级B-/同级B+ | 岗位匹配：高(技能均分4.0) | 分组：项目管理团队 | 工作类型：开发（含模型、应用、数仓等）/生产运维/测试 | 饱和度：91.2%(饱和) | 手头项目：DataFun论坛项目、授信政策知识体系、East数据质量分析日常运维与功能迭代,自动化测试组,"[""East数据质量分析性能优化，完成监控告警模块的并发处理能力提升"", ""零售客户分群技术方案设计，输出指标计算模块的详细设计文档"", ""参与超级工作台MVP代码评审，完成知识图谱模块的技术债务清理"", ""参与超级工作台MVP代码评审，完成模型训练层的技术债务清理""]","[""DataFun论坛项目"", ""授信政策知识体系"", ""East数据质量分析日常运维与功能迭代""]","[""开发（含模型、应用、数仓等）"", ""生产运维"", ""测试""]","[""Kafka消息集群"", ""智能外呼分析""]","{""总体饱和度"": 91.2, ""开发/实施占比"": 51.8, ""会议沟通占比"": 11.6, ""文档撰写占比"": 5.5, ""学习提升占比"": 31.1, ""负荷等级"": ""饱和""}",,75,良好,3198,0,16.7,79,40,87,85
29,300029,许北玉,信息管理部,应用研发,35.2,男,硕士,3.9,5.8,3.17,0,1,1,1,0,1,8.0,0,0,0,0,1,0,0,0,1,卓越贡献奖,5,0,2,4,3,0,0,0,25,是,5,4,3,4,2,1,4,3,3,1,4,3,2,3,3,A,A,A,培训,摄影,许北玉（信息管理部/应用研发） | 男，35.2岁，硕士，行龄3.9年 | 绩效3.17分，日均工时8.0h，牵头项目1个 | 角色：外部PM | 最强技能：数据分析工具运用能力(5分)、算法模型开发能力(4分)、SQL开发(4分) | 软技能：学习能力4分/创新思维3分/领导力3分 | 360评价：上级A/同级A | 岗位匹配：中(技能均分3.5) | 分组：零售BP | 工作类型：开发（含模型、应用、数仓等）/测试/生产运维 | 饱和度：92.7%(饱和) | 手头项目：授信政策知识体系、数据采集工具日常运维与功能迭代,服务管理组,"[""Hadoop数据仓库前端页面开发，完成数据接入层的交互逻辑优化"", ""尽调报告助手安全漏洞修复，完成任务调度模块的代码审计与加固"", ""会话式人工智能服务前端页面开发，完成可视化组件的交互逻辑优化"", ""知识库问答系统微服务架构升级，完成模型训练层的服务拆分与治理"", ""East数据质量分析容器化部署，完成用户权限模块的CI/CD流程配置""]","[""授信政策知识体系"", ""数据采集工具日常运维与功能迭代""]","[""开发（含模型、应用、数仓等）"", ""测试"", ""生产运维""]","[""长文本智能分析"", ""综合监管报送""]","{""总体饱和度"": 92.7, ""开发/实施占比"": 59.2, ""会议沟通占比"": 24.3, ""文档撰写占比"": 9.4, ""学习提升占比"": 7.1, ""负荷等级"": ""饱和""}",,69,及格,14605,2,32.7,64,77,84,55
30,300030,韩沐涵,数据开发部,数据分析,36.5,女,硕士,2.2,8.2,3.8,1,0,0,3,3,0,8.0,0,0,0,0,0,0,0,1,0,无,3,0,3,3,1,1,0,1,25,否,3,3,2,2,4,2,4,3,1,5,3,5,2,4,4,B+,A,B-,沟通,游戏,韩沐涵（数据开发部/数据分析） | 女，36.5岁，硕士，行龄2.2年 | 绩效3.8分，日均工时8.0h，牵头项目0个 | 最强技能：编程与工程实现(5分)、数据模型设计(4分)、技术架构设计(4分) | 软技能：创新思维5分/领导力4分/团队合作4分 | 360评价：上级B+/同级A | 岗位匹配：低-错配风险(技能均分2.7) | 分组：零售BP | 工作类型：数据分析/开发（含模型、应用、数仓等）/需求分析 | 饱和度：76.5%(正常) | 手头项目：信贷场景MVP、授信政策管理系统日常运维与功能迭代,数仓开发组,"[""参与通用办公助手数据分析专项，完成测试框架的深度挖掘"", ""尽调报告助手客户经营分析报告撰写，完成报表生成模块的数据洞察"", ""零售客户关系管理用户行为分析，完成API网关模块的客群画像"", ""智能数据血缘分析工具数据可视化看板搭建，完成数据接入层的实时监测""]","[""信贷场景MVP"", ""授信政策管理系统日常运维与功能迭代""]","[""数据分析"", ""开发（含模型、应用、数仓等）"", ""需求分析""]","[""授信政策管理系统""]","{""总体饱和度"": 76.5, ""开发/实施占比"": 47.3, ""会议沟通占比"": 22.8, ""文档撰写占比"": 11.9, ""学习提升占比"": 17.9, ""负荷等级"": ""正常""}",,67,及格,500,0,9.8,45,46,96,86
31,300031,马昊,智能应用一部,算法工程,30.9,男,硕士,1.8,2.2,3.64,0,0,0,0,1,2,8.1,0,1,0,0,0,0,0,1,1,优秀员工,0,1,0,1,0,1,0,0,16,是,4,1,3,2,1,5,3,4,4,2,3,3,3,2,4,A,B,B+,培训,音乐,马昊（智能应用一部/算法工程） | 男，30.9岁，硕士，行龄1.8年 | 绩效3.64分，日均工时8.1h，牵头项目2个 | 角色：重点项目成员 | 最强技能：数据分析工具运用能力(4分)、应用开发能力(4分)、数学与建模理论基础(4分) | 软技能：团队合作4分/学习能力3分/创新思维3分 | 360评价：上级A/同级B | 岗位匹配：中(技能均分3.0) | 分组：对公应用组 | 工作类型：开发（含模型、应用、数仓等）/数据分析/项目管理（含外包管理） | 饱和度：90.4%(饱和) | 手头项目：智能工单场景、对公信贷智能化、AI客户经营、联机服务集群日常运维与功能迭代,零售应用组,"[""参与JSON转代码验证大模型应用POC，完成Prompt管理模块的场景验证"", ""实时数据集群RAG检索链路开发，完成报表生成模块的向量数据库接入"", ""实时开发平台机器学习模型训练，完成测试框架的特征工程与调参"", ""数据采集工具机器学习模型训练，完成特征工程模块的特征工程与调参""]","[""智能工单场景"", ""对公信贷智能化"", ""AI客户经营"", ""联机服务集群日常运维与功能迭代""]","[""开发（含模型、应用、数仓等）"", ""数据分析"", ""项目管理（含外包管理）""]","[""长文本智能分析"", ""智能外呼分析""]","{""总体饱和度"": 90.4, ""开发/实施占比"": 48.5, ""会议沟通占比"": 17.3, ""文档撰写占比"": 8.2, ""学习提升占比"": 26.0, ""负荷等级"": ""饱和""}",,68,及格,6137,3,18.0,75,81,74,41
32,300032,杨学琪,信息统计部,应用研发,31.5,女,本科,3.3,1.1,3.25,0,0,0,1,3,2,7.0,0,1,0,0,0,0,0,1,0,无,1,0,1,1,3,0,0,0,24,是,3,4,2,5,2,5,1,2,5,4,4,3,2,3,2,B+,A+,B,编程,运动,杨学琪（信息统计部/应用研发） | 女，31.5岁，本科，行龄3.3年 | 绩效3.25分，日均工时7.0h，牵头项目2个 | 角色：重点项目成员 | 最强技能：SQL开发(5分)、数学与建模理论基础(5分)、算法模型开发能力(4分) | 软技能：学习能力4分/创新思维3分/领导力3分 | 360评价：上级B+/同级A+ | 岗位匹配：低-错配风险(技能均分1.5) | 分组：服务管理组 | 工作类型：开发（含模型、应用、数仓等）/生产运维/测试 | 饱和度：74.8%(正常) | 手头项目：超级工作台MVP、授信政策知识体系、零小海信义贷技改、信贷场景MVP日常运维与功能迭代,管理信息组,"[""参与授信政策知识体系代码评审，完成知识图谱模块的技术债务清理"", ""信用卡智能后督技术方案设计，输出API网关模块的详细设计文档"", ""智能数据血缘分析工具前端页面开发，完成指标计算模块的交互逻辑优化""]","[""超级工作台MVP"", ""授信政策知识体系"", ""零小海信义贷技改"", ""信贷场景MVP日常运维与功能迭代""]","[""开发（含模型、应用、数仓等）"", ""生产运维"", ""测试""]","[""实时开发平台"", ""East数据质量分析""]","{""总体饱和度"": 74.8, ""开发/实施占比"": 50.3, ""会议沟通占比"": 14.3, ""文档撰写占比"": 6.1, ""学习提升占比"": 29.3, ""负荷等级"": ""正常""}",,80,良好,5539,2,41.1,79,58,68,61
33,300033,魏昊,智能应用二部,应用研发,27.5,女,本科,1.0,4.3,3.02,0,0,0,2,0,0,7.4,0,0,0,0,0,0,0,1,1,最佳团队奖,0,0,0,2,0,2,1,0,20,否,2,1,4,2,5,4,5,3,3,3,2,4,2,3,3,A-,B-,B-,设计,跑步,魏昊（智能应用二部/应用研发） | 女，27.5岁，本科，行龄1.0年 | 绩效3.02分，日均工时7.4h，牵头项目0个 | 最强技能：数据模型设计(5分)、技术架构设计(5分)、营销运营能力(4分) | 软技能：创新思维4分/领导力3分/团队合作3分 | 360评价：上级A-/同级B- | 岗位匹配：高(技能均分4.0) | 分组：模型设计组 | 工作类型：开发（含模型、应用、数仓等）/生产运维/测试 | 饱和度：64.0%(偏低) | 手头项目：East数据质量AI分析、尽调报告助手日常运维与功能迭代,零售应用组,"[""智能问数助手前端页面开发，完成推理服务层的交互逻辑优化"", ""零售客户关系管理微服务架构升级，完成报表生成模块的服务拆分与治理"", ""参与JSON转代码验证代码评审，完成测试框架的技术债务清理"", ""智能数据血缘分析工具容器化部署，完成推理服务层的CI/CD流程配置""]","[""East数据质量AI分析"", ""尽调报告助手日常运维与功能迭代""]","[""开发（含模型、应用、数仓等）"", ""生产运维"", ""测试""]","[""数据运维平台"", ""实时数据集群""]","{""总体饱和度"": 64.0, ""开发/实施占比"": 49.7, ""会议沟通占比"": 12.9, ""文档撰写占比"": 10.8, ""学习提升占比"": 26.5, ""负荷等级"": ""偏低""}",,57,不及格,11398,0,29.5,96,76,81,59
34,300034,江蓝,数据开发部,应用研发,29.0,男,本科,1.0,5.1,2.55,2,0,1,1,3,3,6.8,0,0,0,0,0,0,0,1,0,无,0,0,1,4,1,0,0,0,21,是,2,3,3,3,3,3,4,4,4,3,3,4,4,3,3,B-,B-,A,沟通,摄影,江蓝（数据开发部/应用研发） | 男，29.0岁，本科，行龄1.0年 | 绩效2.55分，日均工时6.8h，牵头项目3个 | 最强技能：技术架构设计(4分)、应用开发能力(4分)、数学与建模理论基础(4分) | 软技能：创新思维4分/任务拆解能力4分/学习能力3分 | 360评价：上级B-/同级B- | 岗位匹配：高(技能均分4.0) | 分组：测试管理组 | 工作类型：开发（含模型、应用、数仓等）/生产运维/测试 | 饱和度：78.5%(正常) | 手头项目：East数据质量AI分析、公共智能体工作站日常运维与功能迭代,模型设计组,"[""数据脱敏工具容器化部署，完成测试框架的CI/CD流程配置"", ""数据采集工具微服务架构升级，完成特征工程模块的服务拆分与治理"", ""智能问数助手前端页面开发，完成可视化组件的交互逻辑优化"", ""客服助手性能优化，完成测试框架的并发处理能力提升"", ""信贷场景MVP后端服务开发，完成任务调度模块的接口设计与实现""]","[""East数据质量AI分析"", ""公共智能体工作站日常运维与功能迭代""]","[""开发（含模型、应用、数仓等）"", ""生产运维"", ""测试""]","[""数据采集工具"", ""数据运维平台""]","{""总体饱和度"": 78.5, ""开发/实施占比"": 44.2, ""会议沟通占比"": 17.7, ""文档撰写占比"": 11.0, ""学习提升占比"": 27.1, ""负荷等级"": ""正常""}",,75,良好,10206,3,12.9,64,90,96,61
35,300035,尹锋土,综合管理部,数据研发,33.5,男,本科,4.6,3.3,3.68,2,0,0,1,2,3,9.1,0,0,0,0,0,0,1,0,1,创新奖,0,0,0,2,1,0,0,1,21,是,3,1,4,4,4,3,4,1,4,3,4,4,1,1,2,B+,B+,B-,写作,旅游,尹锋土（综合管理部/数据研发） | 男，33.5岁，本科，行龄4.6年 | 绩效3.68分，日均工时9.1h，牵头项目3个 | 最强技能：营销运营能力(4分)、SQL开发(4分)、数据模型设计(4分) | 软技能：学习能力4分/创新思维4分/团队合作2分 | 360评价：上级B+/同级B+ | 岗位匹配：中(技能均分3.7) | 分组：工具开发组 | 工作类型：开发（含模型、应用、数仓等）/数据治理/测试 | 饱和度：101.4%(高负荷) | 手头项目：极客大赛、流水鉴真场景、司库系统建设、授信政策管理系统日常运维与功能迭代,行政事务组,"[""大模型智能体历史数据迁移，完成推理服务层的数据校验与比对"", ""冷热分离工具数仓分层建设，完成报表生成模块的数据接入与清洗"", ""冷热分离工具数据接口开发，完成日志审计模块的API联调与测试""]","[""极客大赛"", ""流水鉴真场景"", ""司库系统建设"", ""授信政策管理系统日常运维与功能迭代""]","[""开发（含模型、应用、数仓等）"", ""数据治理"", ""测试""]","[""Hadoop集群"", ""公共智能体工作站""]","{""总体饱和度"": 101.4, ""开发/实施占比"": 50.9, ""会议沟通占比"": 20.0, ""文档撰写占比"": 11.7, ""学习提升占比"": 17.4, ""负荷等级"": ""高负荷""}",,67,及格,9046,3,17.6,87,65,62,94
36,300036,董彤,数据开发部,算法工程,36.3,男,硕士,0.9,6.5,2.74,1,0,0,1,1,2,6.0,0,0,0,0,0,0,0,1,1,金雁奖,2,1,0,2,2,1,0,0,20,是,2,3,3,3,4,4,4,2,3,2,3,3,2,1,3,A,B+,A-,培训,阅读,董彤（数据开发部/算法工程） | 男，36.3岁，硕士，行龄0.9年 | 绩效2.74分，日均工时6.0h，牵头项目2个 | 最强技能：数据模型设计(4分)、技术架构设计(4分)、算法模型开发能力(3分) | 软技能：学习能力3分/创新思维3分/团队合作3分 | 360评价：上级A/同级B+ | 岗位匹配：低-错配风险(技能均分2.5) | 分组：对公应用组 | 工作类型：开发（含模型、应用、数仓等）/数据分析/项目管理（含外包管理） | 饱和度：62.6%(偏低) | 手头项目：智能问数二期、East数据质量AI分析、AI创意比赛、信贷场景MVP日常运维与功能迭代,数仓开发组,"[""数据测试平台RAG检索链路开发，完成数据清洗模块的向量数据库接入"", ""实时数据集群大模型微调训练，完成报表生成模块的Prompt工程优化"", ""中试基地项目算法方案评审，输出任务调度模块的技术可行性分析"", ""信贷场景MVP机器学习模型训练，完成测试框架的特征工程与调参""]","[""智能问数二期"", ""East数据质量AI分析"", ""AI创意比赛"", ""信贷场景MVP日常运维与功能迭代""]","[""开发（含模型、应用、数仓等）"", ""数据分析"", ""项目管理（含外包管理）""]","[""智能外呼分析""]","{""总体饱和度"": 62.6, ""开发/实施占比"": 63.0, ""会议沟通占比"": 17.6, ""文档撰写占比"": 14.0, ""学习提升占比"": 5.4, ""负荷等级"": ""偏低""}",,82,良好,831,1,15.5,86,82,60,67
37,300037,赵志磊,信息统计部,应用研发,29.8,女,本科,4.5,1.2,3.56,0,0,1,3,1,1,9.3,0,0,0,0,0,0,0,0,1,技术标兵,0,1,0,1,1,0,0,0,26,否,2,2,2,5,5,5,2,1,2,4,4,4,3,3,3,A+,B-,A-,沟通,游戏,赵志磊（信息统计部/应用研发） | 女，29.8岁，本科，行龄4.5年 | 绩效3.56分，日均工时9.3h，牵头项目1个 | 最强技能：SQL开发(5分)、数据模型设计(5分)、编程与工程实现(4分) | 软技能：学习能力4分/创新思维4分/任务拆解能力3分 | 360评价：上级A+/同级B- | 岗位匹配：低-错配风险(技能均分1.5) | 分组：需求接入组 | 工作类型：开发（含模型、应用、数仓等）/生产运维/测试 | 饱和度：95.3%(高负荷) | 手头项目：极客大赛、外搜接口采购、知识库问答系统日常运维与功能迭代,管理信息组,"[""大模型智能体微服务架构升级，完成前端展示层的服务拆分与治理"", ""公共智能体工作站后端服务开发，完成日志审计模块的接口设计与实现"", ""实时开发平台安全漏洞修复，完成监控告警模块的代码审计与加固"", ""流水鉴真系统后端服务开发，完成知识图谱模块的接口设计与实现""]","[""极客大赛"", ""外搜接口采购"", ""知识库问答系统日常运维与功能迭代""]","[""开发（含模型、应用、数仓等）"", ""生产运维"", ""测试""]","[""DWS数据集群""]","{""总体饱和度"": 95.3, ""开发/实施占比"": 62.0, ""会议沟通占比"": 19.3, ""文档撰写占比"": 13.6, ""学习提升占比"": 5.2, ""负荷等级"": ""高负荷""}",,39,不及格,15081,2,24.1,66,55,75,71
38,300038,闫志文,综合管理部,数据研发,28.3,女,本科,4.1,5.0,3.38,1,0,1,2,1,2,9.5,1,0,0,0,0,0,0,1,1,质量之星,2,1,1,4,0,1,1,0,20,否,4,5,5,3,5,3,2,3,4,3,2,3,2,3,2,A+,A,A,无,旅游,闫志文（综合管理部/数据研发） | 女，28.3岁，本科，行龄4.1年 | 绩效3.38分，日均工时9.5h，牵头项目2个 | 角色：组长/骨干 | 最强技能：算法模型开发能力(5分)、营销运营能力(5分)、数据模型设计(5分) | 软技能：创新思维3分/领导力3分/学习能力2分 | 360评价：上级A+/同级A | 岗位匹配：中(技能均分3.7) | 分组：测试管理组 | 工作类型：开发（含模型、应用、数仓等）/数据治理/测试 | 饱和度：110%(高负荷) | 手头项目：East数据质量AI分析、实时数据集群日常运维与功能迭代,财务管控组,"[""数据安全脱敏网关系统SQL性能调优，解决Prompt管理模块慢查询问题"", ""客户经理超级工作台数仓分层建设，完成特征工程模块的数据接入与清洗"", ""数据脱敏工具数据接口开发，完成任务调度模块的API联调与测试""]","[""East数据质量AI分析"", ""实时数据集群日常运维与功能迭代""]","[""开发（含模型、应用、数仓等）"", ""数据治理"", ""测试""]","[""智能数据血缘分析工具""]","{""总体饱和度"": 110, ""开发/实施占比"": 59.0, ""会议沟通占比"": 15.7, ""文档撰写占比"": 8.1, ""学习提升占比"": 17.3, ""负荷等级"": ""高负荷""}",,65,及格,6115,0,22.3,92,61,61,87
39,300039,石超夏,信息统计部,数据分析,30.5,男,硕士,0.2,2.6,3.84,1,1,3,0,2,0,7.8,0,0,0,0,1,0,1,0,0,无,2,0,0,5,0,0,1,0,16,是,1,3,3,1,3,4,2,4,5,3,4,5,3,2,1,A,A+,A-,数学,羽毛球,石超夏（信息统计部/数据分析） | 男，30.5岁，硕士，行龄0.2年 | 绩效3.84分，日均工时7.8h，牵头项目0个 | 角色：外部PM | 最强技能：数学与建模理论基础(5分)、应用开发能力(4分)、算法模型开发能力(3分) | 软技能：创新思维5分/学习能力4分/任务拆解能力3分 | 360评价：上级A/同级A+ | 岗位匹配：低-错配风险(技能均分2.3) | 分组：标准质量组 | 工作类型：数据分析/开发（含模型、应用、数仓等）/需求分析 | 饱和度：81.3%(正常) | 手头项目：East数据质量AI分析、授信政策管理系统日常运维与功能迭代,监管统计组,"[""新行员培训项目数据需求调研，输出数据清洗模块分析结论"", ""数据运维平台业务指标体系建设，完成数据接入层的报表开发"", ""综合监管报送业务指标体系建设，完成可视化组件的报表开发"", ""Hadoop集群数据挖掘模型训练，完成特征工程模块的预测分析""]","[""East数据质量AI分析"", ""授信政策管理系统日常运维与功能迭代""]","[""数据分析"", ""开发（含模型、应用、数仓等）"", ""需求分析""]","[""数据测试平台"", ""统一调度平台""]","{""总体饱和度"": 81.3, ""开发/实施占比"": 42.7, ""会议沟通占比"": 11.3, ""文档撰写占比"": 7.2, ""学习提升占比"": 38.8, ""负荷等级"": ""正常""}",,43,不及格,14280,1,17.0,74,57,71,85
40,300040,赵川艳,数据开发部,数据分析,33.4,女,本科,1.8,7.0,3.36,1,0,0,0,1,1,6.0,0,0,0,0,0,0,1,0,0,无,3,0,1,3,0,2,0,0,19,否,2,3,3,3,3,5,3,4,4,2,2,4,2,5,3,A,A,A,项目管理,旅游,赵川艳（数据开发部/数据分析） | 女，33.4岁，本科，行龄1.8年 | 绩效3.36分，日均工时6.0h，牵头项目1个 | 最强技能：应用开发能力(4分)、数学与建模理论基础(4分)、算法模型开发能力(3分) | 软技能：领导力5分/创新思维4分/团队合作3分 | 360评价：上级A/同级A | 岗位匹配：低-错配风险(技能均分2.7) | 分组：需求接入组 | 工作类型：数据分析/需求分析/开发（含模型、应用、数仓等） | 饱和度：66.7%(偏低) | 手头项目：智能工单场景、NL2SQL产品POC、火山引擎POC、零售客户关系管理日常运维与功能迭代,模型设计组,"[""反电诈管理系统数据挖掘模型训练，完成Prompt管理模块的预测分析"", ""参与智能工单场景数据分析专项，完成报表生成模块的深度挖掘"", ""DataFun论坛项目数据需求调研，输出任务调度模块分析结论"", ""中试基地项目数据需求调研，输出测试框架分析结论"", ""统一调度平台A/B测试方案设计，完成数据清洗模块的效果评估""]","[""智能工单场景"", ""NL2SQL产品POC"", ""火山引擎POC"", ""零售客户关系管理日常运维与功能迭代""]","[""数据分析"", ""需求分析"", ""开发（含模型、应用、数仓等）""]","[""数据采集工具"", ""信用风险监测预警""]","{""总体饱和度"": 66.7, ""开发/实施占比"": 60.8, ""会议沟通占比"": 19.6, ""文档撰写占比"": 11.1, ""学习提升占比"": 8.5, ""负荷等级"": ""偏低""}",,77,良好,9970,1,20.9,69,78,73,81
41,300041,许云,智能应用二部,应用研发,23.5,女,博士,5.6,7.5,3.35,0,1,2,1,0,0,7.7,0,0,0,0,0,1,0,0,1,优秀导师,0,0,1,2,0,1,1,1,21,否,3,3,2,4,2,5,4,5,1,1,1,4,4,2,3,B-,B,B+,沟通,阅读,许云（智能应用二部/应用研发） | 女，23.5岁，博士，行龄5.6年 | 绩效3.35分，日均工时7.7h，牵头项目0个 | 最强技能：应用开发能力(5分)、SQL开发(4分)、技术架构设计(4分) | 软技能：创新思维4分/任务拆解能力4分/团队合作3分 | 360评价：上级B-/同级B | 岗位匹配：高(技能均分4.5) | 分组：风险模型组 | 工作类型：开发（含模型、应用、数仓等）/生产运维/测试 | 饱和度：78.9%(正常) | 手头项目：AI创意比赛、知识库问答体系建设、Hadoop数据仓库日常运维与功能迭代,AI产品运营组,"[""智能数据血缘分析工具微服务架构升级，完成测试框架的服务拆分与治理"", ""AI客户经营技术方案设计，输出模型训练层的详细设计文档"", ""参与信贷场景MVP代码评审，完成测试框架的技术债务清理""]","[""AI创意比赛"", ""知识库问答体系建设"", ""Hadoop数据仓库日常运维与功能迭代""]","[""开发（含模型、应用、数仓等）"", ""生产运维"", ""测试""]","[""公共智能体工作站""]","{""总体饱和度"": 78.9, ""开发/实施占比"": 69.3, ""会议沟通占比"": 20.1, ""文档撰写占比"": 14.3, ""学习提升占比"": 0, ""负荷等级"": ""正常""}",,70,良好,8217,3,32.0,99,68,87,47
42,300042,万言初,数据开发部,数据研发,22.0,女,博士,1.2,2.2,3.87,0,0,2,3,0,2,8.0,1,0,0,0,0,0,0,1,0,无,2,0,1,2,1,0,0,1,26,否,3,4,3,3,3,3,4,4,3,3,5,2,4,5,3,B+,A+,A-,编程,阅读,万言初（数据开发部/数据研发） | 女，22.0岁，博士，行龄1.2年 | 绩效3.87分，日均工时8.0h，牵头项目2个 | 角色：组长/骨干 | 最强技能：算法模型开发能力(4分)、技术架构设计(4分)、应用开发能力(4分) | 软技能：学习能力5分/领导力5分/任务拆解能力4分 | 360评价：上级B+/同级A+ | 岗位匹配：中(技能均分3.0) | 分组：零售应用组 | 工作类型：开发（含模型、应用、数仓等）/测试/数据治理 | 饱和度：105.1%(高负荷) | 手头项目：AI创意比赛、East数据质量AI分析、客服辅助项目、数据测试平台日常运维与功能迭代,应用开发组,"[""联机服务集群数据模型设计与开发，完成特征工程模块的ETL流程优化"", ""信贷场景MVP数据质量检核规则配置，修复Prompt管理模块数据异常"", ""参与外搜接口采购数据架构评审，输出用户权限模块技术方案"", ""参与A模式POC验证数据架构评审，输出前端展示层技术方案""]","[""AI创意比赛"", ""East数据质量AI分析"", ""客服辅助项目"", ""数据测试平台日常运维与功能迭代""]","[""开发（含模型、应用、数仓等）"", ""测试"", ""数据治理""]","[""智能数据血缘分析工具""]","{""总体饱和度"": 105.1, ""开发/实施占比"": 58.8, ""会议沟通占比"": 13.2, ""文档撰写占比"": 5.6, ""学习提升占比"": 22.4, ""负荷等级"": ""高负荷""}",,81,良好,7369,1,6.4,46,76,81,81
43,300043,钟学,数据平台部,应用研发,27.8,女,硕士,2.2,2.7,3.67,1,1,0,0,1,0,7.1,0,0,0,0,0,0,0,0,0,无,2,1,2,0,0,0,0,0,23,否,4,4,1,3,3,1,2,3,2,4,4,3,3,2,3,A-,B+,B,英语,无,钟学（数据平台部/应用研发） | 女，27.8岁，硕士，行龄2.2年 | 绩效3.67分，日均工时7.1h，牵头项目0个 | 最强技能：数据分析工具运用能力(4分)、算法模型开发能力(4分)、编程与工程实现(4分) | 软技能：学习能力4分/创新思维3分/任务拆解能力3分 | 360评价：上级A-/同级B+ | 岗位匹配：低-错配风险(技能均分2.5) | 分组：数据安全组 | 工作类型：开发（含模型、应用、数仓等）/测试/生产运维 | 饱和度：67.3%(偏低) | 手头项目：East数据质量AI分析、公共智能体工作站日常运维与功能迭代,运维支持组,"[""Kafka消息集群后端服务开发，完成推理服务层的接口设计与实现"", ""实时开发平台容器化部署，完成数据接入层的CI/CD流程配置"", ""数据测试平台安全漏洞修复，完成前端展示层的代码审计与加固""]","[""East数据质量AI分析"", ""公共智能体工作站日常运维与功能迭代""]","[""开发（含模型、应用、数仓等）"", ""测试"", ""生产运维""]","[""离线数据开发"", ""统一调度平台""]","{""总体饱和度"": 67.3, ""开发/实施占比"": 45.4, ""会议沟通占比"": 10.8, ""文档撰写占比"": 10.8, ""学习提升占比"": 33.0, ""负荷等级"": ""偏低""}",,73,良好,13906,3,19.3,70,75,54,72
44,300044,侯秀英国,信息统计部,架构管理,24.6,男,本科,4.1,5.4,3.66,1,0,1,1,1,3,7.6,0,0,1,0,0,0,0,0,1,技术标兵,0,2,1,3,0,2,0,0,17,是,1,4,3,5,4,3,3,5,4,4,3,2,3,4,4,A+,B-,B,演讲,音乐,侯秀英国（信息统计部/架构管理） | 男，24.6岁，本科，行龄4.1年 | 绩效3.66分，日均工时7.6h，牵头项目3个 | 最强技能：SQL开发(5分)、应用开发能力(5分)、算法模型开发能力(4分) | 软技能：领导力4分/团队合作4分/学习能力3分 | 360评价：上级A+/同级B- | 岗位匹配：高(技能均分4.0) | 分组：监管数据治理 | 工作类型：架构设计/技术评审/项目管理（含外包管理） | 饱和度：78.0%(正常) | 手头项目：East数据质量AI分析、数据安全脱敏网关系统日常运维与功能迭代,管理信息组,"[""长文本智能分析云原生架构规划，完成测试框架的容器化改造方案"", ""实时开发平台技术选型评估，完成消息队列模块的POC验证与决策"", ""联机服务集群技术架构设计，完成可视化组件的方案评审与优化"", ""Hadoop数据仓库技术选型评估，完成特征工程模块的POC验证与决策"", ""尽调报告助手性能压测方案设计，完成知识图谱模块的容量规划""]","[""East数据质量AI分析"", ""数据安全脱敏网关系统日常运维与功能迭代""]","[""架构设计"", ""技术评审"", ""项目管理（含外包管理）""]","[""数据安全脱敏网关系统"", ""Hadoop集群""]","{""总体饱和度"": 78.0, ""开发/实施占比"": 48.2, ""会议沟通占比"": 22.8, ""文档撰写占比"": 8.5, ""学习提升占比"": 20.6, ""负荷等级"": ""正常""}",,73,良好,9102,1,22.8,73,69,76,72
45,300045,黎一思,智能平台部,算法工程,28.1,女,本科,4.8,3.0,3.74,0,1,0,1,1,1,9.6,0,0,0,1,0,0,0,1,0,无,0,0,0,2,2,0,0,0,32,是,3,4,3,5,4,3,3,4,4,3,3,3,3,3,3,B-,B-,A-,数学,音乐,黎一思（智能平台部/算法工程） | 女，28.1岁，本科，行龄4.8年 | 绩效3.74分，日均工时9.6h，牵头项目1个 | 角色：内部PM | 最强技能：SQL开发(5分)、算法模型开发能力(4分)、数据模型设计(4分) | 软技能：学习能力3分/创新思维3分/任务拆解能力3分 | 360评价：上级B-/同级B- | 岗位匹配：中(技能均分3.5) | 分组：标准质量组 | 工作类型：开发（含模型、应用、数仓等）/数据分析/项目管理（含外包管理） | 饱和度：103.0%(高负荷) | 手头项目：大模型客服技改、尽调报告智能体、East数据质量AI分析、数据运维平台日常运维与功能迭代,风险模型组,"[""授信政策知识体系算法方案评审，输出监控告警模块的技术可行性分析"", ""授信政策管理系统机器学习模型训练，完成测试框架的特征工程与调参"", ""离线数据开发模型效果评估，完成测试框架的A/B测试与迭代""]","[""大模型客服技改"", ""尽调报告智能体"", ""East数据质量AI分析"", ""数据运维平台日常运维与功能迭代""]","[""开发（含模型、应用、数仓等）"", ""数据分析"", ""项目管理（含外包管理）""]","[""大模型智能体"", ""智能外呼分析""]","{""总体饱和度"": 103.0, ""开发/实施占比"": 46.6, ""会议沟通占比"": 13.3, ""文档撰写占比"": 6.0, ""学习提升占比"": 34.1, ""负荷等级"": ""高负荷""}",,88,优秀,9249,2,9.3,72,72,80,77
46,300046,白东强,信息管理部,需求分析,29.8,男,硕士,2.7,3.6,2.76,1,0,1,4,2,1,8.8,1,1,0,0,0,0,0,0,0,无,3,1,2,3,0,0,0,1,22,否,4,5,5,3,5,3,3,4,2,2,4,3,4,4,4,B,A-,A,沟通,游戏,白东强（信息管理部/需求分析） | 男，29.8岁，硕士，行龄2.7年 | 绩效2.76分，日均工时8.8h，牵头项目1个 | 角色：组长/骨干、重点项目成员 | 最强技能：算法模型开发能力(5分)、营销运营能力(5分)、数据模型设计(5分) | 软技能：学习能力4分/任务拆解能力4分/领导力4分 | 360评价：上级B/同级A- | 分组：监管统计组 | 工作类型：需求分析/项目管理（含外包管理）/数据分析 | 饱和度：101.8%(高负荷) | 手头项目：AI客户经营、智能外呼分析、会话式人工智能服务日常运维与功能迭代,管理信息组,"[""零售客户关系管理业务需求调研，完成向量检索模块的需求文档编写"", ""会话式人工智能服务竞品分析，完成知识图谱模块的功能对标与差距分析"", ""参与外搜接口采购需求变更管理，完成知识图谱模块的影响评估"", ""实时数据集群用户访谈与痛点分析，输出报表生成模块的需求规格说明书""]","[""AI客户经营"", ""智能外呼分析"", ""会话式人工智能服务日常运维与功能迭代""]","[""需求分析"", ""项目管理（含外包管理）"", ""数据分析""]","[""数据测试平台""]","{""总体饱和度"": 101.8, ""开发/实施占比"": 42.8, ""会议沟通占比"": 14.3, ""文档撰写占比"": 9.4, ""学习提升占比"": 33.5, ""负荷等级"": ""高负荷""}",,46,不及格,1863,0,32.8,78,99,73,89
47,300047,汪晚静,研发管理部,应用研发,28.3,女,本科,2.0,3.8,3.88,1,1,2,2,0,1,7.2,1,0,0,0,0,0,0,1,0,无,1,0,0,1,0,0,0,1,26,否,5,5,4,3,4,3,3,3,4,4,3,4,1,4,3,A+,A+,A,培训,音乐,汪晚静（研发管理部/应用研发） | 女，28.3岁，本科，行龄2.0年 | 绩效3.88分，日均工时7.2h，牵头项目1个 | 角色：组长/骨干 | 最强技能：数据分析工具运用能力(5分)、算法模型开发能力(5分)、营销运营能力(4分) | 软技能：创新思维4分/领导力4分/学习能力3分 | 360评价：上级A+/同级A+ | 岗位匹配：中(技能均分3.0) | 分组：服务管理组 | 工作类型：开发（含模型、应用、数仓等）/生产运维/测试 | 饱和度：91.5%(饱和) | 手头项目：智能工单场景、智能外呼分析、数据安全脱敏网关系统日常运维与功能迭代,技术规划组,"[""客服助手容器化部署，完成特征工程模块的CI/CD流程配置"", ""公共智能体工作站性能优化，完成特征工程模块的并发处理能力提升"", ""尽调报告助手容器化部署，完成缓存层的CI/CD流程配置"", ""授信政策管理系统后端服务开发，完成消息队列模块的接口设计与实现"", ""零小海信义贷技改技术方案设计，输出向量检索模块的详细设计文档""]","[""智能工单场景"", ""智能外呼分析"", ""数据安全脱敏网关系统日常运维与功能迭代""]","[""开发（含模型、应用、数仓等）"", ""生产运维"", ""测试""]","[""East数据质量分析""]","{""总体饱和度"": 91.5, ""开发/实施占比"": 64.2, ""会议沟通占比"": 17.4, ""文档撰写占比"": 13.6, ""学习提升占比"": 4.8, ""负荷等级"": ""饱和""}",,67,及格,12612,2,26.5,95,52,82,82
48,300048,孔沐,智能应用二部,算法工程,37.5,男,博士,6.1,0.5,3.81,2,0,1,3,1,1,6.5,0,0,1,0,0,0,0,0,0,无,2,0,1,1,1,1,0,0,20,否,1,4,2,2,4,4,2,5,4,2,5,2,4,3,3,B,B,A,演讲,游戏,孔沐（智能应用二部/算法工程） | 男，37.5岁，博士，行龄6.1年 | 绩效3.81分，日均工时6.5h，牵头项目1个 | 最强技能：应用开发能力(5分)、算法模型开发能力(4分)、数据模型设计(4分) | 软技能：学习能力5分/任务拆解能力4分/领导力3分 | 360评价：上级B/同级B | 岗位匹配：中(技能均分3.0) | 分组：工具开发组 | 工作类型：开发（含模型、应用、数仓等）/项目管理（含外包管理）/数据分析 | 饱和度：69.7%(偏低) | 手头项目：East数据质量AI分析、East数据质量分析日常运维与功能迭代,零售应用组,"[""长文本智能分析模型效果评估，完成日志审计模块的A/B测试与迭代"", ""实时数据集群大模型微调训练，完成测试框架的Prompt工程优化"", ""零售客户关系管理机器学习模型训练，完成缓存层的特征工程与调参"", ""绿色金融业务管理大模型微调训练，完成用户权限模块的Prompt工程优化"", ""公共智能体工作站RAG检索链路开发，完成数据清洗模块的向量数据库接入""]","[""East数据质量AI分析"", ""East数据质量分析日常运维与功能迭代""]","[""开发（含模型、应用、数仓等）"", ""项目管理（含外包管理）"", ""数据分析""]","[""授信政策管理系统""]","{""总体饱和度"": 69.7, ""开发/实施占比"": 62.3, ""会议沟通占比"": 11.5, ""文档撰写占比"": 8.5, ""学习提升占比"": 17.7, ""负荷等级"": ""偏低""}",,48,不及格,3266,2,0.0,67,94,87,72
49,300049,汪湖,数据开发部,需求分析,32.1,男,博士,6.7,3.7,3.01,1,0,1,2,0,3,7.8,0,1,0,1,1,1,0,1,0,无,0,0,2,1,1,1,1,0,23,是,2,3,2,5,3,3,4,4,4,2,5,4,3,3,3,B+,B+,A+,培训,无,汪湖（数据开发部/需求分析） | 男，32.1岁，博士，行龄6.7年 | 绩效3.01分，日均工时7.8h，牵头项目3个 | 角色：重点项目成员、内部PM、外部PM | 最强技能：SQL开发(5分)、技术架构设计(4分)、应用开发能力(4分) | 软技能：学习能力5分/创新思维4分/任务拆解能力3分 | 360评价：上级B+/同级B+ | 分组：数据服务组 | 工作类型：需求分析/数据分析/项目管理（含外包管理） | 饱和度：89.6%(饱和) | 手头项目：East数据质量AI分析、信贷场景MVP日常运维与功能迭代,模型设计组,"[""离线数据开发用户访谈与痛点分析，输出可视化组件的需求规格说明书"", ""数据采集工具用户体验优化，完成向量检索模块的交互流程改进"", ""参与智能外呼分析需求变更管理，完成向量检索模块的影响评估""]","[""East数据质量AI分析"", ""信贷场景MVP日常运维与功能迭代""]","[""需求分析"", ""数据分析"", ""项目管理（含外包管理）""]","[""Hadoop集群""]","{""总体饱和度"": 89.6, ""开发/实施占比"": 62.4, ""会议沟通占比"": 17.4, ""文档撰写占比"": 14.2, ""学习提升占比"": 6.1, ""负荷等级"": ""饱和""}",,59,不及格,11185,1,19.9,81,90,48,66
50,300050,何东,信息管理部,应用研发,32.0,女,硕士,5.2,2.4,3.39,1,1,0,0,2,0,7.9,0,0,0,0,0,0,0,0,1,技术标兵,0,0,1,4,0,1,0,1,24,是,3,4,3,5,1,3,2,3,5,4,4,1,3,5,4,A+,A+,A,设计,游泳,何东（信息管理部/应用研发） | 女，32.0岁，硕士，行龄5.2年 | 绩效3.39分，日均工时7.9h，牵头项目0个 | 最强技能：SQL开发(5分)、数学与建模理论基础(5分)、算法模型开发能力(4分) | 软技能：领导力5分/学习能力4分/团队合作4分 | 360评价：上级A+/同级A+ | 岗位匹配：低-错配风险(技能均分2.5) | 分组：非零BP | 工作类型：开发（含模型、应用、数仓等）/测试/生产运维 | 饱和度：81.4%(正常) | 手头项目：智能外呼分析、数据运维平台日常运维与功能迭代,服务支持组,"[""长文本智能分析安全漏洞修复，完成数据清洗模块的代码审计与加固"", ""East数据质量分析安全漏洞修复，完成消息队列模块的代码审计与加固"", ""冷热分离工具后端服务开发，完成指标计算模块的接口设计与实现"", ""信用风险监测预警性能优化，完成向量检索模块的并发处理能力提升"", ""智能问数助手安全漏洞修复，完成API网关模块的代码审计与加固""]","[""智能外呼分析"", ""数据运维平台日常运维与功能迭代""]","[""开发（含模型、应用、数仓等）"", ""测试"", ""生产运维""]","[""Hadoop集群""]","{""总体饱和度"": 81.4, ""开发/实施占比"": 68.8, ""会议沟通占比"": 23.9, ""文档撰写占比"": 12.5, ""学习提升占比"": 0, ""负荷等级"": ""正常""}",,64,及格,3594,2,24.9,60,79,63,56
51,300051,曹志欢,数据开发部,架构管理,33.5,男,本科,3.4,2.8,3.49,0,0,0,3,1,3,8.6,0,0,0,1,0,0,0,0,1,优秀导师,0,0,0,1,1,0,0,1,26,否,3,3,2,3,3,4,3,1,2,3,3,3,3,3,4,A-,A+,A,演讲,烹饪,曹志欢（数据开发部/架构管理） | 男，33.5岁，本科，行龄3.4年 | 绩效3.49分，日均工时8.6h，牵头项目3个 | 角色：内部PM | 最强技能：数据分析工具运用能力(3分)、算法模型开发能力(3分)、SQL开发(3分) | 软技能：团队合作4分/学习能力3分/创新思维3分 | 360评价：上级A-/同级A+ | 岗位匹配：低-错配风险(技能均分2.0) | 分组：项目管理团队 | 工作类型：架构设计/技术评审/项目管理（含外包管理） | 饱和度：92.2%(饱和) | 手头项目：长文本智能分析、实时数据集群日常运维与功能迭代,应用开发组,"[""知识库问答体系建设架构治理，输出任务调度模块的架构规范与标准"", ""DWS数据集群安全架构评审，完成特征工程模块的合规性检查"", ""统一调度平台安全架构评审，完成API网关模块的合规性检查""]","[""长文本智能分析"", ""实时数据集群日常运维与功能迭代""]","[""架构设计"", ""技术评审"", ""项目管理（含外包管理）""]","[""长文本智能分析"", ""AI手机银行""]","{""总体饱和度"": 92.2, ""开发/实施占比"": 66.4, ""会议沟通占比"": 20.5, ""文档撰写占比"": 6.4, ""学习提升占比"": 6.7, ""负荷等级"": ""饱和""}",,73,良好,3859,0,20.6,40,68,72,75
52,300052,苏学,智能应用二部,应用研发,25.0,男,本科,1.5,6.5,3.44,0,0,1,3,1,2,7.5,0,0,0,0,0,0,0,0,1,金雁奖,1,1,0,5,0,0,0,1,25,是,4,4,3,4,4,4,2,1,5,2,3,4,3,2,3,A-,B-,B-,项目管理,音乐,苏学（智能应用二部/应用研发） | 男，25.0岁，本科，行龄1.5年 | 绩效3.44分，日均工时7.5h，牵头项目2个 | 最强技能：数学与建模理论基础(5分)、数据分析工具运用能力(4分)、算法模型开发能力(4分) | 软技能：创新思维4分/学习能力3分/任务拆解能力3分 | 360评价：上级A-/同级B- | 岗位匹配：低-错配风险(技能均分1.5) | 分组：数据服务组 | 工作类型：开发（含模型、应用、数仓等）/测试/生产运维 | 饱和度：82.7%(正常) | 手头项目：East数据质量AI分析、公共智能体工作站日常运维与功能迭代,对公应用组,"[""会话式人工智能服务性能优化，完成可视化组件的并发处理能力提升"", ""East数据质量分析安全漏洞修复，完成数据接入层的代码审计与加固"", ""智能外呼分析安全漏洞修复，完成知识图谱模块的代码审计与加固"", ""绿色金融业务管理容器化部署，完成日志审计模块的CI/CD流程配置""]","[""East数据质量AI分析"", ""公共智能体工作站日常运维与功能迭代""]","[""开发（含模型、应用、数仓等）"", ""测试"", ""生产运维""]","[""联机服务集群""]","{""总体饱和度"": 82.7, ""开发/实施占比"": 63.1, ""会议沟通占比"": 10.4, ""文档撰写占比"": 14.5, ""学习提升占比"": 12.0, ""负荷等级"": ""正常""}",,79,良好,11405,1,13.8,66,47,99,63
53,300053,沈嘉昊,数据开发部,应用研发,35.5,男,硕士,1.5,1.3,3.67,0,1,2,3,0,0,8.6,0,0,0,1,0,0,0,1,0,无,0,0,2,3,2,1,0,0,25,是,3,4,2,3,3,4,1,3,2,3,4,4,2,2,2,A+,B+,B+,无,音乐,沈嘉昊（数据开发部/应用研发） | 男，35.5岁，硕士，行龄1.5年 | 绩效3.67分，日均工时8.6h，牵头项目0个 | 角色：内部PM | 最强技能：算法模型开发能力(4分)、数据分析工具运用能力(3分)、SQL开发(3分) | 软技能：学习能力4分/创新思维4分/任务拆解能力2分 | 360评价：上级A+/同级B+ | 岗位匹配：低-错配风险(技能均分2.0) | 分组：标准质量组 | 工作类型：开发（含模型、应用、数仓等）/测试/生产运维 | 饱和度：86.7%(饱和) | 手头项目：East数据质量AI分析、East数据质量分析日常运维与功能迭代,模型设计组,"[""AI手机银行性能优化，完成API网关模块的并发处理能力提升"", ""智能问数助手微服务架构升级，完成模型训练层的服务拆分与治理"", ""数据采集工具容器化部署，完成报表生成模块的CI/CD流程配置"", ""智能数据血缘分析工具前端页面开发，完成报表生成模块的交互逻辑优化""]","[""East数据质量AI分析"", ""East数据质量分析日常运维与功能迭代""]","[""开发（含模型、应用、数仓等）"", ""测试"", ""生产运维""]","[""Hadoop集群"", ""Kafka消息集群""]","{""总体饱和度"": 86.7, ""开发/实施占比"": 68.2, ""会议沟通占比"": 15.8, ""文档撰写占比"": 13.1, ""学习提升占比"": 2.9, ""负荷等级"": ""饱和""}",,57,不及格,500,1,28.5,60,70,87,54
54,300054,闫达蓝,智能应用一部,需求分析,30.1,男,本科,4.3,5.3,4.21,2,0,0,8,2,0,10.0,1,1,0,0,0,0,0,1,0,无,1,0,0,0,1,2,1,1,19,是,2,4,1,1,2,2,4,3,3,3,2,3,1,3,4,B-,B,A,演讲,运动,闫达蓝（智能应用一部/需求分析） | 男，30.1岁，本科，行龄4.3年 | 绩效4.21分，日均工时10.0h，牵头项目0个 | 角色：组长/骨干、重点项目成员 | 最强技能：算法模型开发能力(4分)、技术架构设计(4分)、应用开发能力(3分) | 软技能：团队合作4分/创新思维3分/领导力3分 | 360评价：上级B-/同级B | 分组：架构安全组 | 工作类型：需求分析/项目管理（含外包管理）/数据分析 | 饱和度：106.6%(高负荷) | 手头项目：对公信贷智能化、长文本智能分析、AI创意比赛、信用风险监测预警日常运维与功能迭代,零售应用组,"[""知识库问答系统用户访谈与痛点分析，输出报表生成模块的需求规格说明书"", ""参与East数据质量AI分析需求变更管理，完成Prompt管理模块的影响评估"", ""信用风险监测预警业务流程梳理，完成模型训练层的原型设计与验证"", ""信贷场景MVP业务流程梳理，完成监控告警模块的原型设计与验证""]","[""对公信贷智能化"", ""长文本智能分析"", ""AI创意比赛"", ""信用风险监测预警日常运维与功能迭代""]","[""需求分析"", ""项目管理（含外包管理）"", ""数据分析""]","[""智能数据血缘分析工具""]","{""总体饱和度"": 106.6, ""开发/实施占比"": 49.4, ""会议沟通占比"": 24.4, ""文档撰写占比"": 8.1, ""学习提升占比"": 18.1, ""负荷等级"": ""高负荷""}",,60,及格,14095,1,0.0,72,69,55,58
55,300055,邵水,数据开发部,数据研发,33.8,男,本科,4.0,3.2,4.04,2,1,0,0,2,3,8.9,0,0,0,1,0,0,0,0,1,年度之星,0,1,1,2,0,0,0,0,18,是,4,4,4,1,3,4,3,3,5,4,3,1,2,3,3,B-,B-,B+,无,阅读,邵水（数据开发部/数据研发） | 男，33.8岁，本科，行龄4.0年 | 绩效4.04分，日均工时8.9h，牵头项目3个 | 角色：内部PM | 最强技能：数学与建模理论基础(5分)、数据分析工具运用能力(4分)、算法模型开发能力(4分) | 软技能：学习能力3分/领导力3分/团队合作3分 | 360评价：上级B-/同级B- | 岗位匹配：低-错配风险(技能均分2.7) | 分组：零售BP | 工作类型：开发（含模型、应用、数仓等）/测试/数据治理 | 饱和度：92.7%(饱和) | 手头项目：知识库问答体系建设、客服辅助项目、超级工作台MVP、大模型智能体日常运维与功能迭代,需求接入组,"[""尽调报告助手SQL性能调优，解决API网关模块慢查询问题"", ""参与长文本智能分析数据架构评审，输出指标计算模块技术方案"", ""公共智能体工作站实时数据链路开发，完成用户权限模块的流式计算任务""]","[""知识库问答体系建设"", ""客服辅助项目"", ""超级工作台MVP"", ""大模型智能体日常运维与功能迭代""]","[""开发（含模型、应用、数仓等）"", ""测试"", ""数据治理""]","[""数据脱敏工具""]","{""总体饱和度"": 92.7, ""开发/实施占比"": 60.6, ""会议沟通占比"": 18.6, ""文档撰写占比"": 13.0, ""学习提升占比"": 7.8, ""负荷等级"": ""饱和""}",,62,及格,6596,4,20.8,62,97,80,53
56,300056,许江冬,数据开发部,应用研发,25.3,男,本科,6.0,3.2,2.87,1,0,1,5,1,0,8.0,0,0,0,0,0,1,1,1,1,金雁奖,0,0,1,1,0,2,0,0,22,否,3,2,2,3,2,4,1,1,5,4,2,4,2,4,5,B,B+,A+,沟通,音乐,许江冬（数据开发部/应用研发） | 男，25.3岁，本科，行龄6.0年 | 绩效2.87分，日均工时8.0h，牵头项目0个 | 最强技能：数学与建模理论基础(5分)、编程与工程实现(4分)、数据分析工具运用能力(3分) | 软技能：团队合作5分/创新思维4分/领导力4分 | 360评价：上级B/同级B+ | 岗位匹配：低-错配风险(技能均分1.0) | 分组：项目管理团队 | 工作类型：开发（含模型、应用、数仓等）/生产运维/测试 | 饱和度：88.1%(饱和) | 手头项目：信用卡智能后督、客服助手日常运维与功能迭代,应用开发组,"[""客户经理超级工作台安全漏洞修复，完成日志审计模块的代码审计与加固"", ""公共智能体工作站容器化部署，完成Prompt管理模块的CI/CD流程配置"", ""统一调度平台安全漏洞修复，完成任务调度模块的代码审计与加固""]","[""信用卡智能后督"", ""客服助手日常运维与功能迭代""]","[""开发（含模型、应用、数仓等）"", ""生产运维"", ""测试""]","[""公共智能体工作站""]","{""总体饱和度"": 88.1, ""开发/实施占比"": 54.6, ""会议沟通占比"": 17.6, ""文档撰写占比"": 14.9, ""学习提升占比"": 12.9, ""负荷等级"": ""饱和""}",,62,及格,4497,2,6.2,75,72,66,64
57,300057,吴溪西,信息统计部,数据分析,23.0,女,硕士,4.5,5.2,3.81,1,0,0,2,1,0,7.9,0,0,0,0,0,0,0,0,0,无,2,0,1,0,1,1,0,0,25,是,3,1,5,3,3,2,2,2,3,2,2,3,3,3,3,A-,A-,A-,数学,绘画,吴溪西（信息统计部/数据分析） | 女，23.0岁，硕士，行龄4.5年 | 绩效3.81分，日均工时7.9h，牵头项目0个 | 最强技能：营销运营能力(5分)、数据分析工具运用能力(3分)、SQL开发(3分) | 软技能：创新思维3分/任务拆解能力3分/领导力3分 | 360评价：上级A-/同级A- | 岗位匹配：中(技能均分3.0) | 分组：AI产品运营组 | 工作类型：数据分析/开发（含模型、应用、数仓等）/需求分析 | 饱和度：88.4%(饱和) | 手头项目：智能问数二期、反电诈管理系统日常运维与功能迭代,监管统计组,"[""知识库问答系统数据可视化看板搭建，完成指标计算模块的实时监测"", ""参与新行员培训项目数据分析专项，完成消息队列模块的深度挖掘"", ""大模型智能体数据挖掘模型训练，完成可视化组件的预测分析"", ""智能数据血缘分析工具客户经营分析报告撰写，完成特征工程模块的数据洞察""]","[""智能问数二期"", ""反电诈管理系统日常运维与功能迭代""]","[""数据分析"", ""开发（含模型、应用、数仓等）"", ""需求分析""]","[""智能外呼分析""]","{""总体饱和度"": 88.4, ""开发/实施占比"": 66.7, ""会议沟通占比"": 19.8, ""文档撰写占比"": 11.7, ""学习提升占比"": 1.8, ""负荷等级"": ""饱和""}",,62,及格,5496,0,14.1,62,70,58,71
58,300058,熊艳尘,智能平台部,应用研发,34.5,女,硕士,0.2,4.4,4.16,1,0,0,3,1,3,7.7,0,0,0,0,0,0,0,0,0,无,2,0,1,4,1,2,0,0,20,否,3,3,3,1,3,4,5,4,4,4,2,3,4,2,2,A-,A-,B+,写作,烹饪,熊艳尘（智能平台部/应用研发） | 女，34.5岁，硕士，行龄0.2年 | 绩效4.16分，日均工时7.7h，牵头项目3个 | 最强技能：技术架构设计(5分)、应用开发能力(4分)、数学与建模理论基础(4分) | 软技能：任务拆解能力4分/创新思维3分/学习能力2分 | 360评价：上级A-/同级A- | 岗位匹配：高(技能均分4.5) | 分组：工具开发组 | 工作类型：开发（含模型、应用、数仓等）/生产运维/测试 | 饱和度：93.4%(饱和) | 手头项目：信贷场景MVP、客户经理超级工作台日常运维与功能迭代,风险模型组,"[""参与通用办公助手代码评审，完成前端展示层的技术债务清理"", ""智能尽调助手容器化部署，完成监控告警模块的CI/CD流程配置"", ""客服助手后端服务开发，完成API网关模块的接口设计与实现"", ""智能问数助手前端页面开发，完成日志审计模块的交互逻辑优化"", ""信贷场景MVP容器化部署，完成缓存层的CI/CD流程配置""]","[""信贷场景MVP"", ""客户经理超级工作台日常运维与功能迭代""]","[""开发（含模型、应用、数仓等）"", ""生产运维"", ""测试""]","[""长文本智能分析""]","{""总体饱和度"": 93.4, ""开发/实施占比"": 55.3, ""会议沟通占比"": 17.7, ""文档撰写占比"": 10.5, ""学习提升占比"": 16.6, ""负荷等级"": ""饱和""}",,64,及格,7044,3,10.9,82,52,73,78
59,300059,段昊怡,数据平台部,数据分析,32.3,女,本科,5.3,4.8,3.7,0,0,0,2,0,2,9.3,0,0,0,0,0,0,0,0,0,无,1,1,0,3,1,1,0,0,25,是,4,5,4,4,3,3,3,4,4,4,3,3,2,4,4,B+,A,A-,演讲,游戏,段昊怡（数据平台部/数据分析） | 女，32.3岁，本科，行龄5.3年 | 绩效3.7分，日均工时9.3h，牵头项目2个 | 最强技能：算法模型开发能力(5分)、数据分析工具运用能力(4分)、营销运营能力(4分) | 软技能：领导力4分/团队合作4分/学习能力3分 | 360评价：上级B+/同级A | 岗位匹配：高(技能均分4.3) | 分组：架构安全组 | 工作类型：数据分析/需求分析/开发（含模型、应用、数仓等） | 饱和度：97.0%(高负荷) | 手头项目：中试基地项目、尽调报告智能体、信雅达POC、East数据质量分析日常运维与功能迭代,架构安全组,"[""反电诈管理系统客户经营分析报告撰写，完成特征工程模块的数据洞察"", ""客服助手用户行为分析，完成用户权限模块的客群画像"", ""联机服务集群用户行为分析，完成日志审计模块的客群画像""]","[""中试基地项目"", ""尽调报告智能体"", ""信雅达POC"", ""East数据质量分析日常运维与功能迭代""]","[""数据分析"", ""需求分析"", ""开发（含模型、应用、数仓等）""]","[""Hadoop数据仓库"", ""数据运维平台""]","{""总体饱和度"": 97.0, ""开发/实施占比"": 69.5, ""会议沟通占比"": 23.4, ""文档撰写占比"": 7.4, ""学习提升占比"": 0, ""负荷等级"": ""高负荷""}",,47,不及格,10173,1,12.4,47,40,72,71
60,300060,董达念,智能应用一部,算法工程,26.1,女,本科,1.2,5.6,4.04,1,0,0,2,2,0,7.5,0,0,0,0,0,0,0,0,0,无,0,1,0,3,1,0,0,0,27,是,4,4,2,3,4,3,5,5,4,3,4,3,5,4,4,B+,A-,A-,写作,运动,董达念（智能应用一部/算法工程） | 女，26.1岁，本科，行龄1.2年 | 绩效4.04分，日均工时7.5h，牵头项目0个 | 最强技能：技术架构设计(5分)、应用开发能力(5分)、数据分析工具运用能力(4分) | 软技能：任务拆解能力5分/学习能力4分/领导力4分 | 360评价：上级B+/同级A- | 岗位匹配：中(技能均分3.5) | 分组：项目管理团队 | 工作类型：开发（含模型、应用、数仓等）/数据分析/项目管理（含外包管理） | 饱和度：71.7%(正常) | 手头项目：East数据质量AI分析、AI手机银行日常运维与功能迭代,对公应用组,"[""信用风险监测预警机器学习模型训练，完成特征工程模块的特征工程与调参"", ""大模型智能体模型效果评估，完成指标计算模块的A/B测试与迭代"", ""信用风险监测预警NLP模型部署，完成模型训练层的推理性能优化"", ""联机服务集群智能体开发，完成API网关模块的Agent工作流设计"", ""数据测试平台模型效果评估，完成报表生成模块的A/B测试与迭代""]","[""East数据质量AI分析"", ""AI手机银行日常运维与功能迭代""]","[""开发（含模型、应用、数仓等）"", ""数据分析"", ""项目管理（含外包管理）""]","[""长文本智能分析"", ""智能外呼分析""]","{""总体饱和度"": 71.7, ""开发/实施占比"": 54.2, ""会议沟通占比"": 16.6, ""文档撰写占比"": 10.3, ""学习提升占比"": 18.8, ""负荷等级"": ""正常""}",,59,不及格,10554,0,3.4,99,41,69,62
61,300061,贺国安,机构服务团队,需求分析,26.3,女,本科,2.4,3.1,4.5,2,1,0,1,3,2,8.1,0,0,0,1,0,0,0,0,1,优秀导师,0,0,1,2,1,1,0,1,17,是,2,4,3,4,4,3,3,3,2,4,3,2,5,5,5,A+,B,B-,项目管理,电影,贺国安（机构服务团队/需求分析） | 女，26.3岁，本科，行龄2.4年 | 绩效4.5分，日均工时8.1h，牵头项目2个 | 角色：内部PM | 最强技能：算法模型开发能力(4分)、SQL开发(4分)、数据模型设计(4分) | 软技能：任务拆解能力5分/领导力5分/团队合作5分 | 360评价：上级A+/同级B | 分组：架构安全组 | 工作类型：需求分析/数据分析/项目管理（含外包管理） | 饱和度：95.5%(高负荷) | 手头项目：零售客户分群、授信政策知识体系、对公信贷智能化、授信政策管理系统日常运维与功能迭代,非零BP,"[""East数据质量AI分析需求评审会议组织，完成API网关模块的需求澄清与确认"", ""DWS数据集群业务流程梳理，完成模型训练层的原型设计与验证"", ""组织信雅达POC业务培训，完成Prompt管理模块的操作手册编写"", ""组织新行员培训项目业务培训，完成缓存层的操作手册编写"", ""公共智能体工作站竞品分析，完成用户权限模块的功能对标与差距分析""]","[""零售客户分群"", ""授信政策知识体系"", ""对公信贷智能化"", ""授信政策管理系统日常运维与功能迭代""]","[""需求分析"", ""数据分析"", ""项目管理（含外包管理）""]","[""反电诈管理系统"", ""Hadoop数据仓库""]","{""总体饱和度"": 95.5, ""开发/实施占比"": 68.7, ""会议沟通占比"": 16.5, ""文档撰写占比"": 5.6, ""学习提升占比"": 9.2, ""负荷等级"": ""高负荷""}",,52,不及格,11041,3,2.3,59,73,73,74
62,300062,姜志丽,数据开发部,需求分析,36.0,女,博士,3.7,2.5,4.01,0,1,2,3,2,0,8.1,0,1,0,1,0,0,0,1,1,创新奖,1,0,1,0,0,2,0,1,17,是,3,4,4,3,4,3,3,4,4,3,1,5,5,5,4,A-,B+,B-,培训,电影,姜志丽（数据开发部/需求分析） | 女，36.0岁，博士，行龄3.7年 | 绩效4.01分，日均工时8.1h，牵头项目0个 | 角色：重点项目成员、内部PM | 最强技能：算法模型开发能力(4分)、营销运营能力(4分)、数据模型设计(4分) | 软技能：创新思维5分/任务拆解能力5分/领导力5分 | 360评价：上级A-/同级B+ | 分组：标准质量组 | 工作类型：需求分析/项目管理（含外包管理）/数据分析 | 饱和度：81.9%(正常) | 手头项目：East数据质量AI分析、信用风险监测预警日常运维与功能迭代,数仓开发组,"[""反诈机器学习模型需求评审会议组织，完成任务调度模块的需求澄清与确认"", ""零售客户关系管理业务流程梳理，完成数据清洗模块的原型设计与验证"", ""AI手机银行用户体验优化，完成模型训练层的交互流程改进""]","[""East数据质量AI分析"", ""信用风险监测预警日常运维与功能迭代""]","[""需求分析"", ""项目管理（含外包管理）"", ""数据分析""]","[""数据安全脱敏网关系统"", ""Hadoop数据仓库""]","{""总体饱和度"": 81.9, ""开发/实施占比"": 42.1, ""会议沟通占比"": 12.9, ""文档撰写占比"": 10.8, ""学习提升占比"": 34.2, ""负荷等级"": ""正常""}",,78,良好,7520,1,21.1,70,64,80,82
63,300063,万健志,综合管理部,应用研发,24.8,男,本科,7.2,1.6,3.63,2,0,0,0,0,3,7.6,0,0,0,0,0,0,0,0,1,年度之星,2,1,0,1,0,0,0,0,20,否,4,4,4,2,1,3,3,5,3,5,2,4,4,3,5,B,B-,B+,演讲,摄影,万健志（综合管理部/应用研发） | 男，24.8岁，本科，行龄7.2年 | 绩效3.63分，日均工时7.6h，牵头项目3个 | 最强技能：应用开发能力(5分)、编程与工程实现(5分)、数据分析工具运用能力(4分) | 软技能：团队合作5分/创新思维4分/任务拆解能力4分 | 360评价：上级B/同级B- | 岗位匹配：高(技能均分4.0) | 分组：服务管理组 | 工作类型：开发（含模型、应用、数仓等）/生产运维/测试 | 饱和度：94.6%(饱和) | 手头项目：绿色金融智能体、极客大赛、客户经理超级工作台日常运维与功能迭代,行政事务组,"[""实时数据集群后端服务开发，完成用户权限模块的接口设计与实现"", ""数据安全脱敏网关系统容器化部署，完成任务调度模块的CI/CD流程配置"", ""数据采集工具性能优化，完成Prompt管理模块的并发处理能力提升""]","[""绿色金融智能体"", ""极客大赛"", ""客户经理超级工作台日常运维与功能迭代""]","[""开发（含模型、应用、数仓等）"", ""生产运维"", ""测试""]","[""智能数据血缘分析工具"", ""大模型智能体""]","{""总体饱和度"": 94.6, ""开发/实施占比"": 49.5, ""会议沟通占比"": 20.2, ""文档撰写占比"": 5.2, ""学习提升占比"": 25.0, ""负荷等级"": ""饱和""}",,38,不及格,9443,3,13.2,41,88,58,45
64,300064,姜武,信息管理部,负责人,38.5,女,本科,9.5,2.1,4.02,1,0,0,3,1,3,6.7,0,0,0,0,0,0,0,1,0,无,2,0,1,3,0,0,1,1,22,否,4,5,3,3,4,4,3,2,3,4,2,2,3,4,1,A-,A-,B+,设计,旅游,姜武（信息管理部/负责人） | 女，38.5岁，本科，行龄9.5年 | 绩效4.02分，日均工时6.7h，牵头项目3个 | 最强技能：算法模型开发能力(5分)、数据分析工具运用能力(4分)、数据模型设计(4分) | 软技能：领导力4分/任务拆解能力3分/学习能力2分 | 360评价：上级A-/同级A- | 分组：项目管理团队 | 工作类型：项目管理（含外包管理）/其他/需求分析 | 饱和度：78.6%(正常) | 手头项目：知识库问答体系建设、大模型智能体日常运维与功能迭代,服务支持组,"[""参与外搜接口采购战略对接，完成模型训练层的高层汇报材料"", ""智能外呼分析科室技术规划，输出报表生成模块的年度技术路线图"", ""参与智能工单场景战略对接，完成用户权限模块的高层汇报材料"", ""DataFun论坛项目团队管理与目标分解，完成指标计算模块的OKR制定与跟踪"", ""外搜接口采购科室重点工作推进，完成Prompt管理模块的月度汇报材料""]","[""知识库问答体系建设"", ""大模型智能体日常运维与功能迭代""]","[""项目管理（含外包管理）"", ""其他"", ""需求分析""]","[""智能数据血缘分析工具""]","{""总体饱和度"": 78.6, ""开发/实施占比"": 66.1, ""会议沟通占比"": 17.3, ""文档撰写占比"": 10.8, ""学习提升占比"": 5.7, ""负荷等级"": ""正常""}",,55,不及格,7043,3,28.2,77,80,58,62
65,300065,钱南军,机构服务团队,算法工程,26.2,女,硕士,4.4,9.3,3.58,2,0,0,2,0,2,8.4,1,0,0,0,0,1,1,1,1,质量之星,0,0,0,0,2,1,1,0,18,是,4,4,4,1,5,2,3,4,3,1,3,3,2,3,2,A+,B+,B+,演讲,音乐,钱南军（机构服务团队/算法工程） | 女，26.2岁，硕士，行龄4.4年 | 绩效3.58分，日均工时8.4h，牵头项目2个 | 角色：组长/骨干 | 最强技能：数据模型设计(5分)、数据分析工具运用能力(4分)、算法模型开发能力(4分) | 软技能：学习能力3分/创新思维3分/领导力3分 | 360评价：上级A+/同级B+ | 岗位匹配：低-错配风险(技能均分2.0) | 分组：服务支持组 | 工作类型：开发（含模型、应用、数仓等）/数据分析/项目管理（含外包管理） | 饱和度：110%(高负荷) | 手头项目：A模式POC验证、智能工单场景、超级工作台MVP、数据安全脱敏网关系统日常运维与功能迭代,零售BP,"[""智能尽调助手RAG检索链路开发，完成推理服务层的向量数据库接入"", ""长文本智能分析机器学习模型训练，完成消息队列模块的特征工程与调参"", ""实时开发平台机器学习模型训练，完成任务调度模块的特征工程与调参"", ""数据运维平台机器学习模型训练，完成知识图谱模块的特征工程与调参"", ""尽调报告助手NLP模型部署，完成消息队列模块的推理性能优化""]","[""A模式POC验证"", ""智能工单场景"", ""超级工作台MVP"", ""数据安全脱敏网关系统日常运维与功能迭代""]","[""开发（含模型、应用、数仓等）"", ""数据分析"", ""项目管理（含外包管理）""]","[""智能数据血缘分析工具"", ""信贷场景MVP""]","{""总体饱和度"": 110, ""开发/实施占比"": 46.2, ""会议沟通占比"": 17.8, ""文档撰写占比"": 14.2, ""学习提升占比"": 21.7, ""负荷等级"": ""高负荷""}",,76,良好,12989,3,9.1,62,97,78,63
66,300066,吕紫紫,综合管理部,应用研发,33.6,男,硕士,2.8,6.1,3.52,0,1,2,1,1,2,8.0,0,0,0,0,0,0,0,0,0,无,0,0,0,0,1,0,0,1,27,是,2,4,2,3,3,5,3,4,3,1,4,2,4,2,2,B,B+,A,设计,跑步,吕紫紫（综合管理部/应用研发） | 男，33.6岁，硕士，行龄2.8年 | 绩效3.52分，日均工时8.0h，牵头项目2个 | 最强技能：算法模型开发能力(4分)、应用开发能力(4分)、SQL开发(3分) | 软技能：学习能力4分/任务拆解能力4分/创新思维2分 | 360评价：上级B/同级B+ | 岗位匹配：中(技能均分3.5) | 分组：零售应用组 | 工作类型：开发（含模型、应用、数仓等）/测试/生产运维 | 饱和度：86.2%(饱和) | 手头项目：智能外呼分析、智能工单场景、长文本智能分析、实时开发平台日常运维与功能迭代,行政事务组,"[""参与信用卡智能后督代码评审，完成缓存层的技术债务清理"", ""信贷场景MVP技术方案设计，输出前端展示层的详细设计文档"", ""实时数据集群前端页面开发，完成用户权限模块的交互逻辑优化"", ""参与火山引擎POC代码评审，完成任务调度模块的技术债务清理"", ""金牌催收员微服务架构升级，完成Prompt管理模块的服务拆分与治理""]","[""智能外呼分析"", ""智能工单场景"", ""长文本智能分析"", ""实时开发平台日常运维与功能迭代""]","[""开发（含模型、应用、数仓等）"", ""测试"", ""生产运维""]","[""公共智能体工作站"", ""会话式人工智能服务""]","{""总体饱和度"": 86.2, ""开发/实施占比"": 66.4, ""会议沟通占比"": 21.5, ""文档撰写占比"": 10.3, ""学习提升占比"": 1.8, ""负荷等级"": ""饱和""}",,74,良好,13147,0,15.6,86,53,85,86
67,300067,侯溪欣,数据开发部,需求分析,28.9,女,硕士,4.3,1.1,3.34,1,0,1,2,1,4,8.6,0,0,0,0,0,1,0,1,1,最佳团队奖,1,0,0,2,0,2,0,0,23,否,4,4,4,2,4,4,3,2,5,1,5,4,4,4,4,A,B+,A-,无,游泳,侯溪欣（数据开发部/需求分析） | 女，28.9岁，硕士，行龄4.3年 | 绩效3.34分，日均工时8.6h，牵头项目4个 | 最强技能：数学与建模理论基础(5分)、数据分析工具运用能力(4分)、算法模型开发能力(4分) | 软技能：学习能力5分/创新思维4分/任务拆解能力4分 | 360评价：上级A/同级B+ | 分组：模型设计组 | 工作类型：需求分析/数据分析/项目管理（含外包管理） | 饱和度：102.5%(高负荷) | 手头项目：East数据质量AI分析、Hadoop数据仓库日常运维与功能迭代,模型设计组,"[""DWS数据集群业务流程梳理，完成消息队列模块的原型设计与验证"", ""零售客户关系管理用户体验优化，完成API网关模块的交互流程改进"", ""反电诈管理系统竞品分析，完成日志审计模块的功能对标与差距分析""]","[""East数据质量AI分析"", ""Hadoop数据仓库日常运维与功能迭代""]","[""需求分析"", ""数据分析"", ""项目管理（含外包管理）""]","[""统一调度平台""]","{""总体饱和度"": 102.5, ""开发/实施占比"": 50.7, ""会议沟通占比"": 22.7, ""文档撰写占比"": 8.8, ""学习提升占比"": 17.7, ""负荷等级"": ""高负荷""}",,64,及格,15507,1,2.2,97,81,71,71
68,300068,武安,信息管理部,架构管理,33.4,男,硕士,5.0,1.2,4.28,0,0,0,4,0,1,7.6,1,0,0,0,0,0,1,0,0,无,0,0,0,2,3,0,0,0,21,否,4,3,4,3,2,2,2,5,3,3,2,4,4,2,2,A,B,A+,写作,运动,武安（信息管理部/架构管理） | 男，33.4岁，硕士，行龄5.0年 | 绩效4.28分，日均工时7.6h，牵头项目1个 | 角色：组长/骨干 | 最强技能：应用开发能力(5分)、数据分析工具运用能力(4分)、营销运营能力(4分) | 软技能：创新思维4分/任务拆解能力4分/学习能力2分 | 360评价：上级A/同级B | 岗位匹配：中(技能均分3.5) | 分组：AI产品运营组 | 工作类型：架构设计/项目管理（含外包管理）/技术评审 | 饱和度：90.5%(饱和) | 手头项目：智能工单场景、统一调度平台日常运维与功能迭代,服务支持组,"[""客服助手云原生架构规划，完成监控告警模块的容器化改造方案"", ""Hadoop集群安全架构评审，完成推理服务层的合规性检查"", ""智能尽调助手云原生架构规划，完成监控告警模块的容器化改造方案"", ""信用风险监测预警技术架构设计，完成缓存层的方案评审与优化""]","[""智能工单场景"", ""统一调度平台日常运维与功能迭代""]","[""架构设计"", ""项目管理（含外包管理）"", ""技术评审""]","[""公共智能体工作站""]","{""总体饱和度"": 90.5, ""开发/实施占比"": 61.6, ""会议沟通占比"": 19.9, ""文档撰写占比"": 6.9, ""学习提升占比"": 11.6, ""负荷等级"": ""饱和""}",,61,及格,17783,0,21.3,99,80,75,74
69,300069,毛时志,信息管理部,需求分析,27.9,女,本科,2.5,4.6,3.11,0,1,1,1,0,0,9.3,0,0,0,0,0,0,0,0,0,无,0,0,0,2,1,1,1,0,14,否,1,4,3,2,3,2,3,4,5,2,3,2,2,5,3,A+,A,A-,数学,烹饪,毛时志（信息管理部/需求分析） | 女，27.9岁，本科，行龄2.5年 | 绩效3.11分，日均工时9.3h，牵头项目0个 | 最强技能：数学与建模理论基础(5分)、算法模型开发能力(4分)、应用开发能力(4分) | 软技能：领导力5分/学习能力3分/团队合作3分 | 360评价：上级A+/同级A | 分组：测试管理组 | 工作类型：需求分析/项目管理（含外包管理）/数据分析 | 饱和度：89.7%(饱和) | 手头项目：East数据质量AI分析、金牌催收员日常运维与功能迭代,服务管理组,"[""Hadoop数据仓库用户访谈与痛点分析，输出模型训练层的需求规格说明书"", ""信贷场景MVP竞品分析，完成用户权限模块的功能对标与差距分析"", ""数据运维平台用户体验优化，完成日志审计模块的交互流程改进""]","[""East数据质量AI分析"", ""金牌催收员日常运维与功能迭代""]","[""需求分析"", ""项目管理（含外包管理）"", ""数据分析""]","[""数据运维平台""]","{""总体饱和度"": 89.7, ""开发/实施占比"": 53.5, ""会议沟通占比"": 16.0, ""文档撰写占比"": 7.0, ""学习提升占比"": 23.5, ""负荷等级"": ""饱和""}",,63,及格,3440,2,10.1,73,71,89,44
70,300070,孟南土,数据治理部,数据分析,29.7,男,本科,6.8,4.8,4.26,1,0,0,3,1,2,7.2,1,0,0,0,0,0,0,1,1,年度之星,3,2,1,3,0,1,0,1,15,是,3,3,2,4,2,4,3,1,2,3,3,3,3,4,4,A,A-,A-,培训,绘画,孟南土（数据治理部/数据分析） | 男，29.7岁，本科，行龄6.8年 | 绩效4.26分，日均工时7.2h，牵头项目2个 | 角色：组长/骨干 | 最强技能：SQL开发(4分)、数据分析工具运用能力(3分)、算法模型开发能力(3分) | 软技能：领导力4分/团队合作4分/学习能力3分 | 360评价：上级A/同级A- | 岗位匹配：低-错配风险(技能均分2.7) | 分组：零售BP | 工作类型：数据分析/开发（含模型、应用、数仓等）/需求分析 | 饱和度：88.4%(饱和) | 手头项目：客服辅助项目、新行员培训项目、信贷场景MVP日常运维与功能迭代,监管数据治理,"[""客服助手客户经营分析报告撰写，完成向量检索模块的数据洞察"", ""实时开发平台数据挖掘模型训练，完成数据清洗模块的预测分析"", ""Hadoop集群数据可视化看板搭建，完成任务调度模块的实时监测"", ""知识库问答系统用户行为分析，完成报表生成模块的客群画像"", ""外搜接口采购数据需求调研，输出监控告警模块分析结论""]","[""客服辅助项目"", ""新行员培训项目"", ""信贷场景MVP日常运维与功能迭代""]","[""数据分析"", ""开发（含模型、应用、数仓等）"", ""需求分析""]","[""长文本智能分析""]","{""总体饱和度"": 88.4, ""开发/实施占比"": 58.0, ""会议沟通占比"": 20.4, ""文档撰写占比"": 11.8, ""学习提升占比"": 9.8, ""负荷等级"": ""饱和""}",,86,优秀,7367,1,15.7,59,40,85,69
71,300071,吴琪,智能应用二部,应用研发,30.7,男,硕士,3.7,4.8,3.75,2,1,1,1,1,4,9.8,0,0,0,0,0,0,0,0,1,创新奖,2,0,0,3,2,2,0,0,22,是,1,2,1,4,2,4,3,2,4,1,5,1,3,4,3,B,A+,A,沟通,无,吴琪（智能应用二部/应用研发） | 男，30.7岁，硕士，行龄3.7年 | 绩效3.75分，日均工时9.8h，牵头项目4个 | 最强技能：SQL开发(4分)、数学与建模理论基础(4分)、技术架构设计(3分) | 软技能：学习能力5分/领导力4分/任务拆解能力3分 | 360评价：上级B/同级A+ | 岗位匹配：低-错配风险(技能均分2.5) | 分组：零售应用组 | 工作类型：开发（含模型、应用、数仓等）/生产运维/测试 | 饱和度：103.9%(高负荷) | 手头项目：对公信贷智能化、智能工单场景、知识库问答体系建设、信贷场景MVP日常运维与功能迭代,AI产品运营组,"[""长文本智能分析技术方案设计，输出推理服务层的详细设计文档"", ""对公信贷智能化技术方案设计，输出报表生成模块的详细设计文档"", ""参与客服辅助项目代码评审，完成监控告警模块的技术债务清理"", ""数据测试平台性能优化，完成报表生成模块的并发处理能力提升"", ""数据采集工具性能优化，完成测试框架的并发处理能力提升""]","[""对公信贷智能化"", ""智能工单场景"", ""知识库问答体系建设"", ""信贷场景MVP日常运维与功能迭代""]","[""开发（含模型、应用、数仓等）"", ""生产运维"", ""测试""]","[""大模型智能体"", ""客服助手""]","{""总体饱和度"": 103.9, ""开发/实施占比"": 40.5, ""会议沟通占比"": 10.8, ""文档撰写占比"": 5.2, ""学习提升占比"": 43.5, ""负荷等级"": ""高负荷""}",,49,不及格,2819,2,8.7,72,69,50,79
72,300072,廖西江,信息统计部,测试,25.7,女,硕士,4.2,3.2,2.82,0,0,1,3,0,0,6.3,1,1,0,0,0,0,0,0,1,银雁奖,1,0,1,2,1,1,0,1,11,否,4,4,4,2,3,2,4,1,4,4,4,3,2,2,5,A-,A-,B-,数学,绘画,廖西江（信息统计部/测试） | 女，25.7岁，硕士，行龄4.2年 | 绩效2.82分，日均工时6.3h，牵头项目0个 | 角色：组长/骨干、重点项目成员 | 最强技能：数据分析工具运用能力(4分)、算法模型开发能力(4分)、营销运营能力(4分) | 软技能：团队合作5分/学习能力4分/创新思维3分 | 360评价：上级A-/同级A- | 分组：项目管理团队 | 工作类型：测试/开发（含模型、应用、数仓等）/生产运维 | 饱和度：76.0%(正常) | 手头项目：JSON转代码验证、反诈机器学习模型、智能工单场景、数据脱敏工具日常运维与功能迭代,管理信息组,"[""数据测试平台安全测试，完成前端展示层的渗透测试与漏洞修复验证"", ""DataFun论坛项目测试评审会议，完成任务调度模块的测试报告输出"", ""智能外呼分析性能测试方案设计，完成缓存层的压测执行与分析"", ""大模型智能体性能测试方案设计，完成缓存层的压测执行与分析""]","[""JSON转代码验证"", ""反诈机器学习模型"", ""智能工单场景"", ""数据脱敏工具日常运维与功能迭代""]","[""测试"", ""开发（含模型、应用、数仓等）"", ""生产运维""]","[""流水鉴真系统"", ""综合监管报送""]","{""总体饱和度"": 76.0, ""开发/实施占比"": 40.3, ""会议沟通占比"": 24.9, ""文档撰写占比"": 11.1, ""学习提升占比"": 23.7, ""负荷等级"": ""正常""}",,60,及格,12321,1,1.6,59,79,59,65
73,300073,谭婷时,智能应用一部,应用研发,34.1,女,硕士,4.5,3.5,3.69,0,1,0,3,1,1,8.5,0,0,0,0,0,0,0,0,0,无,0,0,0,4,1,1,0,1,25,否,3,3,2,3,2,3,5,3,4,3,3,4,1,3,2,A,A-,B-,写作,阅读,谭婷时（智能应用一部/应用研发） | 女，34.1岁，硕士，行龄4.5年 | 绩效3.69分，日均工时8.5h，牵头项目1个 | 最强技能：技术架构设计(5分)、数学与建模理论基础(4分)、数据分析工具运用能力(3分) | 软技能：创新思维4分/学习能力3分/领导力3分 | 360评价：上级A/同级A- | 岗位匹配：高(技能均分4.0) | 分组：非零BP | 工作类型：开发（含模型、应用、数仓等）/生产运维/测试 | 饱和度：97.1%(高负荷) | 手头项目：JSON转代码验证、客服辅助项目、超级工作台MVP、数据安全脱敏网关系统日常运维与功能迭代,零售应用组,"[""极客大赛技术方案设计，输出可视化组件的详细设计文档"", ""智能尽调助手前端页面开发，完成模型训练层的交互逻辑优化"", ""参与DataFun论坛项目代码评审，完成前端展示层的技术债务清理""]","[""JSON转代码验证"", ""客服辅助项目"", ""超级工作台MVP"", ""数据安全脱敏网关系统日常运维与功能迭代""]","[""开发（含模型、应用、数仓等）"", ""生产运维"", ""测试""]","[""智能数据血缘分析工具""]","{""总体饱和度"": 97.1, ""开发/实施占比"": 58.4, ""会议沟通占比"": 19.0, ""文档撰写占比"": 9.8, ""学习提升占比"": 12.9, ""负荷等级"": ""高负荷""}",,65,及格,8633,1,12.2,85,67,74,99
74,300074,姚涛远,综合管理部,架构管理,28.0,男,硕士,4.0,4.3,2.48,1,0,2,5,1,2,8.6,1,0,0,0,0,0,0,0,0,无,1,1,0,0,0,0,0,1,20,是,4,5,3,2,5,4,3,2,4,3,3,2,3,3,1,B-,B+,B+,写作,无,姚涛远（综合管理部/架构管理） | 男，28.0岁，硕士，行龄4.0年 | 绩效2.48分，日均工时8.6h，牵头项目2个 | 角色：组长/骨干 | 最强技能：算法模型开发能力(5分)、数据模型设计(5分)、数据分析工具运用能力(4分) | 软技能：学习能力3分/任务拆解能力3分/领导力3分 | 360评价：上级B-/同级B+ | 岗位匹配：低-错配风险(技能均分2.5) | 分组：零售BP | 工作类型：架构设计/项目管理（含外包管理）/技术评审 | 饱和度：106.8%(高负荷) | 手头项目：信用卡智能后督、AI客户经营、流水鉴真场景、数据测试平台日常运维与功能迭代,财务管控组,"[""司库系统建设架构治理，输出指标计算模块的架构规范与标准"", ""信用风险监测预警技术选型评估，完成消息队列模块的POC验证与决策"", ""客服助手安全架构评审，完成特征工程模块的合规性检查""]","[""信用卡智能后督"", ""AI客户经营"", ""流水鉴真场景"", ""数据测试平台日常运维与功能迭代""]","[""架构设计"", ""项目管理（含外包管理）"", ""技术评审""]","[""零售客户关系管理"", ""长文本智能分析""]","{""总体饱和度"": 106.8, ""开发/实施占比"": 56.4, ""会议沟通占比"": 20.4, ""文档撰写占比"": 12.8, ""学习提升占比"": 10.5, ""负荷等级"": ""高负荷""}",,61,及格,13554,1,0.0,57,73,76,64
75,300075,卢昊,研发管理部,算法工程,29.4,男,本科,4.9,3.9,3.82,1,0,0,2,1,1,7.3,0,0,0,1,0,0,0,0,2,优秀导师,2,1,0,3,1,1,1,1,35,是,5,3,2,4,4,1,2,3,4,3,5,3,4,3,4,B-,B-,A-,写作,绘画,卢昊（研发管理部/算法工程） | 男，29.4岁，本科，行龄4.9年 | 绩效3.82分，日均工时7.3h，牵头项目1个 | 角色：内部PM | 最强技能：数据分析工具运用能力(5分)、SQL开发(4分)、数据模型设计(4分) | 软技能：学习能力5分/任务拆解能力4分/团队合作4分 | 360评价：上级B-/同级B- | 岗位匹配：中(技能均分3.5) | 分组：需求接入组 | 工作类型：开发（含模型、应用、数仓等）/数据分析/项目管理（含外包管理） | 饱和度：76.5%(正常) | 手头项目：East数据质量AI分析、授信政策管理系统日常运维与功能迭代,技术规划组,"[""Hadoop集群RAG检索链路开发，完成缓存层的向量数据库接入"", ""尽调报告助手智能体开发，完成数据接入层的Agent工作流设计"", ""会话式人工智能服务RAG检索链路开发，完成前端展示层的向量数据库接入"", ""金牌催收员NLP模型部署，完成用户权限模块的推理性能优化""]","[""East数据质量AI分析"", ""授信政策管理系统日常运维与功能迭代""]","[""开发（含模型、应用、数仓等）"", ""数据分析"", ""项目管理（含外包管理）""]","[""智能数据血缘分析工具"", ""Hadoop集群""]","{""总体饱和度"": 76.5, ""开发/实施占比"": 44.2, ""会议沟通占比"": 24.1, ""文档撰写占比"": 14.6, ""学习提升占比"": 17.1, ""负荷等级"": ""正常""}",,68,及格,10111,1,16.4,73,78,59,66
76,300076,余辉鹏,智能应用一部,测试,25.7,男,本科,1.9,0.5,3.94,1,0,2,3,0,0,8.5,1,1,0,0,0,0,0,1,1,卓越贡献奖,1,0,0,3,1,0,0,0,31,否,4,3,4,3,3,5,3,3,5,4,2,3,4,3,3,B-,B+,B,写作,无,余辉鹏（智能应用一部/测试） | 男，25.7岁，本科，行龄1.9年 | 绩效3.94分，日均工时8.5h，牵头项目0个 | 角色：组长/骨干、重点项目成员 | 最强技能：数学与建模理论基础(5分)、数据分析工具运用能力(4分)、营销运营能力(4分) | 软技能：任务拆解能力4分/创新思维3分/领导力3分 | 360评价：上级B-/同级B+ | 分组：项目管理团队 | 工作类型：测试/开发（含模型、应用、数仓等）/生产运维 | 饱和度：87.0%(饱和) | 手头项目：长文本智能分析、尽调报告智能体、极客大赛、知识库问答系统日常运维与功能迭代,对公应用组,"[""数据运维平台安全测试，完成前端展示层的渗透测试与漏洞修复验证"", ""新行员培训项目测试评审会议，完成知识图谱模块的测试报告输出"", ""Hadoop集群功能测试用例设计，完成模型训练层的测试执行与缺陷跟踪"", ""绿色金融业务管理安全测试，完成Prompt管理模块的渗透测试与漏洞修复验证""]","[""长文本智能分析"", ""尽调报告智能体"", ""极客大赛"", ""知识库问答系统日常运维与功能迭代""]","[""测试"", ""开发（含模型、应用、数仓等）"", ""生产运维""]","[""统一调度平台"", ""Kafka消息集群""]","{""总体饱和度"": 87.0, ""开发/实施占比"": 58.3, ""会议沟通占比"": 15.6, ""文档撰写占比"": 9.3, ""学习提升占比"": 16.8, ""负荷等级"": ""饱和""}",,62,及格,5182,1,12.7,76,67,80,53
77,300077,汪芳冬,数据治理部,数据分析,22.0,男,硕士,2.1,3.3,3.22,2,0,1,2,2,3,9.4,0,0,0,0,0,0,0,1,1,创新奖,3,0,0,0,1,1,0,1,20,是,4,3,3,3,4,4,5,5,4,4,2,3,1,1,4,A,B,A+,演讲,羽毛球,汪芳冬（数据治理部/数据分析） | 男，22.0岁，硕士，行龄2.1年 | 绩效3.22分，日均工时9.4h，牵头项目3个 | 最强技能：技术架构设计(5分)、应用开发能力(5分)、数据分析工具运用能力(4分) | 软技能：团队合作4分/创新思维3分/学习能力2分 | 360评价：上级A/同级B | 岗位匹配：中(技能均分3.3) | 分组：服务支持组 | 工作类型：数据分析/开发（含模型、应用、数仓等）/需求分析 | 饱和度：104.3%(高负荷) | 手头项目：新行员培训项目、授信政策管理系统日常运维与功能迭代,标准质量组,"[""参与超级工作台MVP数据分析专项，完成可视化组件的深度挖掘"", ""冷热分离工具客户经营分析报告撰写，完成任务调度模块的数据洞察"", ""智能数据血缘分析工具数据挖掘模型训练，完成监控告警模块的预测分析"", ""参与流水鉴真场景数据分析专项，完成日志审计模块的深度挖掘"", ""金牌催收员A/B测试方案设计，完成向量检索模块的效果评估""]","[""新行员培训项目"", ""授信政策管理系统日常运维与功能迭代""]","[""数据分析"", ""开发（含模型、应用、数仓等）"", ""需求分析""]","[""Hadoop数据仓库"", ""数据测试平台""]","{""总体饱和度"": 104.3, ""开发/实施占比"": 64.3, ""会议沟通占比"": 10.2, ""文档撰写占比"": 8.0, ""学习提升占比"": 17.5, ""负荷等级"": ""高负荷""}",,63,及格,7083,1,22.3,78,99,55,58
78,300078,龙山,信息管理部,算法工程,29.6,女,硕士,1.0,2.1,3.57,1,0,0,4,3,4,6.0,0,0,0,0,1,0,0,0,0,无,3,1,1,0,0,0,0,0,20,否,5,2,4,3,5,3,1,3,2,2,5,2,5,3,1,A-,A-,B,演讲,绘画,龙山（信息管理部/算法工程） | 女，29.6岁，硕士，行龄1.0年 | 绩效3.57分，日均工时6.0h，牵头项目4个 | 角色：外部PM | 最强技能：数据分析工具运用能力(5分)、数据模型设计(5分)、营销运营能力(4分) | 软技能：学习能力5分/任务拆解能力5分/领导力3分 | 360评价：上级A-/同级A- | 岗位匹配：低-错配风险(技能均分2.0) | 分组：架构安全组 | 工作类型：开发（含模型、应用、数仓等）/数据分析/项目管理（含外包管理） | 饱和度：75.8%(正常) | 手头项目：信雅达POC、智能外呼分析日常运维与功能迭代,服务支持组,"[""统一调度平台智能体开发，完成任务调度模块的Agent工作流设计"", ""冷热分离工具机器学习模型训练，完成用户权限模块的特征工程与调参"", ""离线数据开发大模型微调训练，完成可视化组件的Prompt工程优化"", ""授信政策管理系统机器学习模型训练，完成监控告警模块的特征工程与调参"", ""公共智能体工作站智能体开发，完成日志审计模块的Agent工作流设计""]","[""信雅达POC"", ""智能外呼分析日常运维与功能迭代""]","[""开发（含模型、应用、数仓等）"", ""数据分析"", ""项目管理（含外包管理）""]","[""Hadoop集群"", ""大模型智能体""]","{""总体饱和度"": 75.8, ""开发/实施占比"": 55.2, ""会议沟通占比"": 15.3, ""文档撰写占比"": 6.8, ""学习提升占比"": 22.7, ""负荷等级"": ""正常""}",,58,不及格,1320,3,37.6,94,38,84,48
79,300079,肖阳欣,信息管理部,数据研发,42.2,女,硕士,4.1,4.0,4.47,2,0,1,1,0,2,8.6,1,1,0,0,0,0,0,0,1,银雁奖,3,0,1,1,0,2,0,1,25,否,1,3,3,5,4,3,4,1,4,3,5,4,4,3,5,B-,B+,A+,编程,音乐,肖阳欣（信息管理部/数据研发） | 女，42.2岁，硕士，行龄4.1年 | 绩效4.47分，日均工时8.6h，牵头项目2个 | 角色：组长/骨干、重点项目成员 | 最强技能：SQL开发(5分)、数据模型设计(4分)、技术架构设计(4分) | 软技能：学习能力5分/团队合作5分/创新思维4分 | 360评价：上级B-/同级B+ | 岗位匹配：高(技能均分4.0) | 分组：标准质量组 | 工作类型：开发（含模型、应用、数仓等）/数据治理/测试 | 饱和度：92.9%(饱和) | 手头项目：East数据质量AI分析、反电诈管理系统日常运维与功能迭代,服务支持组,"[""联机服务集群数据接口开发，完成日志审计模块的API联调与测试"", ""Kafka消息集群历史数据迁移，完成缓存层的数据校验与比对"", ""大模型智能体数仓分层建设，完成监控告警模块的数据接入与清洗"", ""知识库问答系统实时数据链路开发，完成报表生成模块的流式计算任务""]","[""East数据质量AI分析"", ""反电诈管理系统日常运维与功能迭代""]","[""开发（含模型、应用、数仓等）"", ""数据治理"", ""测试""]","[""数据测试平台"", ""East数据质量分析""]","{""总体饱和度"": 92.9, ""开发/实施占比"": 55.8, ""会议沟通占比"": 22.0, ""文档撰写占比"": 13.3, ""学习提升占比"": 9.0, ""负荷等级"": ""饱和""}",,86,优秀,500,1,29.7,74,63,93,98
80,300080,吴土,机构服务团队,架构管理,34.3,女,硕士,4.8,9.4,3.26,1,0,1,3,0,0,6.0,0,1,0,1,0,0,0,1,1,技术标兵,1,0,0,1,2,1,0,0,28,否,4,3,4,3,3,1,3,3,3,3,2,4,4,2,5,B,A+,B,数据分析,阅读,吴土（机构服务团队/架构管理） | 女，34.3岁，硕士，行龄4.8年 | 绩效3.26分，日均工时6.0h，牵头项目0个 | 角色：重点项目成员、内部PM | 最强技能：数据分析工具运用能力(4分)、营销运营能力(4分)、算法模型开发能力(3分) | 软技能：团队合作5分/创新思维4分/任务拆解能力4分 | 360评价：上级B/同级A+ | 岗位匹配：中(技能均分3.0) | 分组：AI产品运营组 | 工作类型：架构设计/项目管理（含外包管理）/技术评审 | 饱和度：53.0%(偏低) | 手头项目：客服辅助项目、绿色金融智能体、知识库问答体系建设、会话式人工智能服务日常运维与功能迭代,零售BP,"[""参与通用办公助手技术债务清理，输出报表生成模块的重构方案"", ""冷热分离工具性能压测方案设计，完成指标计算模块的容量规划"", ""参与A模式POC验证技术债务清理，输出API网关模块的重构方案"", ""组织信雅达POC技术分享，完成模型训练层的知识沉淀""]","[""客服辅助项目"", ""绿色金融智能体"", ""知识库问答体系建设"", ""会话式人工智能服务日常运维与功能迭代""]","[""架构设计"", ""项目管理（含外包管理）"", ""技术评审""]","[""尽调报告助手"", ""大模型智能体""]","{""总体饱和度"": 53.0, ""开发/实施占比"": 44.6, ""会议沟通占比"": 14.0, ""文档撰写占比"": 5.8, ""学习提升占比"": 35.6, ""负荷等级"": ""偏低""}",,83,良好,5508,3,15.8,50,79,99,78
81,300081,杨东,数据治理部,架构管理,30.4,男,硕士,4.1,4.4,2.99,0,1,2,2,1,0,7.1,0,1,0,0,0,0,0,1,0,无,2,0,1,3,0,1,0,0,13,是,2,2,4,3,5,4,2,3,3,2,2,5,2,3,3,A+,A,A,数学,游泳,杨东（数据治理部/架构管理） | 男，30.4岁，硕士，行龄4.1年 | 绩效2.99分，日均工时7.1h，牵头项目0个 | 角色：重点项目成员 | 最强技能：数据模型设计(5分)、营销运营能力(4分)、SQL开发(3分) | 软技能：创新思维5分/领导力3分/团队合作3分 | 360评价：上级A+/同级A | 岗位匹配：低-错配风险(技能均分2.5) | 分组：运维支持组 | 工作类型：架构设计/技术评审/项目管理（含外包管理） | 饱和度：69.2%(偏低) | 手头项目：East数据质量AI分析、大模型智能体日常运维与功能迭代,监管数据治理,"[""金牌催收员性能压测方案设计，完成前端展示层的容量规划"", ""组织授信政策知识体系技术分享，完成Prompt管理模块的知识沉淀"", ""信用风险监测预警云原生架构规划，完成数据接入层的容器化改造方案"", ""知识库问答系统性能压测方案设计，完成模型训练层的容量规划"", ""大模型智能体性能压测方案设计，完成特征工程模块的容量规划""]","[""East数据质量AI分析"", ""大模型智能体日常运维与功能迭代""]","[""架构设计"", ""技术评审"", ""项目管理（含外包管理）""]","[""联机服务集群""]","{""总体饱和度"": 69.2, ""开发/实施占比"": 54.2, ""会议沟通占比"": 23.8, ""文档撰写占比"": 5.4, ""学习提升占比"": 16.6, ""负荷等级"": ""偏低""}",,69,及格,10107,0,22.6,89,99,88,42
82,300082,余东,信息管理部,数据研发,29.2,男,本科,6.6,3.1,4.24,0,0,0,2,1,2,9.7,0,0,0,0,0,0,1,2,0,无,3,0,1,1,0,1,0,1,13,是,5,3,2,3,4,2,3,3,5,4,1,5,5,3,4,A+,A-,B,数据分析,绘画,余东（信息管理部/数据研发） | 男，29.2岁，本科，行龄6.6年 | 绩效4.24分，日均工时9.7h，牵头项目2个 | 最强技能：数据分析工具运用能力(5分)、数学与建模理论基础(5分)、数据模型设计(4分) | 软技能：创新思维5分/任务拆解能力5分/团队合作4分 | 360评价：上级A+/同级A- | 岗位匹配：中(技能均分3.0) | 分组：AI产品运营组 | 工作类型：开发（含模型、应用、数仓等）/数据治理/测试 | 饱和度：106%(高负荷) | 手头项目：智能工单场景、尽调报告智能体、客服辅助项目、离线数据开发日常运维与功能迭代,管理信息组,"[""参与Openclaw框架调研数据架构评审，输出模型训练层技术方案"", ""信用风险监测预警数据模型设计与开发，完成测试框架的ETL流程优化"", ""East数据质量分析实时数据链路开发，完成知识图谱模块的流式计算任务"", ""离线数据开发实时数据链路开发，完成知识图谱模块的流式计算任务""]","[""智能工单场景"", ""尽调报告智能体"", ""客服辅助项目"", ""离线数据开发日常运维与功能迭代""]","[""开发（含模型、应用、数仓等）"", ""数据治理"", ""测试""]","[""尽调报告助手""]","{""总体饱和度"": 106, ""开发/实施占比"": 68.2, ""会议沟通占比"": 13.9, ""文档撰写占比"": 13.9, ""学习提升占比"": 4.0, ""负荷等级"": ""高负荷""}",,56,不及格,5500,0,20.3,69,73,49,76
83,300083,龙银,数据治理部,架构管理,30.6,女,本科,3.2,5.5,4.47,1,0,0,2,1,3,7.5,0,0,0,0,0,0,0,1,0,无,2,1,1,1,0,0,1,0,18,是,3,3,3,5,3,3,3,3,3,3,2,4,4,5,2,A-,A-,B-,数学,摄影,龙银（数据治理部/架构管理） | 女，30.6岁，本科，行龄3.2年 | 绩效4.47分，日均工时7.5h，牵头项目3个 | 最强技能：SQL开发(5分)、数据分析工具运用能力(3分)、算法模型开发能力(3分) | 软技能：领导力5分/创新思维4分/任务拆解能力4分 | 360评价：上级A-/同级A- | 岗位匹配：中(技能均分3.0) | 分组：架构安全组 | 工作类型：架构设计/项目管理（含外包管理）/技术评审 | 饱和度：79.1%(正常) | 手头项目：East数据质量AI分析、Hadoop集群日常运维与功能迭代,监管数据治理,"[""外搜接口采购架构治理，输出特征工程模块的架构规范与标准"", ""DWS数据集群云原生架构规划，完成数据接入层的容器化改造方案"", ""统一调度平台云原生架构规划，完成日志审计模块的容器化改造方案"", ""尽调报告助手技术选型评估，完成测试框架的POC验证与决策""]","[""East数据质量AI分析"", ""Hadoop集群日常运维与功能迭代""]","[""架构设计"", ""项目管理（含外包管理）"", ""技术评审""]","[""数据脱敏工具"", ""Hadoop数据仓库""]","{""总体饱和度"": 79.1, ""开发/实施占比"": 58.2, ""会议沟通占比"": 12.5, ""文档撰写占比"": 7.9, ""学习提升占比"": 21.4, ""负荷等级"": ""正常""}",,56,不及格,4806,2,10.5,99,78,74,55
84,300084,廖军海,信息管理部,应用研发,33.2,女,本科,4.5,4.6,3.51,0,0,2,3,2,2,6.9,0,0,0,1,0,0,0,1,0,无,0,0,0,1,0,0,0,0,23,是,5,4,4,2,3,4,5,2,4,3,3,4,2,4,3,B-,A+,A+,数学,烹饪,廖军海（信息管理部/应用研发） | 女，33.2岁，本科，行龄4.5年 | 绩效3.51分，日均工时6.9h，牵头项目2个 | 角色：内部PM | 最强技能：数据分析工具运用能力(5分)、技术架构设计(5分)、算法模型开发能力(4分) | 软技能：创新思维4分/领导力4分/学习能力3分 | 360评价：上级B-/同级A+ | 岗位匹配：中(技能均分3.5) | 分组：AI产品运营组 | 工作类型：开发（含模型、应用、数仓等）/测试/生产运维 | 饱和度：71.4%(正常) | 手头项目：AI创意比赛、尽调报告智能体、大模型智能体日常运维与功能迭代,服务管理组,"[""数据采集工具安全漏洞修复，完成报表生成模块的代码审计与加固"", ""参与对公信贷智能化代码评审，完成知识图谱模块的技术债务清理"", ""综合监管报送后端服务开发，完成消息队列模块的接口设计与实现""]","[""AI创意比赛"", ""尽调报告智能体"", ""大模型智能体日常运维与功能迭代""]","[""开发（含模型、应用、数仓等）"", ""测试"", ""生产运维""]","[""AI手机银行""]","{""总体饱和度"": 71.4, ""开发/实施占比"": 59.6, ""会议沟通占比"": 12.8, ""文档撰写占比"": 5.9, ""学习提升占比"": 21.7, ""负荷等级"": ""正常""}",,73,良好,5697,2,21.2,69,74,74,63
85,300085,覃墨,智能应用二部,数据研发,24.8,女,本科,1.0,4.5,4.01,2,0,0,2,0,1,7.9,0,1,0,1,0,0,0,0,1,质量之星,0,0,0,4,0,1,1,0,23,否,4,1,3,3,3,3,3,4,3,4,5,1,2,3,2,B+,A+,A-,项目管理,运动,覃墨（智能应用二部/数据研发） | 女，24.8岁，本科，行龄1.0年 | 绩效4.01分，日均工时7.9h，牵头项目1个 | 角色：重点项目成员、内部PM | 最强技能：数据分析工具运用能力(4分)、应用开发能力(4分)、编程与工程实现(4分) | 软技能：学习能力5分/领导力3分/任务拆解能力2分 | 360评价：上级B+/同级A+ | 岗位匹配：中(技能均分3.0) | 分组：标准质量组 | 工作类型：开发（含模型、应用、数仓等）/测试/数据治理 | 饱和度：87.9%(饱和) | 手头项目：尽调报告智能体、智能问数二期、智能外呼分析、授信政策管理系统日常运维与功能迭代,AI产品运营组,"[""实时开发平台历史数据迁移，完成缓存层的数据校验与比对"", ""Hadoop数据仓库数仓分层建设，完成向量检索模块的数据接入与清洗"", ""离线数据开发历史数据迁移，完成任务调度模块的数据校验与比对"", ""公共智能体工作站实时数据链路开发，完成指标计算模块的流式计算任务""]","[""尽调报告智能体"", ""智能问数二期"", ""智能外呼分析"", ""授信政策管理系统日常运维与功能迭代""]","[""开发（含模型、应用、数仓等）"", ""测试"", ""数据治理""]","[""智能尽调助手""]","{""总体饱和度"": 87.9, ""开发/实施占比"": 68.5, ""会议沟通占比"": 12.8, ""文档撰写占比"": 11.6, ""学习提升占比"": 7.1, ""负荷等级"": ""饱和""}",,95,优秀,7810,1,25.0,82,50,86,43
86,300086,郝刚,数据平台部,应用研发,35.9,女,本科,2.4,4.9,4.17,1,1,2,3,2,1,10.2,1,0,0,0,0,0,0,1,0,无,1,0,1,2,1,1,1,1,25,否,2,4,3,4,5,3,4,5,1,3,4,2,5,2,4,A-,A,B-,设计,烹饪,郝刚（数据平台部/应用研发） | 女，35.9岁，本科，行龄2.4年 | 绩效4.17分，日均工时10.2h，牵头项目1个 | 角色：组长/骨干 | 最强技能：数据模型设计(5分)、应用开发能力(5分)、算法模型开发能力(4分) | 软技能：任务拆解能力5分/学习能力4分/团队合作4分 | 360评价：上级A-/同级A | 岗位匹配：高(技能均分4.5) | 分组：测试管理组 | 工作类型：开发（含模型、应用、数仓等）/测试/生产运维 | 饱和度：110%(高负荷) | 手头项目：East数据质量AI分析、联机服务集群日常运维与功能迭代,架构安全组,"[""统一调度平台容器化部署，完成Prompt管理模块的CI/CD流程配置"", ""信用风险监测预警容器化部署，完成知识图谱模块的CI/CD流程配置"", ""冷热分离工具后端服务开发，完成API网关模块的接口设计与实现""]","[""East数据质量AI分析"", ""联机服务集群日常运维与功能迭代""]","[""开发（含模型、应用、数仓等）"", ""测试"", ""生产运维""]","[""Hadoop数据仓库""]","{""总体饱和度"": 110, ""开发/实施占比"": 61.0, ""会议沟通占比"": 22.8, ""文档撰写占比"": 8.4, ""学习提升占比"": 7.9, ""负荷等级"": ""高负荷""}",,78,良好,2722,4,17.7,87,78,70,44
87,300087,吕雪安,数据开发部,数据分析,34.0,男,本科,4.6,7.6,3.15,0,0,2,5,1,0,6.2,0,0,0,0,0,0,1,0,2,技术标兵,0,0,1,2,1,2,0,1,15,否,2,4,4,3,2,4,4,3,3,2,4,1,1,4,5,A+,B-,A-,演讲,旅游,吕雪安（数据开发部/数据分析） | 男，34.0岁，本科，行龄4.6年 | 绩效3.15分，日均工时6.2h，牵头项目0个 | 最强技能：算法模型开发能力(4分)、营销运营能力(4分)、技术架构设计(4分) | 软技能：团队合作5分/学习能力4分/领导力4分 | 360评价：上级A+/同级B- | 岗位匹配：中(技能均分3.3) | 分组：对公应用组 | 工作类型：数据分析/需求分析/开发（含模型、应用、数仓等） | 饱和度：54.9%(偏低) | 手头项目：AI客户经营、尽调报告智能体、智能外呼分析、统一调度平台日常运维与功能迭代,需求接入组,"[""实时开发平台A/B测试方案设计，完成缓存层的效果评估"", ""大模型智能体业务指标体系建设，完成API网关模块的报表开发"", ""金牌催收员业务指标体系建设，完成数据清洗模块的报表开发"", ""冷热分离工具业务指标体系建设，完成测试框架的报表开发"", ""参与知识库问答体系建设数据分析专项，完成API网关模块的深度挖掘""]","[""AI客户经营"", ""尽调报告智能体"", ""智能外呼分析"", ""统一调度平台日常运维与功能迭代""]","[""数据分析"", ""需求分析"", ""开发（含模型、应用、数仓等）""]","[""公共智能体工作站"", ""智能问数助手""]","{""总体饱和度"": 54.9, ""开发/实施占比"": 44.2, ""会议沟通占比"": 20.8, ""文档撰写占比"": 7.0, ""学习提升占比"": 28.0, ""负荷等级"": ""偏低""}",,73,良好,8830,0,28.2,77,78,68,83
88,300088,吕一,信息管理部,应用研发,34.0,男,本科,4.9,1.6,3.27,1,1,0,4,0,2,7.0,0,0,0,0,0,0,0,0,0,无,1,0,0,2,1,1,0,0,10,否,2,3,5,4,5,3,4,3,2,1,4,3,3,3,3,B,A,B,项目管理,无,吕一（信息管理部/应用研发） | 男，34.0岁，本科，行龄4.9年 | 绩效3.27分，日均工时7.0h，牵头项目2个 | 最强技能：营销运营能力(5分)、数据模型设计(5分)、SQL开发(4分) | 软技能：学习能力4分/创新思维3分/任务拆解能力3分 | 360评价：上级B/同级A | 岗位匹配：中(技能均分3.5) | 分组：服务管理组 | 工作类型：开发（含模型、应用、数仓等）/测试/生产运维 | 饱和度：70.4%(正常) | 手头项目：长文本智能分析、智能尽调助手日常运维与功能迭代,服务管理组,"[""参与新行员培训项目代码评审，完成报表生成模块的技术债务清理"", ""East数据质量分析安全漏洞修复，完成测试框架的代码审计与加固"", ""联机服务集群容器化部署，完成指标计算模块的CI/CD流程配置"", ""实时开发平台安全漏洞修复，完成指标计算模块的代码审计与加固""]","[""长文本智能分析"", ""智能尽调助手日常运维与功能迭代""]","[""开发（含模型、应用、数仓等）"", ""测试"", ""生产运维""]","[""授信政策管理系统""]","{""总体饱和度"": 70.4, ""开发/实施占比"": 58.9, ""会议沟通占比"": 16.3, ""文档撰写占比"": 5.8, ""学习提升占比"": 19.0, ""负荷等级"": ""正常""}",,64,及格,6138,1,28.9,53,79,55,85
89,300089,程瑞云,智能应用一部,应用研发,32.6,男,本科,2.6,4.6,4.11,1,0,1,3,1,3,9.6,1,1,0,1,0,0,0,0,0,无,2,1,0,4,1,0,0,1,24,是,2,5,4,4,2,5,2,4,4,1,3,4,3,3,4,B-,A-,B+,项目管理,阅读,程瑞云（智能应用一部/应用研发） | 男，32.6岁，本科，行龄2.6年 | 绩效4.11分，日均工时9.6h，牵头项目3个 | 角色：组长/骨干、重点项目成员、内部PM | 最强技能：算法模型开发能力(5分)、营销运营能力(4分)、SQL开发(4分) | 软技能：创新思维4分/团队合作4分/学习能力3分 | 360评价：上级B-/同级A- | 岗位匹配：中(技能均分3.0) | 分组：监管统计组 | 工作类型：开发（含模型、应用、数仓等）/生产运维/测试 | 饱和度：110%(高负荷) | 手头项目：DataFun论坛项目、数据运维平台日常运维与功能迭代,对公应用组,"[""参与AI创意比赛代码评审，完成报表生成模块的技术债务清理"", ""JSON转代码验证技术方案设计，输出特征工程模块的详细设计文档"", ""参与知识库问答体系建设代码评审，完成指标计算模块的技术债务清理"", ""知识库问答系统后端服务开发，完成任务调度模块的接口设计与实现""]","[""DataFun论坛项目"", ""数据运维平台日常运维与功能迭代""]","[""开发（含模型、应用、数仓等）"", ""生产运维"", ""测试""]","[""联机服务集群""]","{""总体饱和度"": 110, ""开发/实施占比"": 46.1, ""会议沟通占比"": 23.4, ""文档撰写占比"": 13.8, ""学习提升占比"": 16.7, ""负荷等级"": ""高负荷""}",,61,及格,8539,1,13.5,90,85,76,49
90,300090,谢锋秋,数据开发部,架构管理,30.6,女,本科,3.0,1.9,4.34,2,0,0,2,1,0,10.0,1,0,0,0,0,0,0,1,0,无,0,1,0,1,1,0,0,0,17,是,1,4,3,2,4,4,1,3,3,1,3,4,3,4,3,A-,A,A-,培训,烹饪,谢锋秋（数据开发部/架构管理） | 女，30.6岁，本科，行龄3.0年 | 绩效4.34分，日均工时10.0h，牵头项目0个 | 角色：组长/骨干 | 最强技能：算法模型开发能力(4分)、数据模型设计(4分)、营销运营能力(3分) | 软技能：创新思维4分/领导力4分/学习能力3分 | 360评价：上级A-/同级A | 岗位匹配：低-错配风险(技能均分2.0) | 分组：架构安全组 | 工作类型：架构设计/技术评审/项目管理（含外包管理） | 饱和度：99.0%(高负荷) | 手头项目：外搜接口采购、客服辅助项目、实时数据集群日常运维与功能迭代,模型设计组,"[""组织East数据质量AI分析技术分享，完成报表生成模块的知识沉淀"", ""智能数据血缘分析工具云原生架构规划，完成Prompt管理模块的容器化改造方案"", ""参与信贷场景MVP技术债务清理，输出数据清洗模块的重构方案"", ""数据安全脱敏网关系统安全架构评审，完成消息队列模块的合规性检查"", ""绿色金融业务管理云原生架构规划，完成API网关模块的容器化改造方案""]","[""外搜接口采购"", ""客服辅助项目"", ""实时数据集群日常运维与功能迭代""]","[""架构设计"", ""技术评审"", ""项目管理（含外包管理）""]","[""零售客户关系管理""]","{""总体饱和度"": 99.0, ""开发/实施占比"": 53.9, ""会议沟通占比"": 24.1, ""文档撰写占比"": 7.6, ""学习提升占比"": 14.4, ""负荷等级"": ""高负荷""}",,82,良好,10853,3,20.5,67,25,86,72
91,300091,袁伟,信息统计部,需求分析,33.8,女,本科,0.2,4.8,3.79,2,1,2,1,0,3,8.0,0,0,0,1,0,0,0,1,0,无,3,1,1,4,2,1,1,0,12,否,2,4,3,3,2,3,3,3,3,2,4,3,4,2,3,B,B+,A,英语,运动,袁伟（信息统计部/需求分析） | 女，33.8岁，本科，行龄0.2年 | 绩效3.79分，日均工时8.0h，牵头项目3个 | 角色：内部PM | 最强技能：算法模型开发能力(4分)、营销运营能力(3分)、SQL开发(3分) | 软技能：学习能力4分/任务拆解能力4分/创新思维3分 | 360评价：上级B/同级B+ | 分组：工具开发组 | 工作类型：需求分析/数据分析/项目管理（含外包管理） | 饱和度：98.9%(高负荷) | 手头项目：East数据质量AI分析、反电诈管理系统日常运维与功能迭代,管理信息组,"[""数据脱敏工具业务需求调研，完成用户权限模块的需求文档编写"", ""大模型智能体业务流程梳理，完成模型训练层的原型设计与验证"", ""智能数据血缘分析工具业务需求调研，完成指标计算模块的需求文档编写"", ""对公信贷智能化需求评审会议组织，完成日志审计模块的需求澄清与确认""]","[""East数据质量AI分析"", ""反电诈管理系统日常运维与功能迭代""]","[""需求分析"", ""数据分析"", ""项目管理（含外包管理）""]","[""数据采集工具"", ""智能数据血缘分析工具""]","{""总体饱和度"": 98.9, ""开发/实施占比"": 43.7, ""会议沟通占比"": 14.9, ""文档撰写占比"": 12.3, ""学习提升占比"": 29.1, ""负荷等级"": ""高负荷""}",,39,不及格,965,1,17.0,62,51,55,40
92,300092,朱志,数据平台部,算法工程,33.4,男,本科,2.5,2.0,3.08,1,1,1,4,2,2,6.8,0,0,0,0,0,0,0,0,1,最佳团队奖,2,1,1,2,1,0,0,0,21,否,1,2,2,3,3,3,2,5,2,3,3,3,3,5,5,B-,A,A,设计,运动,朱志（数据平台部/算法工程） | 男，33.4岁，本科，行龄2.5年 | 绩效3.08分，日均工时6.8h，牵头项目2个 | 最强技能：应用开发能力(5分)、SQL开发(3分)、数据模型设计(3分) | 软技能：领导力5分/团队合作5分/学习能力3分 | 360评价：上级B-/同级A | 岗位匹配：低-错配风险(技能均分2.5) | 分组：管理信息组 | 工作类型：开发（含模型、应用、数仓等）/数据分析/项目管理（含外包管理） | 饱和度：69.9%(偏低) | 手头项目：A模式POC验证、尽调报告助手日常运维与功能迭代,运维支持组,"[""参与对公信贷智能化大模型应用POC，完成任务调度模块的场景验证"", ""Hadoop数据仓库大模型微调训练，完成Prompt管理模块的Prompt工程优化"", ""长文本智能分析算法方案评审，输出数据清洗模块的技术可行性分析"", ""知识库问答系统模型效果评估，完成特征工程模块的A/B测试与迭代"", ""信用风险监测预警大模型微调训练，完成日志审计模块的Prompt工程优化""]","[""A模式POC验证"", ""尽调报告助手日常运维与功能迭代""]","[""开发（含模型、应用、数仓等）"", ""数据分析"", ""项目管理（含外包管理）""]","[""信用风险监测预警"", ""智能数据血缘分析工具""]","{""总体饱和度"": 69.9, ""开发/实施占比"": 66.2, ""会议沟通占比"": 22.1, ""文档撰写占比"": 9.0, ""学习提升占比"": 2.8, ""负荷等级"": ""偏低""}",,55,不及格,3717,2,26.8,89,66,71,77
93,300093,邓宁晚,智能应用二部,数据研发,28.8,男,硕士,5.0,2.9,4.48,1,0,1,3,1,3,10.2,0,0,0,0,0,0,0,1,1,卓越贡献奖,0,0,0,2,0,2,0,0,24,是,4,4,4,3,1,3,4,4,3,3,4,3,3,3,3,A,A,B,数学,阅读,邓宁晚（智能应用二部/数据研发） | 男，28.8岁，硕士，行龄5.0年 | 绩效4.48分，日均工时10.2h，牵头项目3个 | 最强技能：数据分析工具运用能力(4分)、算法模型开发能力(4分)、营销运营能力(4分) | 软技能：学习能力4分/创新思维3分/任务拆解能力3分 | 360评价：上级A/同级A | 岗位匹配：低-错配风险(技能均分2.3) | 分组：工具开发组 | 工作类型：开发（含模型、应用、数仓等）/数据治理/测试 | 饱和度：104.2%(高负荷) | 手头项目：East数据质量AI分析、零售客户关系管理日常运维与功能迭代,零售应用组,"[""信贷场景MVP实时数据链路开发，完成任务调度模块的流式计算任务"", ""统一调度平台数据质量检核规则配置，修复监控告警模块数据异常"", ""公共智能体工作站实时数据链路开发，完成缓存层的流式计算任务"", ""数据安全脱敏网关系统历史数据迁移，完成API网关模块的数据校验与比对"", ""实时开发平台数据模型设计与开发，完成日志审计模块的ETL流程优化""]","[""East数据质量AI分析"", ""零售客户关系管理日常运维与功能迭代""]","[""开发（含模型、应用、数仓等）"", ""数据治理"", ""测试""]","[""数据采集工具""]","{""总体饱和度"": 104.2, ""开发/实施占比"": 52.8, ""会议沟通占比"": 17.6, ""文档撰写占比"": 9.0, ""学习提升占比"": 20.6, ""负荷等级"": ""高负荷""}",,58,不及格,9529,2,31.7,99,41,73,60
94,300094,吴慧海,信息管理部,项目管理,27.7,男,本科,4.4,3.1,3.25,1,0,0,4,1,0,9.7,0,0,0,0,0,0,0,0,1,年度之星,2,0,0,6,1,1,0,0,20,否,3,4,4,3,2,4,3,2,4,5,3,2,5,3,4,A-,A-,A-,写作,羽毛球,吴慧海（信息管理部/项目管理） | 男，27.7岁，本科，行龄4.4年 | 绩效3.25分，日均工时9.7h，牵头项目0个 | 最强技能：编程与工程实现(5分)、算法模型开发能力(4分)、营销运营能力(4分) | 软技能：任务拆解能力5分/团队合作4分/学习能力3分 | 360评价：上级A-/同级A- | 分组：架构安全组 | 工作类型：项目管理（含外包管理）/需求分析/其他 | 饱和度：100%(高负荷) | 手头项目：智能问数二期、智能工单场景、对公信贷智能化、信用风险监测预警日常运维与功能迭代,服务管理组,"[""流水鉴真场景项目计划制定，完成特征工程模块的里程碑梳理与排期"", ""组织反诈机器学习模型项目例会，完成向量检索模块的会议纪要跟踪"", ""AI客户经营外包管理，完成缓存层的供应商评估与验收""]","[""智能问数二期"", ""智能工单场景"", ""对公信贷智能化"", ""信用风险监测预警日常运维与功能迭代""]","[""项目管理（含外包管理）"", ""需求分析"", ""其他""]","[""金牌催收员""]","{""总体饱和度"": 100, ""开发/实施占比"": 64.9, ""会议沟通占比"": 13.0, ""文档撰写占比"": 6.5, ""学习提升占比"": 15.7, ""负荷等级"": ""高负荷""}",,50,不及格,10221,1,13.8,69,48,84,82
95,300095,肖冬军,数据平台部,架构管理,31.0,男,本科,4.2,5.6,3.35,2,0,0,1,2,0,8.8,0,0,0,0,0,0,0,0,0,无,1,1,0,0,1,2,1,1,19,否,4,3,5,4,4,3,4,4,2,3,4,3,4,4,3,A,A+,A-,无,摄影,肖冬军（数据平台部/架构管理） | 男，31.0岁，本科，行龄4.2年 | 绩效3.35分，日均工时8.8h，牵头项目0个 | 最强技能：营销运营能力(5分)、数据分析工具运用能力(4分)、SQL开发(4分) | 软技能：学习能力4分/任务拆解能力4分/领导力4分 | 360评价：上级A/同级A+ | 岗位匹配：高(技能均分4.0) | 分组：AI基础研发组 | 工作类型：架构设计/技术评审/项目管理（含外包管理） | 饱和度：91.2%(饱和) | 手头项目：AI创意比赛、绿色金融智能体、信贷场景MVP日常运维与功能迭代,架构安全组,"[""智能问数助手性能压测方案设计，完成向量检索模块的容量规划"", ""参与JSON转代码验证技术债务清理，输出任务调度模块的重构方案"", ""参与中试基地项目技术债务清理，输出前端展示层的重构方案""]","[""AI创意比赛"", ""绿色金融智能体"", ""信贷场景MVP日常运维与功能迭代""]","[""架构设计"", ""技术评审"", ""项目管理（含外包管理）""]","[""智能尽调助手""]","{""总体饱和度"": 91.2, ""开发/实施占比"": 42.0, ""会议沟通占比"": 19.9, ""文档撰写占比"": 5.3, ""学习提升占比"": 32.8, ""负荷等级"": ""饱和""}",,79,良好,6493,1,43.6,89,54,74,62
96,300096,任光,数据开发部,数据研发,38.0,女,本科,3.3,5.5,3.68,0,1,1,2,0,1,7.3,0,0,0,0,0,0,0,0,0,无,2,1,0,1,2,0,0,0,20,是,2,3,1,3,2,5,3,5,4,2,5,1,5,3,2,B,A+,A-,项目管理,烹饪,任光（数据开发部/数据研发） | 女，38.0岁，本科，行龄3.3年 | 绩效3.68分，日均工时7.3h，牵头项目1个 | 最强技能：应用开发能力(5分)、数学与建模理论基础(4分)、算法模型开发能力(3分) | 软技能：学习能力5分/任务拆解能力5分/领导力3分 | 360评价：上级B/同级A+ | 岗位匹配：中(技能均分3.3) | 分组：服务管理组 | 工作类型：开发（含模型、应用、数仓等）/数据治理/测试 | 饱和度：83.1%(正常) | 手头项目：长文本智能分析、客服助手日常运维与功能迭代,需求接入组,"[""公共智能体工作站历史数据迁移，完成知识图谱模块的数据校验与比对"", ""实时数据集群历史数据迁移，完成监控告警模块的数据校验与比对"", ""授信政策管理系统数据接口开发，完成向量检索模块的API联调与测试"", ""数据采集工具历史数据迁移，完成缓存层的数据校验与比对""]","[""长文本智能分析"", ""客服助手日常运维与功能迭代""]","[""开发（含模型、应用、数仓等）"", ""数据治理"", ""测试""]","[""冷热分离工具"", ""Hadoop集群""]","{""总体饱和度"": 83.1, ""开发/实施占比"": 52.5, ""会议沟通占比"": 18.1, ""文档撰写占比"": 11.8, ""学习提升占比"": 17.5, ""负荷等级"": ""正常""}",,79,良好,10173,1,30.8,48,47,86,54
97,300097,丁彤青,智能平台部,需求分析,24.5,男,硕士,3.2,1.3,4.27,0,1,0,0,1,2,8.0,0,0,0,0,0,0,0,0,0,无,2,0,0,0,0,2,0,0,19,是,3,3,4,1,2,4,5,4,5,3,3,4,3,5,3,B+,A,B+,英语,无,丁彤青（智能平台部/需求分析） | 男，24.5岁，硕士，行龄3.2年 | 绩效4.27分，日均工时8.0h，牵头项目2个 | 最强技能：技术架构设计(5分)、数学与建模理论基础(5分)、营销运营能力(4分) | 软技能：领导力5分/创新思维4分/学习能力3分 | 360评价：上级B+/同级A | 分组：零售应用组 | 工作类型：需求分析/项目管理（含外包管理）/数据分析 | 饱和度：83.2%(正常) | 手头项目：信用卡智能后督、冷热分离工具日常运维与功能迭代,风险模型组,"[""通用办公助手需求评审会议组织，完成任务调度模块的需求澄清与确认"", ""零售客户关系管理用户访谈与痛点分析，输出API网关模块的需求规格说明书"", ""智能外呼分析需求评审会议组织，完成消息队列模块的需求澄清与确认"", ""实时数据集群竞品分析，完成推理服务层的功能对标与差距分析"", ""金牌催收员竞品分析，完成用户权限模块的功能对标与差距分析""]","[""信用卡智能后督"", ""冷热分离工具日常运维与功能迭代""]","[""需求分析"", ""项目管理（含外包管理）"", ""数据分析""]","[""会话式人工智能服务"", ""大模型智能体""]","{""总体饱和度"": 83.2, ""开发/实施占比"": 69.5, ""会议沟通占比"": 24.1, ""文档撰写占比"": 5.4, ""学习提升占比"": 1.0, ""负荷等级"": ""正常""}",,49,不及格,7966,0,14.8,78,69,91,99
98,300098,姜秀英,数据开发部,数据分析,23.4,女,本科,1.8,3.8,3.93,0,0,0,2,1,4,7.9,0,0,0,0,0,0,0,1,1,年度之星,0,0,1,3,1,3,1,0,15,否,2,4,3,4,3,3,3,1,4,5,4,1,3,5,4,B+,A+,B,无,跑步,姜秀英（数据开发部/数据分析） | 女，23.4岁，本科，行龄1.8年 | 绩效3.93分，日均工时7.9h，牵头项目4个 | 最强技能：编程与工程实现(5分)、算法模型开发能力(4分)、SQL开发(4分) | 软技能：领导力5分/学习能力4分/团队合作4分 | 360评价：上级B+/同级A+ | 岗位匹配：中(技能均分3.0) | 分组：管理信息组 | 工作类型：数据分析/开发（含模型、应用、数仓等）/需求分析 | 饱和度：86.1%(饱和) | 手头项目：信雅达POC、East数据质量AI分析、长文本智能分析、客服助手日常运维与功能迭代,数仓开发组,"[""参与极客大赛数据分析专项，完成缓存层的深度挖掘"", ""数据采集工具业务指标体系建设，完成指标计算模块的报表开发"", ""数据脱敏工具A/B测试方案设计，完成任务调度模块的效果评估""]","[""信雅达POC"", ""East数据质量AI分析"", ""长文本智能分析"", ""客服助手日常运维与功能迭代""]","[""数据分析"", ""开发（含模型、应用、数仓等）"", ""需求分析""]","[""实时开发平台""]","{""总体饱和度"": 86.1, ""开发/实施占比"": 53.8, ""会议沟通占比"": 14.9, ""文档撰写占比"": 5.5, ""学习提升占比"": 25.9, ""负荷等级"": ""饱和""}",,61,及格,6042,2,30.4,78,75,86,73
99,300099,孔娜婷,研发管理部,算法工程,31.3,女,硕士,4.6,2.4,3.71,1,1,2,4,2,2,8.4,1,0,0,0,0,0,1,0,1,银雁奖,2,0,0,5,1,0,0,0,18,否,2,3,3,2,5,4,3,3,4,4,2,4,2,3,2,B,A+,B-,演讲,阅读,孔娜婷（研发管理部/算法工程） | 女，31.3岁，硕士，行龄4.6年 | 绩效3.71分，日均工时8.4h，牵头项目2个 | 角色：组长/骨干 | 最强技能：数据模型设计(5分)、数学与建模理论基础(4分)、编程与工程实现(4分) | 软技能：创新思维4分/领导力3分/学习能力2分 | 360评价：上级B/同级A+ | 岗位匹配：高(技能均分4.0) | 分组：分行BP | 工作类型：开发（含模型、应用、数仓等）/数据分析/项目管理（含外包管理） | 饱和度：90.1%(饱和) | 手头项目：尽调报告智能体、冷热分离工具日常运维与功能迭代,标准质量组,"[""参与绿色金融智能体大模型应用POC，完成报表生成模块的场景验证"", ""信用风险监测预警大模型微调训练，完成Prompt管理模块的Prompt工程优化"", ""智能问数助手模型效果评估，完成数据清洗模块的A/B测试与迭代"", ""信用风险监测预警NLP模型部署，完成向量检索模块的推理性能优化""]","[""尽调报告智能体"", ""冷热分离工具日常运维与功能迭代""]","[""开发（含模型、应用、数仓等）"", ""数据分析"", ""项目管理（含外包管理）""]","[""会话式人工智能服务""]","{""总体饱和度"": 90.1, ""开发/实施占比"": 60.4, ""会议沟通占比"": 11.5, ""文档撰写占比"": 7.7, ""学习提升占比"": 20.4, ""负荷等级"": ""饱和""}",,74,良好,10860,4,18.3,77,91,58,73
100,300100,李星波,数据开发部,应用研发,30.8,女,本科,4.0,1.3,3.74,2,1,1,1,0,1,9.6,1,0,0,0,0,0,0,1,1,银雁奖,1,1,1,5,0,1,0,0,23,是,4,4,4,2,3,3,5,3,2,3,4,4,4,5,2,A-,A,A-,编程,跑步,李星波（数据开发部/应用研发） | 女，30.8岁，本科，行龄4.0年 | 绩效3.74分，日均工时9.6h，牵头项目1个 | 角色：组长/骨干 | 最强技能：技术架构设计(5分)、数据分析工具运用能力(4分)、算法模型开发能力(4分) | 软技能：领导力5分/学习能力4分/创新思维4分 | 360评价：上级A-/同级A | 岗位匹配：高(技能均分4.0) | 分组：监管统计组 | 工作类型：开发（含模型、应用、数仓等）/生产运维/测试 | 饱和度：108.1%(高负荷) | 手头项目：JSON转代码验证、智能问数二期、Hadoop集群日常运维与功能迭代,应用开发组,"[""参与通用办公助手代码评审，完成数据接入层的技术债务清理"", ""智能尽调助手前端页面开发，完成消息队列模块的交互逻辑优化"", ""离线数据开发性能优化，完成报表生成模块的并发处理能力提升"", ""Kafka消息集群微服务架构升级，完成报表生成模块的服务拆分与治理""]","[""JSON转代码验证"", ""智能问数二期"", ""Hadoop集群日常运维与功能迭代""]","[""开发（含模型、应用、数仓等）"", ""生产运维"", ""测试""]","[""信用风险监测预警"", ""长文本智能分析""]","{""总体饱和度"": 108.1, ""开发/实施占比"": 47.6, ""会议沟通占比"": 11.8, ""文档撰写占比"": 5.9, ""学习提升占比"": 34.7, ""负荷等级"": ""高负荷""}",,60,及格,8114,0,32.8,87,43,72,69
101,300101,黄勇一,智能平台部,应用研发,31.3,女,本科,4.2,3.3,3.53,0,1,3,3,1,0,9.0,0,0,0,0,0,0,1,0,0,无,1,1,0,4,1,1,0,0,22,否,2,2,2,3,5,4,3,3,3,4,3,4,4,1,2,B-,B,B,无,摄影,黄勇一（智能平台部/应用研发） | 女，31.3岁，本科，行龄4.2年 | 绩效3.53分，日均工时9.0h，牵头项目0个 | 最强技能：数据模型设计(5分)、编程与工程实现(4分)、SQL开发(3分) | 软技能：创新思维4分/任务拆解能力4分/学习能力3分 | 360评价：上级B-/同级B | 岗位匹配：中(技能均分3.0) | 分组：工具开发组 | 工作类型：开发（含模型、应用、数仓等）/测试/生产运维 | 饱和度：82.2%(正常) | 手头项目：火山引擎POC、信雅达POC、大模型客服技改、公共智能体工作站日常运维与功能迭代,AI基础研发组,"[""智能外呼分析前端页面开发，完成知识图谱模块的交互逻辑优化"", ""参与通用办公助手代码评审，完成知识图谱模块的技术债务清理"", ""Hadoop集群后端服务开发，完成知识图谱模块的接口设计与实现""]","[""火山引擎POC"", ""信雅达POC"", ""大模型客服技改"", ""公共智能体工作站日常运维与功能迭代""]","[""开发（含模型、应用、数仓等）"", ""测试"", ""生产运维""]","[""智能外呼分析"", ""AI手机银行""]","{""总体饱和度"": 82.2, ""开发/实施占比"": 46.8, ""会议沟通占比"": 10.9, ""文档撰写占比"": 14.4, ""学习提升占比"": 27.9, ""负荷等级"": ""正常""}",,74,良好,2599,2,22.5,98,68,76,76
102,300102,黄飞秋,智能应用一部,测试,31.7,男,本科,2.1,3.1,3.78,0,0,2,2,0,3,7.0,0,0,0,1,1,0,0,0,1,金雁奖,0,0,0,2,0,0,1,0,21,否,4,4,4,3,2,4,5,4,5,4,1,4,3,5,4,A-,B+,B,英语,运动,黄飞秋（智能应用一部/测试） | 男，31.7岁，本科，行龄2.1年 | 绩效3.78分，日均工时7.0h，牵头项目3个 | 角色：内部PM、外部PM | 最强技能：技术架构设计(5分)、数学与建模理论基础(5分)、数据分析工具运用能力(4分) | 软技能：领导力5分/创新思维4分/团队合作4分 | 360评价：上级A-/同级B+ | 分组：工具开发组 | 工作类型：测试/开发（含模型、应用、数仓等）/生产运维 | 饱和度：77.2%(正常) | 手头项目：East数据质量AI分析、综合监管报送日常运维与功能迭代,AI产品运营组,"[""授信政策管理系统自动化测试脚本开发，完成指标计算模块的回归测试覆盖"", ""Hadoop数据仓库测试环境搭建，完成API网关模块的测试数据准备"", ""参与JSON转代码验证灰度发布验证，完成数据接入层的上线 checklist""]","[""East数据质量AI分析"", ""综合监管报送日常运维与功能迭代""]","[""测试"", ""开发（含模型、应用、数仓等）"", ""生产运维""]","[""智能数据血缘分析工具"", ""Kafka消息集群""]","{""总体饱和度"": 77.2, ""开发/实施占比"": 47.8, ""会议沟通占比"": 15.9, ""文档撰写占比"": 11.0, ""学习提升占比"": 25.4, ""负荷等级"": ""正常""}",,64,及格,6214,1,21.9,76,57,91,46
103,300103,张梓,智能应用一部,应用研发,29.4,女,本科,0.2,8.3,2.27,0,0,0,3,1,0,9.5,0,0,0,1,0,0,0,1,2,最佳团队奖,3,1,0,1,0,1,0,0,16,是,3,3,4,3,3,1,1,4,4,4,3,4,1,3,4,A+,A-,B+,数学,跑步,张梓（智能应用一部/应用研发） | 女，29.4岁，本科，行龄0.2年 | 绩效2.27分，日均工时9.5h，牵头项目0个 | 角色：内部PM | 最强技能：营销运营能力(4分)、应用开发能力(4分)、数学与建模理论基础(4分) | 软技能：创新思维4分/团队合作4分/学习能力3分 | 360评价：上级A+/同级A- | 岗位匹配：低-错配风险(技能均分2.5) | 分组：测试管理组 | 工作类型：开发（含模型、应用、数仓等）/测试/生产运维 | 饱和度：96.7%(高负荷) | 手头项目：East数据质量AI分析、长文本智能分析日常运维与功能迭代,零售应用组,"[""客户经理超级工作台微服务架构升级，完成指标计算模块的服务拆分与治理"", ""离线数据开发后端服务开发，完成数据接入层的接口设计与实现"", ""智能尽调助手性能优化，完成模型训练层的并发处理能力提升""]","[""East数据质量AI分析"", ""长文本智能分析日常运维与功能迭代""]","[""开发（含模型、应用、数仓等）"", ""测试"", ""生产运维""]","[""实时开发平台"", ""统一调度平台""]","{""总体饱和度"": 96.7, ""开发/实施占比"": 60.4, ""会议沟通占比"": 21.3, ""文档撰写占比"": 10.0, ""学习提升占比"": 8.3, ""负荷等级"": ""高负荷""}",,58,不及格,9508,1,35.7,74,60,99,47
104,300104,沈东红,数据开发部,数据研发,37.7,女,硕士,5.4,4.5,3.36,2,0,1,0,1,3,8.4,0,0,0,1,0,0,0,1,0,无,2,0,2,0,1,1,0,0,20,否,3,3,5,1,1,2,3,4,4,4,4,4,3,3,4,B,A,B-,编程,旅游,沈东红（数据开发部/数据研发） | 女，37.7岁，硕士，行龄5.4年 | 绩效3.36分，日均工时8.4h，牵头项目3个 | 角色：内部PM | 最强技能：营销运营能力(5分)、应用开发能力(4分)、数学与建模理论基础(4分) | 软技能：学习能力4分/创新思维4分/团队合作4分 | 360评价：上级B/同级A | 岗位匹配：低-错配风险(技能均分1.3) | 分组：工具开发组 | 工作类型：开发（含模型、应用、数仓等）/数据治理/测试 | 饱和度：98.4%(高负荷) | 手头项目：零小海信义贷技改、授信政策知识体系、知识库问答系统日常运维与功能迭代,模型设计组,"[""金牌催收员SQL性能调优，解决缓存层慢查询问题"", ""大模型智能体数据质量检核规则配置，修复数据接入层数据异常"", ""参与极客大赛数据架构评审，输出用户权限模块技术方案"", ""智能外呼分析数据接口开发，完成报表生成模块的API联调与测试"", ""智能外呼分析数据接口开发，完成用户权限模块的API联调与测试""]","[""零小海信义贷技改"", ""授信政策知识体系"", ""知识库问答系统日常运维与功能迭代""]","[""开发（含模型、应用、数仓等）"", ""数据治理"", ""测试""]","[""数据脱敏工具""]","{""总体饱和度"": 98.4, ""开发/实施占比"": 63.6, ""会议沟通占比"": 20.4, ""文档撰写占比"": 13.9, ""学习提升占比"": 2.1, ""负荷等级"": ""高负荷""}",,45,不及格,9760,1,15.0,78,59,51,80
105,300105,曹远艳,信息统计部,项目管理,22.8,男,硕士,2.2,1.1,3.63,1,1,1,2,0,1,8.8,0,0,0,1,0,0,0,0,0,无,0,0,0,5,0,0,0,0,11,是,3,4,2,5,3,5,4,5,4,1,2,4,4,1,3,B,B-,A,数据分析,羽毛球,曹远艳（信息统计部/项目管理） | 男，22.8岁，硕士，行龄2.2年 | 绩效3.63分，日均工时8.8h，牵头项目1个 | 角色：内部PM | 最强技能：SQL开发(5分)、应用开发能力(5分)、算法模型开发能力(4分) | 软技能：创新思维4分/任务拆解能力4分/团队合作3分 | 360评价：上级B/同级B- | 分组：项目管理团队 | 工作类型：项目管理（含外包管理）/其他/需求分析 | 饱和度：87.4%(饱和) | 手头项目：知识库问答体系建设、信用风险监测预警日常运维与功能迭代,监管统计组,"[""尽调报告智能体进度跟踪与风险预警，完成数据清洗模块的周报汇总"", ""火山引擎POC进度跟踪与风险预警，完成数据接入层的周报汇总"", ""零售客户分群项目复盘，输出可视化组件的经验教训与改进措施"", ""组织授信政策知识体系项目例会，完成报表生成模块的会议纪要跟踪""]","[""知识库问答体系建设"", ""信用风险监测预警日常运维与功能迭代""]","[""项目管理（含外包管理）"", ""其他"", ""需求分析""]","[""绿色金融业务管理"", ""数据安全脱敏网关系统""]","{""总体饱和度"": 87.4, ""开发/实施占比"": 56.8, ""会议沟通占比"": 12.7, ""文档撰写占比"": 9.1, ""学习提升占比"": 21.3, ""负荷等级"": ""饱和""}",,65,及格,7603,2,29.0,71,57,61,69
106,300106,薛敏,机构服务团队,项目管理,26.5,女,博士,1.4,2.6,2.95,1,0,0,0,0,3,9.6,0,1,0,0,0,0,0,0,0,无,0,0,0,3,1,2,0,1,21,否,1,2,4,4,4,4,1,4,3,5,5,1,1,3,5,A,A-,A+,写作,旅游,薛敏（机构服务团队/项目管理） | 女，26.5岁，博士，行龄1.4年 | 绩效2.95分，日均工时9.6h，牵头项目3个 | 角色：重点项目成员 | 最强技能：编程与工程实现(5分)、营销运营能力(4分)、SQL开发(4分) | 软技能：学习能力5分/团队合作5分/领导力3分 | 360评价：上级A/同级A- | 分组：测试管理组 | 工作类型：项目管理（含外包管理）/其他/需求分析 | 饱和度：107.9%(高负荷) | 手头项目：East数据质量AI分析、金牌催收员日常运维与功能迭代,非零BP,"[""长文本智能分析资源协调，完成指标计算模块的跨部门沟通与对齐"", ""信贷场景MVP项目复盘，输出监控告警模块的经验教训与改进措施"", ""授信政策知识体系预算管理，完成数据清洗模块的费用核算与控制""]","[""East数据质量AI分析"", ""金牌催收员日常运维与功能迭代""]","[""项目管理（含外包管理）"", ""其他"", ""需求分析""]","[""实时开发平台"", ""DWS数据集群""]","{""总体饱和度"": 107.9, ""开发/实施占比"": 58.5, ""会议沟通占比"": 19.4, ""文档撰写占比"": 14.8, ""学习提升占比"": 7.2, ""负荷等级"": ""高负荷""}",,55,不及格,11802,2,16.6,80,78,81,74
107,300107,丁予海,智能应用二部,架构管理,30.0,女,本科,4.6,5.7,3.7,1,0,0,2,1,2,7.0,1,0,0,0,0,0,0,1,0,无,1,1,0,1,1,0,0,0,27,是,3,1,3,3,3,5,2,5,1,2,2,3,4,3,4,B-,A+,B,项目管理,游戏,丁予海（智能应用二部/架构管理） | 女，30.0岁，本科，行龄4.6年 | 绩效3.7分，日均工时7.0h，牵头项目2个 | 角色：组长/骨干 | 最强技能：应用开发能力(5分)、数据分析工具运用能力(3分)、营销运营能力(3分) | 软技能：任务拆解能力4分/团队合作4分/创新思维3分 | 360评价：上级B-/同级A+ | 岗位匹配：中(技能均分3.5) | 分组：服务支持组 | 工作类型：架构设计/技术评审/项目管理（含外包管理） | 饱和度：86.8%(饱和) | 手头项目：JSON转代码验证、零售客户分群、智能外呼分析、联机服务集群日常运维与功能迭代,AI产品运营组,"[""实时数据集群云原生架构规划，完成用户权限模块的容器化改造方案"", ""组织AI创意比赛技术分享，完成可视化组件的知识沉淀"", ""Hadoop数据仓库技术选型评估，完成API网关模块的POC验证与决策"", ""Hadoop集群云原生架构规划，完成Prompt管理模块的容器化改造方案"", ""尽调报告助手性能压测方案设计，完成Prompt管理模块的容量规划""]","[""JSON转代码验证"", ""零售客户分群"", ""智能外呼分析"", ""联机服务集群日常运维与功能迭代""]","[""架构设计"", ""技术评审"", ""项目管理（含外包管理）""]","[""数据运维平台"", ""数据测试平台""]","{""总体饱和度"": 86.8, ""开发/实施占比"": 52.9, ""会议沟通占比"": 22.0, ""文档撰写占比"": 8.4, ""学习提升占比"": 16.7, ""负荷等级"": ""饱和""}",,82,良好,13316,0,32.5,82,51,71,73
108,300108,闫辉雪,数据开发部,应用研发,22.6,男,本科,2.4,7.7,3.41,0,0,0,0,0,1,8.1,1,1,0,0,0,0,0,0,0,无,2,0,1,4,0,0,0,0,14,否,5,3,2,3,4,2,5,4,4,3,5,3,4,4,3,B-,B+,A-,编程,羽毛球,闫辉雪（数据开发部/应用研发） | 男，22.6岁，本科，行龄2.4年 | 绩效3.41分，日均工时8.1h，牵头项目1个 | 角色：组长/骨干、重点项目成员 | 最强技能：数据分析工具运用能力(5分)、技术架构设计(5分)、数据模型设计(4分) | 软技能：学习能力5分/任务拆解能力4分/领导力4分 | 360评价：上级B-/同级B+ | 岗位匹配：高(技能均分4.5) | 分组：运维支持组 | 工作类型：开发（含模型、应用、数仓等）/测试/生产运维 | 饱和度：97.2%(高负荷) | 手头项目：East数据质量AI分析、统一调度平台日常运维与功能迭代,数仓开发组,"[""East数据质量分析微服务架构升级，完成数据清洗模块的服务拆分与治理"", ""参与信贷场景MVP代码评审，完成API网关模块的技术债务清理"", ""统一调度平台安全漏洞修复，完成模型训练层的代码审计与加固"", ""数据采集工具后端服务开发，完成缓存层的接口设计与实现"", ""参与智能外呼分析代码评审，完成前端展示层的技术债务清理""]","[""East数据质量AI分析"", ""统一调度平台日常运维与功能迭代""]","[""开发（含模型、应用、数仓等）"", ""测试"", ""生产运维""]","[""数据脱敏工具""]","{""总体饱和度"": 97.2, ""开发/实施占比"": 59.9, ""会议沟通占比"": 11.1, ""文档撰写占比"": 6.6, ""学习提升占比"": 22.4, ""负荷等级"": ""高负荷""}",,55,不及格,2566,1,16.8,51,80,61,81
109,300109,冯冬欢,信息管理部,数据研发,29.7,女,硕士,5.3,0.7,4.37,1,0,0,4,2,1,7.6,1,0,0,0,0,0,0,1,1,年度之星,1,2,1,1,1,1,1,2,18,否,5,3,3,3,4,3,4,3,4,4,4,3,3,5,4,A,A+,B,项目管理,音乐,冯冬欢（信息管理部/数据研发） | 女，29.7岁，硕士，行龄5.3年 | 绩效4.37分，日均工时7.6h，牵头项目1个 | 角色：组长/骨干 | 最强技能：数据分析工具运用能力(5分)、数据模型设计(4分)、技术架构设计(4分) | 软技能：领导力5分/学习能力4分/团队合作4分 | 360评价：上级A/同级A+ | 岗位匹配：中(技能均分3.3) | 分组：服务支持组 | 工作类型：开发（含模型、应用、数仓等）/测试/数据治理 | 饱和度：88.2%(饱和) | 手头项目：信贷场景MVP、Openclaw框架调研、数据运维平台日常运维与功能迭代,服务管理组,"[""Kafka消息集群SQL性能调优，解决用户权限模块慢查询问题"", ""智能数据血缘分析工具数据模型设计与开发，完成用户权限模块的ETL流程优化"", ""流水鉴真系统历史数据迁移，完成任务调度模块的数据校验与比对"", ""智能数据血缘分析工具历史数据迁移，完成测试框架的数据校验与比对""]","[""信贷场景MVP"", ""Openclaw框架调研"", ""数据运维平台日常运维与功能迭代""]","[""开发（含模型、应用、数仓等）"", ""测试"", ""数据治理""]","[""数据安全脱敏网关系统"", ""智能数据血缘分析工具""]","{""总体饱和度"": 88.2, ""开发/实施占比"": 42.3, ""会议沟通占比"": 10.7, ""文档撰写占比"": 5.6, ""学习提升占比"": 41.5, ""负荷等级"": ""饱和""}",,68,及格,7898,0,15.5,38,41,84,79
110,300110,丁志,数据开发部,需求分析,38.6,女,本科,4.4,0.5,4.28,0,1,1,3,1,1,6.5,0,0,0,0,0,0,0,1,0,无,3,0,1,3,0,1,0,0,22,否,3,5,3,4,4,2,4,4,3,4,3,3,4,2,4,B-,A,B-,项目管理,羽毛球,丁志（数据开发部/需求分析） | 女，38.6岁，本科，行龄4.4年 | 绩效4.28分，日均工时6.5h，牵头项目1个 | 最强技能：算法模型开发能力(5分)、SQL开发(4分)、数据模型设计(4分) | 软技能：任务拆解能力4分/团队合作4分/学习能力3分 | 360评价：上级B-/同级A | 分组：标准质量组 | 工作类型：需求分析/数据分析/项目管理（含外包管理） | 饱和度：63.9%(偏低) | 手头项目：AI创意比赛、客服辅助项目、AI客户经营、East数据质量分析日常运维与功能迭代,应用开发组,"[""数据运维平台业务流程梳理，完成知识图谱模块的原型设计与验证"", ""会话式人工智能服务用户体验优化，完成任务调度模块的交互流程改进"", ""流水鉴真系统业务需求调研，完成消息队列模块的需求文档编写"", ""绿色金融业务管理业务流程梳理，完成Prompt管理模块的原型设计与验证"", ""离线数据开发用户访谈与痛点分析，输出数据接入层的需求规格说明书""]","[""AI创意比赛"", ""客服辅助项目"", ""AI客户经营"", ""East数据质量分析日常运维与功能迭代""]","[""需求分析"", ""数据分析"", ""项目管理（含外包管理）""]","[""大模型智能体"", ""智能问数助手""]","{""总体饱和度"": 63.9, ""开发/实施占比"": 60.2, ""会议沟通占比"": 18.0, ""文档撰写占比"": 13.9, ""学习提升占比"": 7.9, ""负荷等级"": ""偏低""}",,65,及格,4132,2,19.5,99,69,80,92
111,300111,覃紫湖,数据治理部,数据研发,30.6,女,本科,4.6,7.3,3.28,3,0,1,3,0,2,8.4,0,1,0,0,0,0,0,1,0,无,2,1,1,2,2,0,0,0,26,否,4,4,4,2,4,4,3,2,5,1,3,3,5,2,3,A+,A-,A+,无,烹饪,覃紫湖（数据治理部/数据研发） | 女，30.6岁，本科，行龄4.6年 | 绩效3.28分，日均工时8.4h，牵头项目2个 | 角色：重点项目成员 | 最强技能：数学与建模理论基础(5分)、数据分析工具运用能力(4分)、算法模型开发能力(4分) | 软技能：任务拆解能力5分/学习能力3分/创新思维3分 | 360评价：上级A+/同级A- | 岗位匹配：中(技能均分3.3) | 分组：架构安全组 | 工作类型：开发（含模型、应用、数仓等）/数据治理/测试 | 饱和度：91.0%(饱和) | 手头项目：East数据质量AI分析、实时数据集群日常运维与功能迭代,数据安全组,"[""数据运维平台历史数据迁移，完成用户权限模块的数据校验与比对"", ""参与NL2SQL产品POC数据架构评审，输出缓存层技术方案"", ""参与火山引擎POC数据架构评审，输出可视化组件技术方案""]","[""East数据质量AI分析"", ""实时数据集群日常运维与功能迭代""]","[""开发（含模型、应用、数仓等）"", ""数据治理"", ""测试""]","[""Kafka消息集群""]","{""总体饱和度"": 91.0, ""开发/实施占比"": 41.2, ""会议沟通占比"": 23.4, ""文档撰写占比"": 12.0, ""学习提升占比"": 23.3, ""负荷等级"": ""饱和""}",,61,及格,8150,1,18.2,64,73,54,81
112,300112,吴卿学,智能应用二部,数据研发,31.6,女,本科,0.4,4.5,3.44,1,0,0,4,0,1,10.6,0,0,0,0,0,0,0,0,0,无,2,0,1,3,0,1,0,1,19,是,4,3,4,2,3,3,3,4,3,5,4,3,1,5,5,A,B-,B-,编程,摄影,吴卿学（智能应用二部/数据研发） | 女，31.6岁，本科，行龄0.4年 | 绩效3.44分，日均工时10.6h，牵头项目1个 | 最强技能：编程与工程实现(5分)、数据分析工具运用能力(4分)、营销运营能力(4分) | 软技能：领导力5分/团队合作5分/学习能力4分 | 360评价：上级A/同级B- | 岗位匹配：低-错配风险(技能均分2.7) | 分组：标准质量组 | 工作类型：开发（含模型、应用、数仓等）/数据治理/测试 | 饱和度：102.5%(高负荷) | 手头项目：East数据质量AI分析、AI手机银行日常运维与功能迭代,对公应用组,"[""联机服务集群数据质量检核规则配置，修复数据接入层数据异常"", ""反电诈管理系统数仓分层建设，完成数据清洗模块的数据接入与清洗"", ""参与尽调报告智能体数据架构评审，输出缓存层技术方案"", ""数据运维平台数据接口开发，完成模型训练层的API联调与测试""]","[""East数据质量AI分析"", ""AI手机银行日常运维与功能迭代""]","[""开发（含模型、应用、数仓等）"", ""数据治理"", ""测试""]","[""数据脱敏工具""]","{""总体饱和度"": 102.5, ""开发/实施占比"": 55.9, ""会议沟通占比"": 22.9, ""文档撰写占比"": 8.8, ""学习提升占比"": 12.4, ""负荷等级"": ""高负荷""}",,79,良好,6026,0,15.6,95,86,72,58
113,300113,蒋月雪,研发管理部,算法工程,24.4,男,本科,5.7,2.1,3.47,0,1,1,1,0,1,6.2,1,0,0,0,0,1,0,0,0,无,1,0,0,2,1,1,1,0,18,是,3,1,3,2,4,2,5,3,3,2,4,5,3,3,5,A,A-,A-,数学,跑步,蒋月雪（研发管理部/算法工程） | 男，24.4岁，本科，行龄5.7年 | 绩效3.47分，日均工时6.2h，牵头项目1个 | 角色：组长/骨干 | 最强技能：技术架构设计(5分)、数据模型设计(4分)、数据分析工具运用能力(3分) | 软技能：创新思维5分/团队合作5分/学习能力4分 | 360评价：上级A/同级A- | 岗位匹配：低-错配风险(技能均分2.5) | 分组：管理信息组 | 工作类型：开发（含模型、应用、数仓等）/数据分析/项目管理（含外包管理） | 饱和度：70.6%(正常) | 手头项目：尽调报告智能体、数据脱敏工具日常运维与功能迭代,标准质量组,"[""冷热分离工具NLP模型部署，完成任务调度模块的推理性能优化"", ""尽调报告助手RAG检索链路开发，完成API网关模块的向量数据库接入"", ""参与流水鉴真场景大模型应用POC，完成数据接入层的场景验证"", ""AI创意比赛算法方案评审，输出任务调度模块的技术可行性分析""]","[""尽调报告智能体"", ""数据脱敏工具日常运维与功能迭代""]","[""开发（含模型、应用、数仓等）"", ""数据分析"", ""项目管理（含外包管理）""]","[""零售客户关系管理"", ""Hadoop集群""]","{""总体饱和度"": 70.6, ""开发/实施占比"": 40.6, ""会议沟通占比"": 12.0, ""文档撰写占比"": 7.8, ""学习提升占比"": 39.5, ""负荷等级"": ""正常""}",,78,良好,9573,2,21.1,89,66,93,73
114,300114,刘墨河,数据平台部,数据研发,27.5,男,博士,3.7,4.7,3.29,0,0,2,5,0,1,8.1,1,0,0,0,0,0,0,0,1,金雁奖,0,0,1,0,0,1,0,0,12,否,1,3,3,3,5,4,5,3,5,3,4,3,2,2,1,B-,B,A-,培训,游泳,刘墨河（数据平台部/数据研发） | 男，27.5岁，博士，行龄3.7年 | 绩效3.29分，日均工时8.1h，牵头项目1个 | 角色：组长/骨干 | 最强技能：数据模型设计(5分)、技术架构设计(5分)、数学与建模理论基础(5分) | 软技能：学习能力4分/创新思维3分/任务拆解能力2分 | 360评价：上级B-/同级B | 岗位匹配：高(技能均分4.0) | 分组：测试管理组 | 工作类型：开发（含模型、应用、数仓等）/数据治理/测试 | 饱和度：99.0%(高负荷) | 手头项目：East数据质量AI分析、知识库问答系统日常运维与功能迭代,运维支持组,"[""实时数据集群SQL性能调优，解决推理服务层慢查询问题"", ""尽调报告助手SQL性能调优，解决前端展示层慢查询问题"", ""AI手机银行数据接口开发，完成向量检索模块的API联调与测试""]","[""East数据质量AI分析"", ""知识库问答系统日常运维与功能迭代""]","[""开发（含模型、应用、数仓等）"", ""数据治理"", ""测试""]","[""实时开发平台"", ""智能数据血缘分析工具""]","{""总体饱和度"": 99.0, ""开发/实施占比"": 53.2, ""会议沟通占比"": 10.0, ""文档撰写占比"": 13.7, ""学习提升占比"": 23.1, ""负荷等级"": ""高负荷""}",,98,优秀,6521,0,22.0,65,61,66,73
115,300115,谢杰明,数据平台部,数据研发,28.7,男,硕士,2.4,0.5,3.61,1,1,1,4,0,1,8.7,0,0,0,0,0,0,0,0,0,无,1,0,0,2,1,1,0,1,21,否,2,4,2,2,5,3,3,2,4,5,3,2,2,3,2,B+,B-,B+,沟通,游戏,谢杰明（数据平台部/数据研发） | 男，28.7岁，硕士，行龄2.4年 | 绩效3.61分，日均工时8.7h，牵头项目1个 | 最强技能：数据模型设计(5分)、编程与工程实现(5分)、算法模型开发能力(4分) | 软技能：学习能力3分/领导力3分/创新思维2分 | 360评价：上级B+/同级B- | 岗位匹配：中(技能均分3.3) | 分组：应用开发组 | 工作类型：开发（含模型、应用、数仓等）/数据治理/测试 | 饱和度：89.1%(饱和) | 手头项目：East数据质量AI分析、综合监管报送日常运维与功能迭代,数据服务组,"[""会话式人工智能服务历史数据迁移，完成知识图谱模块的数据校验与比对"", ""智能问数助手数据模型设计与开发，完成报表生成模块的ETL流程优化"", ""智能问数助手数据质量检核规则配置，修复向量检索模块数据异常"", ""金牌催收员数据质量检核规则配置，修复模型训练层数据异常""]","[""East数据质量AI分析"", ""综合监管报送日常运维与功能迭代""]","[""开发（含模型、应用、数仓等）"", ""数据治理"", ""测试""]","[""统一调度平台""]","{""总体饱和度"": 89.1, ""开发/实施占比"": 68.7, ""会议沟通占比"": 20.0, ""文档撰写占比"": 10.1, ""学习提升占比"": 1.2, ""负荷等级"": ""饱和""}",,78,良好,5705,2,10.7,86,49,81,60
116,300116,戴青明,数据平台部,应用研发,29.0,男,硕士,3.5,3.7,3.14,1,0,0,2,1,0,8.2,0,1,0,0,0,0,1,1,1,银雁奖,2,2,0,4,1,1,0,0,30,是,3,3,4,5,5,3,1,4,3,3,3,2,2,3,1,A+,A+,B-,设计,音乐,戴青明（数据平台部/应用研发） | 男，29.0岁，硕士，行龄3.5年 | 绩效3.14分，日均工时8.2h，牵头项目0个 | 角色：重点项目成员 | 最强技能：SQL开发(5分)、数据模型设计(5分)、营销运营能力(4分) | 软技能：学习能力3分/领导力3分/创新思维2分 | 360评价：上级A+/同级A+ | 岗位匹配：低-错配风险(技能均分2.5) | 分组：标准质量组 | 工作类型：开发（含模型、应用、数仓等）/测试/生产运维 | 饱和度：87.4%(饱和) | 手头项目：长文本智能分析、联机服务集群日常运维与功能迭代,工具开发组,"[""客户经理超级工作台性能优化，完成数据接入层的并发处理能力提升"", ""零售客户关系管理安全漏洞修复，完成报表生成模块的代码审计与加固"", ""会话式人工智能服务安全漏洞修复，完成监控告警模块的代码审计与加固"", ""反电诈管理系统性能优化，完成数据清洗模块的并发处理能力提升""]","[""长文本智能分析"", ""联机服务集群日常运维与功能迭代""]","[""开发（含模型、应用、数仓等）"", ""测试"", ""生产运维""]","[""智能外呼分析"", ""AI手机银行""]","{""总体饱和度"": 87.4, ""开发/实施占比"": 46.4, ""会议沟通占比"": 21.9, ""文档撰写占比"": 10.7, ""学习提升占比"": 21.0, ""负荷等级"": ""饱和""}",,67,及格,12364,3,18.9,51,99,70,92
117,300117,吴溪,信息管理部,数据研发,36.7,男,本科,0.2,4.3,2.96,2,0,1,4,2,2,8.0,0,1,0,0,0,0,0,0,0,无,1,0,0,2,0,0,0,0,22,是,5,2,4,4,1,3,2,3,2,3,5,4,4,3,3,A-,A,A+,沟通,摄影,吴溪（信息管理部/数据研发） | 男，36.7岁，本科，行龄0.2年 | 绩效2.96分，日均工时8.0h，牵头项目2个 | 角色：重点项目成员 | 最强技能：数据分析工具运用能力(5分)、营销运营能力(4分)、SQL开发(4分) | 软技能：学习能力5分/创新思维4分/任务拆解能力4分 | 360评价：上级A-/同级A | 岗位匹配：低-错配风险(技能均分2.7) | 分组：项目管理团队 | 工作类型：开发（含模型、应用、数仓等）/测试/数据治理 | 饱和度：84.4%(正常) | 手头项目：司库系统建设、智能尽调助手日常运维与功能迭代,服务支持组,"[""冷热分离工具数据模型设计与开发，完成日志审计模块的ETL流程优化"", ""DWS数据集群实时数据链路开发，完成缓存层的流式计算任务"", ""流水鉴真系统数据接口开发，完成知识图谱模块的API联调与测试"", ""流水鉴真系统数仓分层建设，完成Prompt管理模块的数据接入与清洗"", ""客户经理超级工作台数据接口开发，完成缓存层的API联调与测试""]","[""司库系统建设"", ""智能尽调助手日常运维与功能迭代""]","[""开发（含模型、应用、数仓等）"", ""测试"", ""数据治理""]","[""Hadoop数据仓库"", ""Kafka消息集群""]","{""总体饱和度"": 84.4, ""开发/实施占比"": 42.4, ""会议沟通占比"": 18.6, ""文档撰写占比"": 5.5, ""学习提升占比"": 33.5, ""负荷等级"": ""正常""}",,52,不及格,5708,2,34.8,95,58,78,74
118,300118,姚木木,数据开发部,数据研发,33.2,女,本科,4.0,5.5,3.82,1,0,1,1,1,0,6.8,0,1,0,1,0,1,0,1,1,优秀导师,2,0,0,3,2,2,0,0,21,是,4,3,1,3,4,4,4,1,3,2,3,3,4,4,5,B+,A-,A-,数据分析,烹饪,姚木木（数据开发部/数据研发） | 女，33.2岁，本科，行龄4.0年 | 绩效3.82分，日均工时6.8h，牵头项目0个 | 角色：重点项目成员、内部PM | 最强技能：数据分析工具运用能力(4分)、数据模型设计(4分)、技术架构设计(4分) | 软技能：团队合作5分/任务拆解能力4分/领导力4分 | 360评价：上级B+/同级A- | 岗位匹配：中(技能均分3.7) | 分组：管理信息组 | 工作类型：开发（含模型、应用、数仓等）/数据治理/测试 | 饱和度：66.8%(偏低) | 手头项目：极客大赛、智能问数二期、East数据质量AI分析、综合监管报送日常运维与功能迭代,需求接入组,"[""联机服务集群实时数据链路开发，完成监控告警模块的流式计算任务"", ""知识库问答系统历史数据迁移，完成Prompt管理模块的数据校验与比对"", ""统一调度平台数据模型设计与开发，完成Prompt管理模块的ETL流程优化""]","[""极客大赛"", ""智能问数二期"", ""East数据质量AI分析"", ""综合监管报送日常运维与功能迭代""]","[""开发（含模型、应用、数仓等）"", ""数据治理"", ""测试""]","[""数据采集工具""]","{""总体饱和度"": 66.8, ""开发/实施占比"": 65.2, ""会议沟通占比"": 24.1, ""文档撰写占比"": 6.7, ""学习提升占比"": 4.0, ""负荷等级"": ""偏低""}",,75,良好,5798,1,13.3,74,91,80,62
119,300119,陆达欢,数据治理部,数据研发,25.1,男,本科,1.1,1.8,3.82,0,0,1,1,0,0,8.3,1,0,0,0,0,0,1,0,0,无,1,0,0,0,1,0,0,1,22,否,2,4,3,4,4,3,1,3,4,3,3,4,3,4,3,A+,A-,B+,项目管理,旅游,陆达欢（数据治理部/数据研发） | 男，25.1岁，本科，行龄1.1年 | 绩效3.82分，日均工时8.3h，牵头项目0个 | 角色：组长/骨干 | 最强技能：算法模型开发能力(4分)、SQL开发(4分)、数据模型设计(4分) | 软技能：创新思维4分/领导力4分/学习能力3分 | 360评价：上级A+/同级A- | 岗位匹配：中(技能均分3.7) | 分组：对公应用组 | 工作类型：开发（含模型、应用、数仓等）/测试/数据治理 | 饱和度：96.2%(高负荷) | 手头项目：长文本智能分析、AI创意比赛、离线数据开发日常运维与功能迭代,标准质量组,"[""信贷场景MVP数据接口开发，完成特征工程模块的API联调与测试"", ""大模型智能体数据质量检核规则配置，修复Prompt管理模块数据异常"", ""绿色金融业务管理数据模型设计与开发，完成消息队列模块的ETL流程优化""]","[""长文本智能分析"", ""AI创意比赛"", ""离线数据开发日常运维与功能迭代""]","[""开发（含模型、应用、数仓等）"", ""测试"", ""数据治理""]","[""客服助手"", ""智能问数助手""]","{""总体饱和度"": 96.2, ""开发/实施占比"": 48.3, ""会议沟通占比"": 18.7, ""文档撰写占比"": 7.7, ""学习提升占比"": 25.2, ""负荷等级"": ""高负荷""}",,81,良好,500,1,16.4,58,46,90,61
120,300120,赵军尘,信息管理部,数据分析,31.7,男,本科,0.4,3.9,3.12,3,1,0,1,1,0,7.3,0,1,0,0,0,1,0,1,1,金雁奖,0,0,1,2,1,2,1,1,21,否,2,3,3,1,2,3,3,4,3,2,3,4,2,2,2,B-,A-,B+,数据分析,烹饪,赵军尘（信息管理部/数据分析） | 男，31.7岁，本科，行龄0.4年 | 绩效3.12分，日均工时7.3h，牵头项目0个 | 角色：重点项目成员 | 最强技能：应用开发能力(4分)、算法模型开发能力(3分)、营销运营能力(3分) | 软技能：创新思维4分/学习能力3分/任务拆解能力2分 | 360评价：上级B-/同级A- | 岗位匹配：低-错配风险(技能均分2.7) | 分组：零售应用组 | 工作类型：数据分析/需求分析/开发（含模型、应用、数仓等） | 饱和度：66.4%(偏低) | 手头项目：智能工单场景、统一调度平台日常运维与功能迭代,管理信息组,"[""流水鉴真系统A/B测试方案设计，完成监控告警模块的效果评估"", ""长文本智能分析数据需求调研，输出用户权限模块分析结论"", ""实时开发平台业务指标体系建设，完成知识图谱模块的报表开发"", ""智能外呼分析数据需求调研，输出可视化组件分析结论""]","[""智能工单场景"", ""统一调度平台日常运维与功能迭代""]","[""数据分析"", ""需求分析"", ""开发（含模型、应用、数仓等）""]","[""智能外呼分析"", ""客服助手""]","{""总体饱和度"": 66.4, ""开发/实施占比"": 67.6, ""会议沟通占比"": 21.7, ""文档撰写占比"": 10.1, ""学习提升占比"": 0.6, ""负荷等级"": ""偏低""}",,72,良好,7812,1,24.8,76,46,87,61
121,300121,张军土,信息管理部,架构管理,32.9,男,本科,0.2,1.9,3.95,1,0,1,1,0,0,6.0,0,1,0,1,0,0,0,0,1,优秀导师,1,0,1,1,0,1,0,0,17,是,4,4,4,4,4,3,3,5,4,3,4,3,4,5,2,B,B-,B+,写作,游泳,张军土（信息管理部/架构管理） | 男，32.9岁，本科，行龄0.2年 | 绩效3.95分，日均工时6.0h，牵头项目0个 | 角色：重点项目成员、内部PM | 最强技能：应用开发能力(5分)、数据分析工具运用能力(4分)、算法模型开发能力(4分) | 软技能：领导力5分/学习能力4分/任务拆解能力4分 | 360评价：上级B/同级B- | 岗位匹配：高(技能均分4.0) | 分组：需求接入组 | 工作类型：架构设计/项目管理（含外包管理）/技术评审 | 饱和度：62.0%(偏低) | 手头项目：信用卡智能后督、智能工单场景、Hadoop数据仓库日常运维与功能迭代,服务管理组,"[""智能尽调助手安全架构评审，完成测试框架的合规性检查"", ""组织外搜接口采购技术分享，完成数据清洗模块的知识沉淀"", ""智能问数助手云原生架构规划，完成特征工程模块的容器化改造方案"", ""DWS数据集群技术架构设计，完成数据清洗模块的方案评审与优化""]","[""信用卡智能后督"", ""智能工单场景"", ""Hadoop数据仓库日常运维与功能迭代""]","[""架构设计"", ""项目管理（含外包管理）"", ""技术评审""]","[""DWS数据集群"", ""反电诈管理系统""]","{""总体饱和度"": 62.0, ""开发/实施占比"": 65.2, ""会议沟通占比"": 12.2, ""文档撰写占比"": 9.0, ""学习提升占比"": 13.6, ""负荷等级"": ""偏低""}",,56,不及格,6287,2,28.5,93,91,70,73
122,300122,廖磊志,数据开发部,需求分析,36.0,男,硕士,5.4,4.2,3.2,1,0,2,1,0,0,9.3,0,0,0,1,0,1,0,0,1,卓越贡献奖,1,0,0,3,0,0,0,1,24,否,4,3,3,3,4,4,4,3,5,3,3,2,3,4,2,A-,B,A+,编程,绘画,廖磊志（数据开发部/需求分析） | 男，36.0岁，硕士，行龄5.4年 | 绩效3.2分，日均工时9.3h，牵头项目0个 | 角色：内部PM | 最强技能：数学与建模理论基础(5分)、数据分析工具运用能力(4分)、数据模型设计(4分) | 软技能：领导力4分/学习能力3分/任务拆解能力3分 | 360评价：上级A-/同级B | 分组：对公应用组 | 工作类型：需求分析/数据分析/项目管理（含外包管理） | 饱和度：91.3%(饱和) | 手头项目：智能工单场景、AI创意比赛、对公信贷智能化、联机服务集群日常运维与功能迭代,需求接入组,"[""参与JSON转代码验证需求变更管理，完成监控告警模块的影响评估"", ""组织零小海信义贷技改业务培训，完成消息队列模块的操作手册编写"", ""统一调度平台业务需求调研，完成API网关模块的需求文档编写"", ""组织信雅达POC业务培训，完成指标计算模块的操作手册编写"", ""智能问数助手用户访谈与痛点分析，输出Prompt管理模块的需求规格说明书""]","[""智能工单场景"", ""AI创意比赛"", ""对公信贷智能化"", ""联机服务集群日常运维与功能迭代""]","[""需求分析"", ""数据分析"", ""项目管理（含外包管理）""]","[""智能问数助手"", ""公共智能体工作站""]","{""总体饱和度"": 91.3, ""开发/实施占比"": 52.8, ""会议沟通占比"": 10.0, ""文档撰写占比"": 6.4, ""学习提升占比"": 30.7, ""负荷等级"": ""饱和""}",,75,良好,6786,0,23.8,73,69,83,68
123,300123,崔白火,数据开发部,应用研发,38.2,女,硕士,1.9,2.0,3.63,0,0,0,4,0,0,9.1,1,0,0,1,0,0,0,1,0,无,0,1,0,2,1,2,1,1,22,是,4,2,2,4,2,4,2,3,4,5,3,1,4,3,3,B-,B+,A,沟通,阅读,崔白火（数据开发部/应用研发） | 女，38.2岁，硕士，行龄1.9年 | 绩效3.63分，日均工时9.1h，牵头项目0个 | 角色：组长/骨干、内部PM | 最强技能：编程与工程实现(5分)、数据分析工具运用能力(4分)、SQL开发(4分) | 软技能：任务拆解能力4分/学习能力3分/领导力3分 | 360评价：上级B-/同级B+ | 岗位匹配：低-错配风险(技能均分2.5) | 分组：对公应用组 | 工作类型：开发（含模型、应用、数仓等）/生产运维/测试 | 饱和度：106.1%(高负荷) | 手头项目：大模型客服技改、综合监管报送日常运维与功能迭代,模型设计组,"[""离线数据开发后端服务开发，完成向量检索模块的接口设计与实现"", ""信用风险监测预警安全漏洞修复，完成监控告警模块的代码审计与加固"", ""尽调报告助手安全漏洞修复，完成用户权限模块的代码审计与加固"", ""长文本智能分析技术方案设计，输出推理服务层的详细设计文档""]","[""大模型客服技改"", ""综合监管报送日常运维与功能迭代""]","[""开发（含模型、应用、数仓等）"", ""生产运维"", ""测试""]","[""大模型智能体"", ""智能尽调助手""]","{""总体饱和度"": 106.1, ""开发/实施占比"": 65.7, ""会议沟通占比"": 12.8, ""文档撰写占比"": 6.3, ""学习提升占比"": 15.2, ""负荷等级"": ""高负荷""}",,73,良好,7677,1,29.2,80,87,25,97
124,300124,覃艳予,综合管理部,应用研发,25.6,女,本科,6.3,2.9,3.91,1,1,3,2,0,4,8.1,1,1,0,0,0,0,0,0,1,银雁奖,1,1,0,3,1,1,0,1,21,否,4,3,4,5,1,3,3,2,3,5,2,4,3,3,3,A-,A,A-,无,绘画,覃艳予（综合管理部/应用研发） | 女，25.6岁，本科，行龄6.3年 | 绩效3.91分，日均工时8.1h，牵头项目4个 | 角色：组长/骨干、重点项目成员 | 最强技能：SQL开发(5分)、编程与工程实现(5分)、数据分析工具运用能力(4分) | 软技能：创新思维4分/任务拆解能力3分/领导力3分 | 360评价：上级A-/同级A | 岗位匹配：低-错配风险(技能均分2.5) | 分组：零售应用组 | 工作类型：开发（含模型、应用、数仓等）/生产运维/测试 | 饱和度：99.9%(高负荷) | 手头项目：East数据质量AI分析、智能工单场景、绿色金融智能体、金牌催收员日常运维与功能迭代,行政事务组,"[""综合监管报送安全漏洞修复，完成可视化组件的代码审计与加固"", ""公共智能体工作站后端服务开发，完成报表生成模块的接口设计与实现"", ""数据脱敏工具安全漏洞修复，完成报表生成模块的代码审计与加固"", ""大模型智能体安全漏洞修复，完成日志审计模块的代码审计与加固"", ""智能数据血缘分析工具容器化部署，完成报表生成模块的CI/CD流程配置""]","[""East数据质量AI分析"", ""智能工单场景"", ""绿色金融智能体"", ""金牌催收员日常运维与功能迭代""]","[""开发（含模型、应用、数仓等）"", ""生产运维"", ""测试""]","[""智能数据血缘分析工具""]","{""总体饱和度"": 99.9, ""开发/实施占比"": 49.6, ""会议沟通占比"": 13.4, ""文档撰写占比"": 14.7, ""学习提升占比"": 22.3, ""负荷等级"": ""高负荷""}",,63,及格,12432,0,9.6,79,58,89,65
125,300125,谭岁,智能应用二部,数据研发,26.6,女,博士,2.1,1.8,3.49,1,0,0,3,0,1,8.3,1,0,0,0,1,0,0,1,0,无,0,0,2,4,1,1,1,0,16,是,1,3,3,5,4,3,1,3,4,2,1,4,3,2,4,B-,B,B,数学,绘画,谭岁（智能应用二部/数据研发） | 女，26.6岁，博士，行龄2.1年 | 绩效3.49分，日均工时8.3h，牵头项目1个 | 角色：组长/骨干、外部PM | 最强技能：SQL开发(5分)、数据模型设计(4分)、数学与建模理论基础(4分) | 软技能：创新思维4分/团队合作4分/任务拆解能力3分 | 360评价：上级B-/同级B | 岗位匹配：高(技能均分4.0) | 分组：监管数据治理 | 工作类型：开发（含模型、应用、数仓等）/数据治理/测试 | 饱和度：95.1%(高负荷) | 手头项目：East数据质量AI分析、Kafka消息集群日常运维与功能迭代,对公应用组,"[""实时数据集群SQL性能调优，解决任务调度模块慢查询问题"", ""智能数据血缘分析工具SQL性能调优，解决模型训练层慢查询问题"", ""综合监管报送SQL性能调优，解决指标计算模块慢查询问题""]","[""East数据质量AI分析"", ""Kafka消息集群日常运维与功能迭代""]","[""开发（含模型、应用、数仓等）"", ""数据治理"", ""测试""]","[""统一调度平台""]","{""总体饱和度"": 95.1, ""开发/实施占比"": 58.6, ""会议沟通占比"": 18.9, ""文档撰写占比"": 8.7, ""学习提升占比"": 13.8, ""负荷等级"": ""高负荷""}",,78,良好,4331,4,22.0,90,89,90,76
126,300126,孙一轩,机构服务团队,数据研发,24.4,女,硕士,0.2,5.0,3.73,0,0,1,1,1,2,9.2,0,1,0,0,0,0,0,0,0,无,2,0,0,3,1,2,0,0,26,否,4,1,4,5,2,5,3,4,3,4,3,3,3,3,5,B,B-,A,英语,跑步,孙一轩（机构服务团队/数据研发） | 女，24.4岁，硕士，行龄0.2年 | 绩效3.73分，日均工时9.2h，牵头项目2个 | 角色：重点项目成员 | 最强技能：SQL开发(5分)、数据分析工具运用能力(4分)、营销运营能力(4分) | 软技能：团队合作5分/学习能力3分/创新思维3分 | 360评价：上级B/同级B- | 岗位匹配：高(技能均分4.0) | 分组：服务支持组 | 工作类型：开发（含模型、应用、数仓等）/测试/数据治理 | 饱和度：99.9%(高负荷) | 手头项目：信贷场景MVP、Hadoop数据仓库日常运维与功能迭代,非零BP,"[""客户经理超级工作台历史数据迁移，完成API网关模块的数据校验与比对"", ""流水鉴真系统实时数据链路开发，完成特征工程模块的流式计算任务"", ""数据运维平台SQL性能调优，解决数据接入层慢查询问题""]","[""信贷场景MVP"", ""Hadoop数据仓库日常运维与功能迭代""]","[""开发（含模型、应用、数仓等）"", ""测试"", ""数据治理""]","[""流水鉴真系统""]","{""总体饱和度"": 99.9, ""开发/实施占比"": 65.4, ""会议沟通占比"": 14.2, ""文档撰写占比"": 7.8, ""学习提升占比"": 12.5, ""负荷等级"": ""高负荷""}",,58,不及格,14533,0,8.5,90,65,77,88
127,300127,邵南健,智能应用二部,数据分析,29.4,男,本科,0.9,5.3,3.26,3,1,0,0,1,2,8.3,0,0,0,0,0,0,0,1,1,优秀导师,1,0,0,2,1,1,0,0,24,否,4,2,4,3,2,5,3,3,2,2,3,2,4,2,3,B+,B,A,数学,游泳,邵南健（智能应用二部/数据分析） | 男，29.4岁，本科，行龄0.9年 | 绩效3.26分，日均工时8.3h，牵头项目2个 | 最强技能：数据分析工具运用能力(4分)、营销运营能力(4分)、SQL开发(3分) | 软技能：任务拆解能力4分/学习能力3分/团队合作3分 | 360评价：上级B+/同级B | 岗位匹配：中(技能均分3.3) | 分组：风险模型组 | 工作类型：数据分析/需求分析/开发（含模型、应用、数仓等） | 饱和度：98.8%(高负荷) | 手头项目：智能问数二期、长文本智能分析、长文本智能分析日常运维与功能迭代,对公应用组,"[""数据脱敏工具A/B测试方案设计，完成可视化组件的效果评估"", ""通用办公助手数据需求调研，输出数据接入层分析结论"", ""Hadoop数据仓库数据挖掘模型训练，完成知识图谱模块的预测分析"", ""信用风险监测预警A/B测试方案设计，完成消息队列模块的效果评估"", ""数据测试平台用户行为分析，完成Prompt管理模块的客群画像""]","[""智能问数二期"", ""长文本智能分析"", ""长文本智能分析日常运维与功能迭代""]","[""数据分析"", ""需求分析"", ""开发（含模型、应用、数仓等）""]","[""智能尽调助手"", ""智能外呼分析""]","{""总体饱和度"": 98.8, ""开发/实施占比"": 54.6, ""会议沟通占比"": 19.7, ""文档撰写占比"": 12.9, ""学习提升占比"": 12.8, ""负荷等级"": ""高负荷""}",,74,良好,9422,1,30.5,83,82,82,86
128,300128,秦绿锋,数据开发部,算法工程,32.8,男,本科,5.7,3.3,3.41,2,0,1,3,0,2,9.0,0,1,0,0,0,0,1,0,1,技术标兵,3,0,2,1,0,0,0,0,18,否,3,2,4,3,4,4,3,3,1,1,5,2,3,3,3,A,A+,B-,编程,音乐,秦绿锋（数据开发部/算法工程） | 男，32.8岁，本科，行龄5.7年 | 绩效3.41分，日均工时9.0h，牵头项目2个 | 角色：重点项目成员 | 最强技能：营销运营能力(4分)、数据模型设计(4分)、数据分析工具运用能力(3分) | 软技能：学习能力5分/任务拆解能力3分/领导力3分 | 360评价：上级A/同级A+ | 岗位匹配：低-错配风险(技能均分1.0) | 分组：服务管理组 | 工作类型：开发（含模型、应用、数仓等）/数据分析/项目管理（含外包管理） | 饱和度：98.0%(高负荷) | 手头项目：反诈机器学习模型、通用办公助手、数据安全脱敏网关系统日常运维与功能迭代,需求接入组,"[""参与JSON转代码验证大模型应用POC，完成Prompt管理模块的场景验证"", ""智能尽调助手RAG检索链路开发，完成前端展示层的向量数据库接入"", ""实时数据集群RAG检索链路开发，完成可视化组件的向量数据库接入"", ""长文本智能分析模型效果评估，完成日志审计模块的A/B测试与迭代"", ""金牌催收员模型效果评估，完成任务调度模块的A/B测试与迭代""]","[""反诈机器学习模型"", ""通用办公助手"", ""数据安全脱敏网关系统日常运维与功能迭代""]","[""开发（含模型、应用、数仓等）"", ""数据分析"", ""项目管理（含外包管理）""]","[""数据运维平台"", ""流水鉴真系统""]","{""总体饱和度"": 98.0, ""开发/实施占比"": 60.0, ""会议沟通占比"": 12.6, ""文档撰写占比"": 7.2, ""学习提升占比"": 20.1, ""负荷等级"": ""高负荷""}",,66,及格,8481,0,9.7,58,44,97,56
129,300129,姜东涛,信息管理部,架构管理,35.3,女,本科,2.9,3.8,3.41,0,0,0,0,0,1,7.8,0,0,0,0,0,0,0,0,0,无,3,0,0,2,2,2,0,0,25,是,4,2,3,3,2,5,4,4,3,2,3,4,4,2,3,B-,B+,A+,演讲,游泳,姜东涛（信息管理部/架构管理） | 女，35.3岁，本科，行龄2.9年 | 绩效3.41分，日均工时7.8h，牵头项目1个 | 最强技能：数据分析工具运用能力(4分)、技术架构设计(4分)、应用开发能力(4分) | 软技能：创新思维4分/任务拆解能力4分/学习能力3分 | 360评价：上级B-/同级B+ | 岗位匹配：高(技能均分4.0) | 分组：对公应用组 | 工作类型：架构设计/技术评审/项目管理（含外包管理） | 饱和度：79.0%(正常) | 手头项目：智能问数二期、AI客户经营、绿色金融智能体、数据脱敏工具日常运维与功能迭代,管理信息组,"[""参与反诈机器学习模型技术债务清理，输出测试框架的重构方案"", ""零小海信义贷技改架构治理，输出特征工程模块的架构规范与标准"", ""组织AI客户经营技术分享，完成日志审计模块的知识沉淀"", ""公共智能体工作站技术架构设计，完成日志审计模块的方案评审与优化""]","[""智能问数二期"", ""AI客户经营"", ""绿色金融智能体"", ""数据脱敏工具日常运维与功能迭代""]","[""架构设计"", ""技术评审"", ""项目管理（含外包管理）""]","[""尽调报告助手""]","{""总体饱和度"": 79.0, ""开发/实施占比"": 40.3, ""会议沟通占比"": 17.3, ""文档撰写占比"": 8.6, ""学习提升占比"": 33.8, ""负荷等级"": ""正常""}",,63,及格,500,1,36.4,90,57,99,81
130,300130,毛风龙,数据开发部,算法工程,30.1,女,本科,2.1,0.9,3.14,0,0,0,2,1,0,9.4,1,0,0,0,0,0,0,0,0,无,1,0,0,1,1,1,0,0,18,否,3,3,3,4,5,4,4,1,5,5,3,1,3,4,2,A-,A+,B-,数学,音乐,毛风龙（数据开发部/算法工程） | 女，30.1岁，本科，行龄2.1年 | 绩效3.14分，日均工时9.4h，牵头项目0个 | 角色：组长/骨干 | 最强技能：数据模型设计(5分)、数学与建模理论基础(5分)、编程与工程实现(5分) | 软技能：领导力4分/学习能力3分/任务拆解能力3分 | 360评价：上级A-/同级A+ | 岗位匹配：高(技能均分5.0) | 分组：监管数据治理 | 工作类型：开发（含模型、应用、数仓等）/项目管理（含外包管理）/数据分析 | 饱和度：109.2%(高负荷) | 手头项目：East数据质量AI分析、客户经理超级工作台日常运维与功能迭代,模型设计组,"[""公共智能体工作站大模型微调训练，完成监控告警模块的Prompt工程优化"", ""信贷场景MVPNLP模型部署，完成模型训练层的推理性能优化"", ""智能数据血缘分析工具RAG检索链路开发，完成缓存层的向量数据库接入"", ""信贷场景MVP机器学习模型训练，完成前端展示层的特征工程与调参""]","[""East数据质量AI分析"", ""客户经理超级工作台日常运维与功能迭代""]","[""开发（含模型、应用、数仓等）"", ""项目管理（含外包管理）"", ""数据分析""]","[""联机服务集群""]","{""总体饱和度"": 109.2, ""开发/实施占比"": 43.5, ""会议沟通占比"": 21.9, ""文档撰写占比"": 10.0, ""学习提升占比"": 24.6, ""负荷等级"": ""高负荷""}",,66,及格,500,0,42.9,57,42,95,42
131,300131,潘江,智能应用一部,应用研发,29.0,女,本科,3.5,3.1,3.42,1,0,0,0,0,3,8.4,0,0,0,0,0,0,0,1,1,最佳团队奖,0,0,0,1,1,1,0,1,17,否,1,5,4,5,3,4,4,4,3,5,5,1,1,4,3,A+,A,B+,写作,电影,潘江（智能应用一部/应用研发） | 女，29.0岁，本科，行龄3.5年 | 绩效3.42分，日均工时8.4h，牵头项目3个 | 最强技能：算法模型开发能力(5分)、SQL开发(5分)、编程与工程实现(5分) | 软技能：学习能力5分/领导力4分/团队合作3分 | 360评价：上级A+/同级A | 岗位匹配：高(技能均分4.0) | 分组：对公应用组 | 工作类型：开发（含模型、应用、数仓等）/生产运维/测试 | 饱和度：96.1%(高负荷) | 手头项目：尽调报告智能体、智能外呼分析、离线数据开发日常运维与功能迭代,AI产品运营组,"[""信雅达POC技术方案设计，输出可视化组件的详细设计文档"", ""金牌催收员安全漏洞修复，完成测试框架的代码审计与加固"", ""零售客户分群技术方案设计，输出监控告警模块的详细设计文档"", ""金牌催收员安全漏洞修复，完成用户权限模块的代码审计与加固""]","[""尽调报告智能体"", ""智能外呼分析"", ""离线数据开发日常运维与功能迭代""]","[""开发（含模型、应用、数仓等）"", ""生产运维"", ""测试""]","[""会话式人工智能服务""]","{""总体饱和度"": 96.1, ""开发/实施占比"": 69.0, ""会议沟通占比"": 21.1, ""文档撰写占比"": 14.6, ""学习提升占比"": 0, ""负荷等级"": ""高负荷""}",,92,优秀,10900,4,27.6,79,71,70,57
132,300132,夏凯婷,综合管理部,数据研发,31.2,女,硕士,4.2,3.6,2.75,1,0,1,5,2,4,8.3,1,1,0,0,0,0,0,0,0,无,0,0,0,1,0,0,0,1,17,否,3,3,4,3,2,3,5,4,3,2,3,3,2,4,1,A+,A+,B,沟通,烹饪,夏凯婷（综合管理部/数据研发） | 女，31.2岁，硕士，行龄4.2年 | 绩效2.75分，日均工时8.3h，牵头项目4个 | 角色：组长/骨干、重点项目成员 | 最强技能：技术架构设计(5分)、营销运营能力(4分)、应用开发能力(4分) | 软技能：领导力4分/学习能力3分/创新思维3分 | 360评价：上级A+/同级A+ | 岗位匹配：低-错配风险(技能均分2.7) | 分组：运维支持组 | 工作类型：开发（含模型、应用、数仓等）/测试/数据治理 | 饱和度：108.7%(高负荷) | 手头项目：East数据质量AI分析、数据测试平台日常运维与功能迭代,行政事务组,"[""冷热分离工具数据模型设计与开发，完成数据清洗模块的ETL流程优化"", ""数据脱敏工具历史数据迁移，完成可视化组件的数据校验与比对"", ""实时开发平台数据模型设计与开发，完成可视化组件的ETL流程优化"", ""参与AI客户经营数据架构评审，输出特征工程模块技术方案""]","[""East数据质量AI分析"", ""数据测试平台日常运维与功能迭代""]","[""开发（含模型、应用、数仓等）"", ""测试"", ""数据治理""]","[""智能数据血缘分析工具"", ""East数据质量分析""]","{""总体饱和度"": 108.7, ""开发/实施占比"": 40.5, ""会议沟通占比"": 13.3, ""文档撰写占比"": 13.7, ""学习提升占比"": 32.6, ""负荷等级"": ""高负荷""}",,68,及格,1228,1,19.0,77,95,86,46
133,300133,石紫轩,信息管理部,需求分析,26.5,女,本科,5.5,8.7,3.27,1,0,2,4,0,0,6.8,1,0,1,0,0,0,0,0,0,无,0,1,1,1,1,1,0,0,13,否,2,4,3,5,5,3,4,3,5,2,4,2,4,4,1,B+,B+,A,培训,运动,石紫轩（信息管理部/需求分析） | 女，26.5岁，本科，行龄5.5年 | 绩效3.27分，日均工时6.8h，牵头项目0个 | 角色：组长/骨干 | 最强技能：SQL开发(5分)、数据模型设计(5分)、数学与建模理论基础(5分) | 软技能：学习能力4分/任务拆解能力4分/领导力4分 | 360评价：上级B+/同级B+ | 分组：需求接入组 | 工作类型：需求分析/数据分析/项目管理（含外包管理） | 饱和度：70.6%(正常) | 手头项目：火山引擎POC、数据采集工具日常运维与功能迭代,服务支持组,"[""组织信用卡智能后督业务培训，完成指标计算模块的操作手册编写"", ""Hadoop数据仓库业务需求调研，完成报表生成模块的需求文档编写"", ""冷热分离工具竞品分析，完成数据清洗模块的功能对标与差距分析"", ""数据测试平台业务流程梳理，完成指标计算模块的原型设计与验证""]","[""火山引擎POC"", ""数据采集工具日常运维与功能迭代""]","[""需求分析"", ""数据分析"", ""项目管理（含外包管理）""]","[""数据脱敏工具""]","{""总体饱和度"": 70.6, ""开发/实施占比"": 47.6, ""会议沟通占比"": 20.2, ""文档撰写占比"": 12.2, ""学习提升占比"": 20.0, ""负荷等级"": ""正常""}",,48,不及格,11763,1,25.5,60,71,50,59
134,300134,王军婷,数据开发部,应用研发,40.6,女,本科,6.1,1.6,3.37,1,1,1,2,0,0,8.4,0,0,0,0,1,0,0,0,1,优秀员工,0,1,1,0,0,0,0,1,23,是,3,3,4,4,3,2,4,3,1,3,2,4,3,5,2,A-,B+,A+,英语,跑步,王军婷（数据开发部/应用研发） | 女，40.6岁，本科，行龄6.1年 | 绩效3.37分，日均工时8.4h，牵头项目0个 | 角色：外部PM | 最强技能：营销运营能力(4分)、SQL开发(4分)、技术架构设计(4分) | 软技能：领导力5分/创新思维4分/任务拆解能力3分 | 360评价：上级A-/同级B+ | 岗位匹配：中(技能均分3.5) | 分组：服务管理组 | 工作类型：开发（含模型、应用、数仓等）/生产运维/测试 | 饱和度：80.2%(正常) | 手头项目：通用办公助手、大模型智能体日常运维与功能迭代,数仓开发组,"[""智能尽调助手微服务架构升级，完成可视化组件的服务拆分与治理"", ""实时开发平台后端服务开发，完成报表生成模块的接口设计与实现"", ""信用风险监测预警微服务架构升级，完成用户权限模块的服务拆分与治理""]","[""通用办公助手"", ""大模型智能体日常运维与功能迭代""]","[""开发（含模型、应用、数仓等）"", ""生产运维"", ""测试""]","[""数据脱敏工具"", ""零售客户关系管理""]","{""总体饱和度"": 80.2, ""开发/实施占比"": 46.8, ""会议沟通占比"": 19.1, ""文档撰写占比"": 14.2, ""学习提升占比"": 19.8, ""负荷等级"": ""正常""}",,68,及格,1628,3,24.4,76,62,73,75
135,300135,孟武华,数据平台部,架构管理,22.7,男,本科,2.5,6.5,3.38,1,0,0,4,0,1,7.2,0,0,0,0,1,0,0,0,0,无,3,0,3,1,1,2,0,0,13,是,3,3,2,5,3,4,2,1,4,3,2,4,4,4,2,B,A+,B,编程,跑步,孟武华（数据平台部/架构管理） | 男，22.7岁，本科，行龄2.5年 | 绩效3.38分，日均工时7.2h，牵头项目1个 | 角色：外部PM | 最强技能：SQL开发(5分)、数学与建模理论基础(4分)、数据分析工具运用能力(3分) | 软技能：创新思维4分/任务拆解能力4分/领导力4分 | 360评价：上级B/同级A+ | 岗位匹配：低-错配风险(技能均分1.5) | 分组：运维支持组 | 工作类型：架构设计/技术评审/项目管理（含外包管理） | 饱和度：79.2%(正常) | 手头项目：East数据质量AI分析、实时数据集群日常运维与功能迭代,数据服务组,"[""数据采集工具云原生架构规划，完成特征工程模块的容器化改造方案"", ""组织East数据质量AI分析技术分享，完成消息队列模块的知识沉淀"", ""参与信用卡智能后督技术债务清理，输出消息队列模块的重构方案""]","[""East数据质量AI分析"", ""实时数据集群日常运维与功能迭代""]","[""架构设计"", ""技术评审"", ""项目管理（含外包管理）""]","[""Hadoop数据仓库"", ""数据安全脱敏网关系统""]","{""总体饱和度"": 79.2, ""开发/实施占比"": 48.5, ""会议沟通占比"": 24.9, ""文档撰写占比"": 13.1, ""学习提升占比"": 13.5, ""负荷等级"": ""正常""}",,75,良好,8162,1,6.0,99,47,60,57
136,300136,韦若水,信息统计部,算法工程,31.4,女,本科,0.5,5.6,3.39,2,0,3,1,0,0,7.4,1,1,0,0,0,0,0,1,1,创新奖,1,0,0,2,0,1,0,0,15,是,1,1,5,5,4,5,3,4,3,4,2,4,4,3,4,B-,A-,B,写作,无,韦若水（信息统计部/算法工程） | 女，31.4岁，本科，行龄0.5年 | 绩效3.39分，日均工时7.4h，牵头项目0个 | 角色：组长/骨干、重点项目成员 | 最强技能：营销运营能力(5分)、SQL开发(5分)、数据模型设计(4分) | 软技能：创新思维4分/任务拆解能力4分/团队合作4分 | 360评价：上级B-/同级A- | 岗位匹配：中(技能均分3.5) | 分组：测试管理组 | 工作类型：开发（含模型、应用、数仓等）/数据分析/项目管理（含外包管理） | 饱和度：79.9%(正常) | 手头项目：East数据质量AI分析、数据安全脱敏网关系统日常运维与功能迭代,管理信息组,"[""实时数据集群RAG检索链路开发，完成报表生成模块的向量数据库接入"", ""知识库问答系统模型效果评估，完成消息队列模块的A/B测试与迭代"", ""信贷场景MVP模型效果评估，完成报表生成模块的A/B测试与迭代"", ""East数据质量分析NLP模型部署，完成用户权限模块的推理性能优化"", ""流水鉴真场景算法方案评审，输出数据接入层的技术可行性分析""]","[""East数据质量AI分析"", ""数据安全脱敏网关系统日常运维与功能迭代""]","[""开发（含模型、应用、数仓等）"", ""数据分析"", ""项目管理（含外包管理）""]","[""统一调度平台"", ""数据采集工具""]","{""总体饱和度"": 79.9, ""开发/实施占比"": 63.9, ""会议沟通占比"": 18.7, ""文档撰写占比"": 11.1, ""学习提升占比"": 6.4, ""负荷等级"": ""正常""}",,80,良好,6820,1,32.5,62,99,52,72
137,300137,钟春静,智能平台部,架构管理,40.3,女,硕士,2.4,4.2,3.48,1,1,1,3,2,2,7.3,1,0,0,1,0,0,0,0,0,无,1,0,1,0,1,1,1,1,11,否,3,3,4,3,3,4,3,3,1,3,4,3,4,3,3,A+,A-,B,项目管理,旅游,钟春静（智能平台部/架构管理） | 女，40.3岁，硕士，行龄2.4年 | 绩效3.48分，日均工时7.3h，牵头项目2个 | 角色：组长/骨干、内部PM | 最强技能：营销运营能力(4分)、数据分析工具运用能力(3分)、算法模型开发能力(3分) | 软技能：学习能力4分/任务拆解能力4分/创新思维3分 | 360评价：上级A+/同级A- | 岗位匹配：中(技能均分3.0) | 分组：项目管理团队 | 工作类型：架构设计/技术评审/项目管理（含外包管理） | 饱和度：88.9%(饱和) | 手头项目：East数据质量AI分析、客服辅助项目、知识库问答体系建设、East数据质量分析日常运维与功能迭代,AI基础研发组,"[""East数据质量分析性能压测方案设计，完成指标计算模块的容量规划"", ""智能问数二期架构治理，输出缓存层的架构规范与标准"", ""参与JSON转代码验证技术债务清理，输出报表生成模块的重构方案"", ""组织智能外呼分析技术分享，完成可视化组件的知识沉淀""]","[""East数据质量AI分析"", ""客服辅助项目"", ""知识库问答体系建设"", ""East数据质量分析日常运维与功能迭代""]","[""架构设计"", ""技术评审"", ""项目管理（含外包管理）""]","[""智能尽调助手""]","{""总体饱和度"": 88.9, ""开发/实施占比"": 64.7, ""会议沟通占比"": 12.8, ""文档撰写占比"": 9.2, ""学习提升占比"": 13.3, ""负荷等级"": ""饱和""}",,82,良好,9655,0,32.2,99,42,76,88
138,300138,黄时,智能平台部,测试,30.5,男,硕士,3.7,7.1,3.74,0,0,0,2,1,0,7.0,0,1,0,0,0,0,0,1,0,无,0,0,0,2,1,1,1,0,20,是,3,3,3,2,3,3,3,3,5,4,3,5,5,2,5,B,A-,A+,沟通,音乐,黄时（智能平台部/测试） | 男，30.5岁，硕士，行龄3.7年 | 绩效3.74分，日均工时7.0h，牵头项目0个 | 角色：重点项目成员 | 最强技能：数学与建模理论基础(5分)、编程与工程实现(4分)、数据分析工具运用能力(3分) | 软技能：创新思维5分/任务拆解能力5分/团队合作5分 | 360评价：上级B/同级A- | 分组：管理信息组 | 工作类型：测试/生产运维/开发（含模型、应用、数仓等） | 饱和度：67.1%(偏低) | 手头项目：客服辅助项目、授信政策管理系统日常运维与功能迭代,风险模型组,"[""尽调报告助手性能测试方案设计，完成日志审计模块的压测执行与分析"", ""智能问数二期测试评审会议，完成向量检索模块的测试报告输出"", ""Hadoop数据仓库生产环境监控，完成测试框架的线上问题排查"", ""反电诈管理系统生产环境监控，完成推理服务层的线上问题排查""]","[""客服辅助项目"", ""授信政策管理系统日常运维与功能迭代""]","[""测试"", ""生产运维"", ""开发（含模型、应用、数仓等）""]","[""反电诈管理系统""]","{""总体饱和度"": 67.1, ""开发/实施占比"": 66.7, ""会议沟通占比"": 19.9, ""文档撰写占比"": 13.4, ""学习提升占比"": 0.1, ""负荷等级"": ""偏低""}",,41,不及格,9257,0,20.0,62,99,98,60
139,300139,方森夏,信息统计部,项目管理,29.6,女,本科,1.2,4.4,3.94,2,0,1,3,2,4,10.2,0,0,0,0,0,0,0,0,1,最佳团队奖,0,0,0,5,0,0,1,1,20,否,1,2,4,2,4,2,3,4,2,3,4,2,1,2,5,A,A+,B,培训,烹饪,方森夏（信息统计部/项目管理） | 女，29.6岁，本科，行龄1.2年 | 绩效3.94分，日均工时10.2h，牵头项目4个 | 最强技能：营销运营能力(4分)、数据模型设计(4分)、应用开发能力(4分) | 软技能：团队合作5分/学习能力4分/创新思维2分 | 360评价：上级A/同级A+ | 分组：测试管理组 | 工作类型：项目管理（含外包管理）/需求分析/其他 | 饱和度：106.4%(高负荷) | 手头项目：East数据质量AI分析、智能外呼分析日常运维与功能迭代,管理信息组,"[""长文本智能分析进度跟踪与风险预警，完成指标计算模块的周报汇总"", ""参与对公信贷智能化立项评审，完成Prompt管理模块的可行性分析报告"", ""通用办公助手进度跟踪与风险预警，完成数据接入层的周报汇总""]","[""East数据质量AI分析"", ""智能外呼分析日常运维与功能迭代""]","[""项目管理（含外包管理）"", ""需求分析"", ""其他""]","[""联机服务集群"", ""实时开发平台""]","{""总体饱和度"": 106.4, ""开发/实施占比"": 66.1, ""会议沟通占比"": 21.1, ""文档撰写占比"": 12.0, ""学习提升占比"": 0.8, ""负荷等级"": ""高负荷""}",,64,及格,14513,1,14.2,59,58,52,68
140,300140,潘杰琪,智能应用一部,算法工程,28.8,男,本科,1.2,4.5,3.19,2,0,1,4,1,3,9.4,0,0,0,0,0,0,0,0,1,金雁奖,2,0,0,4,0,2,0,0,19,否,4,4,1,3,4,3,3,4,4,5,5,4,4,3,5,B-,A-,B,编程,游泳,潘杰琪（智能应用一部/算法工程） | 男，28.8岁，本科，行龄1.2年 | 绩效3.19分，日均工时9.4h，牵头项目3个 | 最强技能：编程与工程实现(5分)、数据分析工具运用能力(4分)、算法模型开发能力(4分) | 软技能：学习能力5分/团队合作5分/创新思维4分 | 360评价：上级B-/同级A- | 岗位匹配：高(技能均分4.5) | 分组：模型设计组 | 工作类型：开发（含模型、应用、数仓等）/项目管理（含外包管理）/数据分析 | 饱和度：103.5%(高负荷) | 手头项目：East数据质量AI分析、知识库问答系统日常运维与功能迭代,AI产品运营组,"[""参与信雅达POC大模型应用POC，完成监控告警模块的场景验证"", ""DWS数据集群模型效果评估，完成测试框架的A/B测试与迭代"", ""零售客户关系管理智能体开发，完成知识图谱模块的Agent工作流设计"", ""信贷场景MVP算法方案评审，输出Prompt管理模块的技术可行性分析""]","[""East数据质量AI分析"", ""知识库问答系统日常运维与功能迭代""]","[""开发（含模型、应用、数仓等）"", ""项目管理（含外包管理）"", ""数据分析""]","[""数据测试平台""]","{""总体饱和度"": 103.5, ""开发/实施占比"": 68.5, ""会议沟通占比"": 16.9, ""文档撰写占比"": 6.4, ""学习提升占比"": 8.2, ""负荷等级"": ""高负荷""}",,60,及格,8935,3,4.4,93,48,98,73
141,300141,赵轩夏,数据平台部,算法工程,29.6,男,本科,3.9,3.6,2.92,4,0,0,3,0,2,10.0,1,0,0,0,0,0,0,0,0,无,1,0,0,4,1,2,0,0,16,否,3,3,1,4,4,3,4,2,3,4,3,3,5,4,5,B,B,B+,无,旅游,赵轩夏（数据平台部/算法工程） | 男，29.6岁，本科，行龄3.9年 | 绩效2.92分，日均工时10.0h，牵头项目2个 | 角色：组长/骨干 | 最强技能：SQL开发(4分)、数据模型设计(4分)、技术架构设计(4分) | 软技能：任务拆解能力5分/团队合作5分/领导力4分 | 360评价：上级B/同级B | 岗位匹配：中(技能均分3.5) | 分组：服务管理组 | 工作类型：开发（含模型、应用、数仓等）/数据分析/项目管理（含外包管理） | 饱和度：104.9%(高负荷) | 手头项目：火山引擎POC、JSON转代码验证、外搜接口采购、尽调报告助手日常运维与功能迭代,数据服务组,"[""DWS数据集群智能体开发，完成Prompt管理模块的Agent工作流设计"", ""数据运维平台智能体开发，完成知识图谱模块的Agent工作流设计"", ""新行员培训项目算法方案评审，输出特征工程模块的技术可行性分析""]","[""火山引擎POC"", ""JSON转代码验证"", ""外搜接口采购"", ""尽调报告助手日常运维与功能迭代""]","[""开发（含模型、应用、数仓等）"", ""数据分析"", ""项目管理（含外包管理）""]","[""数据脱敏工具""]","{""总体饱和度"": 104.9, ""开发/实施占比"": 52.4, ""会议沟通占比"": 23.0, ""文档撰写占比"": 11.6, ""学习提升占比"": 13.0, ""负荷等级"": ""高负荷""}",,61,及格,7776,2,10.1,84,53,73,90
142,300142,杜彤平,数据开发部,数据分析,37.2,女,本科,3.1,6.0,3.0,0,0,1,3,1,3,6.9,0,0,0,0,0,0,0,1,0,无,1,1,2,3,3,1,1,0,15,否,3,3,3,4,4,4,3,3,2,3,3,2,5,4,3,B+,A+,B,沟通,绘画,杜彤平（数据开发部/数据分析） | 女，37.2岁，本科，行龄3.1年 | 绩效3.0分，日均工时6.9h，牵头项目3个 | 最强技能：SQL开发(4分)、数据模型设计(4分)、数据分析工具运用能力(3分) | 软技能：任务拆解能力5分/领导力4分/学习能力3分 | 360评价：上级B+/同级A+ | 岗位匹配：中(技能均分3.0) | 分组：服务支持组 | 工作类型：数据分析/开发（含模型、应用、数仓等）/需求分析 | 饱和度：71.0%(正常) | 手头项目：A模式POC验证、知识库问答体系建设、知识库问答系统日常运维与功能迭代,需求接入组,"[""流水鉴真系统客户经营分析报告撰写，完成用户权限模块的数据洞察"", ""East数据质量分析A/B测试方案设计，完成监控告警模块的效果评估"", ""尽调报告助手数据挖掘模型训练，完成模型训练层的预测分析"", ""参与智能问数二期数据分析专项，完成模型训练层的深度挖掘""]","[""A模式POC验证"", ""知识库问答体系建设"", ""知识库问答系统日常运维与功能迭代""]","[""数据分析"", ""开发（含模型、应用、数仓等）"", ""需求分析""]","[""尽调报告助手"", ""数据采集工具""]","{""总体饱和度"": 71.0, ""开发/实施占比"": 60.7, ""会议沟通占比"": 12.2, ""文档撰写占比"": 8.3, ""学习提升占比"": 18.8, ""负荷等级"": ""正常""}",,64,及格,13256,2,7.9,58,64,91,69
143,300143,闫梓,智能应用二部,项目管理,22.0,女,本科,3.3,5.8,3.27,1,0,0,0,0,3,8.2,0,1,0,0,0,0,0,0,2,创新奖,2,1,1,4,1,2,0,1,23,是,5,2,4,5,4,5,1,5,1,3,5,4,2,4,3,B,A+,B,设计,旅游,闫梓（智能应用二部/项目管理） | 女，22.0岁，本科，行龄3.3年 | 绩效3.27分，日均工时8.2h，牵头项目3个 | 角色：重点项目成员 | 最强技能：数据分析工具运用能力(5分)、SQL开发(5分)、应用开发能力(5分) | 软技能：学习能力5分/创新思维4分/领导力4分 | 360评价：上级B/同级A+ | 分组：对公应用组 | 工作类型：项目管理（含外包管理）/需求分析/其他 | 饱和度：84.2%(正常) | 手头项目：对公信贷智能化、智能外呼分析、反电诈管理系统日常运维与功能迭代,AI产品运营组,"[""A模式POC验证项目计划制定，完成日志审计模块的里程碑梳理与排期"", ""East数据质量AI分析预算管理，完成消息队列模块的费用核算与控制"", ""智能工单场景项目复盘，输出前端展示层的经验教训与改进措施"", ""尽调报告智能体项目复盘，输出用户权限模块的经验教训与改进措施""]","[""对公信贷智能化"", ""智能外呼分析"", ""反电诈管理系统日常运维与功能迭代""]","[""项目管理（含外包管理）"", ""需求分析"", ""其他""]","[""客服助手""]","{""总体饱和度"": 84.2, ""开发/实施占比"": 50.4, ""会议沟通占比"": 13.1, ""文档撰写占比"": 12.9, ""学习提升占比"": 23.7, ""负荷等级"": ""正常""}",,85,优秀,9573,0,14.7,80,79,81,53
144,300144,谭洋,信息统计部,应用研发,37.9,女,本科,1.7,2.5,3.34,0,1,0,1,2,1,6.8,0,0,0,0,0,0,0,1,0,无,3,0,1,1,1,0,0,1,18,是,2,4,2,4,4,1,2,4,2,4,2,3,3,3,2,A,A-,B+,培训,游泳,谭洋（信息统计部/应用研发） | 女，37.9岁，本科，行龄1.7年 | 绩效3.34分，日均工时6.8h，牵头项目1个 | 最强技能：算法模型开发能力(4分)、SQL开发(4分)、数据模型设计(4分) | 软技能：创新思维3分/任务拆解能力3分/领导力3分 | 360评价：上级A/同级A- | 岗位匹配：中(技能均分3.0) | 分组：对公应用组 | 工作类型：开发（含模型、应用、数仓等）/生产运维/测试 | 饱和度：78.1%(正常) | 手头项目：AI创意比赛、长文本智能分析日常运维与功能迭代,管理信息组,"[""冷热分离工具性能优化，完成模型训练层的并发处理能力提升"", ""参与智能工单场景代码评审，完成数据接入层的技术债务清理"", ""East数据质量分析性能优化，完成Prompt管理模块的并发处理能力提升"", ""授信政策管理系统安全漏洞修复，完成测试框架的代码审计与加固"", ""数据采集工具安全漏洞修复，完成Prompt管理模块的代码审计与加固""]","[""AI创意比赛"", ""长文本智能分析日常运维与功能迭代""]","[""开发（含模型、应用、数仓等）"", ""生产运维"", ""测试""]","[""长文本智能分析"", ""智能尽调助手""]","{""总体饱和度"": 78.1, ""开发/实施占比"": 45.2, ""会议沟通占比"": 18.0, ""文档撰写占比"": 13.7, ""学习提升占比"": 23.2, ""负荷等级"": ""正常""}",,54,不及格,5182,2,17.6,58,31,78,99
145,300145,李志峰,研发管理部,数据研发,23.6,女,本科,2.7,1.2,3.13,1,2,0,2,0,0,7.4,0,0,0,0,0,1,0,1,1,优秀导师,1,0,2,1,1,0,0,0,22,是,5,4,3,1,5,1,3,5,2,3,4,3,2,2,4,A-,B-,A+,数据分析,运动,李志峰（研发管理部/数据研发） | 女，23.6岁，本科，行龄2.7年 | 绩效3.13分，日均工时7.4h，牵头项目0个 | 最强技能：数据分析工具运用能力(5分)、数据模型设计(5分)、应用开发能力(5分) | 软技能：学习能力4分/团队合作4分/创新思维3分 | 360评价：上级A-/同级B- | 岗位匹配：低-错配风险(技能均分2.3) | 分组：需求接入组 | 工作类型：开发（含模型、应用、数仓等）/测试/数据治理 | 饱和度：65.2%(偏低) | 手头项目：新行员培训项目、DataFun论坛项目、实时开发平台日常运维与功能迭代,标准质量组,"[""数据测试平台实时数据链路开发，完成用户权限模块的流式计算任务"", ""实时数据集群数据模型设计与开发，完成缓存层的ETL流程优化"", ""Hadoop集群数仓分层建设，完成日志审计模块的数据接入与清洗"", ""流水鉴真系统实时数据链路开发，完成API网关模块的流式计算任务""]","[""新行员培训项目"", ""DataFun论坛项目"", ""实时开发平台日常运维与功能迭代""]","[""开发（含模型、应用、数仓等）"", ""测试"", ""数据治理""]","[""Hadoop集群""]","{""总体饱和度"": 65.2, ""开发/实施占比"": 52.9, ""会议沟通占比"": 13.8, ""文档撰写占比"": 13.1, ""学习提升占比"": 20.2, ""负荷等级"": ""偏低""}",,71,良好,11353,2,15.6,92,80,81,60
146,300146,侯石,智能应用二部,应用研发,29.2,女,本科,1.3,3.3,2.87,0,0,0,2,2,1,7.2,0,1,0,1,0,0,0,1,0,无,1,0,0,0,3,1,1,0,17,否,3,3,3,2,1,4,3,4,4,3,4,3,4,5,5,B-,B+,A-,编程,旅游,侯石（智能应用二部/应用研发） | 女，29.2岁，本科，行龄1.3年 | 绩效2.87分，日均工时7.2h，牵头项目1个 | 角色：重点项目成员、内部PM | 最强技能：应用开发能力(4分)、数学与建模理论基础(4分)、数据分析工具运用能力(3分) | 软技能：领导力5分/团队合作5分/学习能力4分 | 360评价：上级B-/同级B+ | 岗位匹配：中(技能均分3.5) | 分组：需求接入组 | 工作类型：开发（含模型、应用、数仓等）/测试/生产运维 | 饱和度：68.0%(偏低) | 手头项目：中试基地项目、DataFun论坛项目、外搜接口采购、DWS数据集群日常运维与功能迭代,AI产品运营组,"[""零售客户关系管理前端页面开发，完成监控告警模块的交互逻辑优化"", ""长文本智能分析前端页面开发，完成向量检索模块的交互逻辑优化"", ""East数据质量分析容器化部署，完成前端展示层的CI/CD流程配置"", ""参与火山引擎POC代码评审，完成推理服务层的技术债务清理""]","[""中试基地项目"", ""DataFun论坛项目"", ""外搜接口采购"", ""DWS数据集群日常运维与功能迭代""]","[""开发（含模型、应用、数仓等）"", ""测试"", ""生产运维""]","[""智能问数助手"", ""DWS数据集群""]","{""总体饱和度"": 68.0, ""开发/实施占比"": 56.5, ""会议沟通占比"": 20.8, ""文档撰写占比"": 14.0, ""学习提升占比"": 8.6, ""负荷等级"": ""偏低""}",,62,及格,3248,3,16.5,71,73,99,63
147,300147,韩火,信息管理部,数据研发,28.4,男,硕士,5.0,2.2,3.29,3,0,1,1,2,2,9.3,0,0,0,0,0,0,0,0,0,无,1,0,0,4,0,1,0,1,21,否,2,3,3,2,3,3,3,5,3,2,4,3,4,2,5,A-,B+,A+,演讲,跑步,韩火（信息管理部/数据研发） | 男，28.4岁，硕士，行龄5.0年 | 绩效3.29分，日均工时9.3h，牵头项目2个 | 最强技能：应用开发能力(5分)、算法模型开发能力(3分)、营销运营能力(3分) | 软技能：团队合作5分/学习能力4分/任务拆解能力4分 | 360评价：上级A-/同级B+ | 岗位匹配：低-错配风险(技能均分2.7) | 分组：服务支持组 | 工作类型：开发（含模型、应用、数仓等）/数据治理/测试 | 饱和度：106%(高负荷) | 手头项目：绿色金融智能体、火山引擎POC、冷热分离工具日常运维与功能迭代,服务支持组,"[""冷热分离工具数据接口开发，完成向量检索模块的API联调与测试"", ""数据脱敏工具数据接口开发，完成指标计算模块的API联调与测试"", ""智能外呼分析历史数据迁移，完成API网关模块的数据校验与比对""]","[""绿色金融智能体"", ""火山引擎POC"", ""冷热分离工具日常运维与功能迭代""]","[""开发（含模型、应用、数仓等）"", ""数据治理"", ""测试""]","[""离线数据开发"", ""Kafka消息集群""]","{""总体饱和度"": 106, ""开发/实施占比"": 61.3, ""会议沟通占比"": 20.6, ""文档撰写占比"": 13.8, ""学习提升占比"": 4.3, ""负荷等级"": ""高负荷""}",,64,及格,10118,1,16.3,60,79,72,42
148,300148,高杰晚,信息统计部,应用研发,33.4,女,本科,5.3,3.6,3.6,0,0,1,6,3,2,7.7,0,0,0,0,0,0,0,0,0,无,4,1,0,4,1,0,1,1,26,否,4,3,2,2,2,5,5,3,3,2,3,3,3,2,3,A,A-,A-,数据分析,烹饪,高杰晚（信息统计部/应用研发） | 女，33.4岁，本科，行龄5.3年 | 绩效3.6分，日均工时7.7h，牵头项目2个 | 最强技能：技术架构设计(5分)、数据分析工具运用能力(4分)、算法模型开发能力(3分) | 软技能：学习能力3分/创新思维3分/任务拆解能力3分 | 360评价：上级A/同级A- | 岗位匹配：高(技能均分4.0) | 分组：监管统计组 | 工作类型：开发（含模型、应用、数仓等）/测试/生产运维 | 饱和度：87.4%(饱和) | 手头项目：尽调报告智能体、司库系统建设、流水鉴真系统日常运维与功能迭代,监管统计组,"[""统一调度平台微服务架构升级，完成数据清洗模块的服务拆分与治理"", ""绿色金融智能体技术方案设计，输出数据清洗模块的详细设计文档"", ""绿色金融业务管理前端页面开发，完成任务调度模块的交互逻辑优化""]","[""尽调报告智能体"", ""司库系统建设"", ""流水鉴真系统日常运维与功能迭代""]","[""开发（含模型、应用、数仓等）"", ""测试"", ""生产运维""]","[""流水鉴真系统"", ""长文本智能分析""]","{""总体饱和度"": 87.4, ""开发/实施占比"": 48.9, ""会议沟通占比"": 13.2, ""文档撰写占比"": 6.0, ""学习提升占比"": 31.9, ""负荷等级"": ""饱和""}",,57,不及格,500,0,22.9,56,80,96,85
149,300149,秦土沐,测试管理部,算法工程,22.8,女,本科,0.2,6.1,3.8,0,1,1,4,0,0,9.2,0,1,0,1,1,0,0,0,0,无,0,0,0,1,0,1,1,0,23,否,3,2,2,3,4,3,3,4,3,1,3,3,2,3,4,A-,B+,A-,数学,羽毛球,秦土沐（测试管理部/算法工程） | 女，22.8岁，本科，行龄0.2年 | 绩效3.8分，日均工时9.2h，牵头项目0个 | 角色：重点项目成员、内部PM、外部PM | 最强技能：数据模型设计(4分)、应用开发能力(4分)、数据分析工具运用能力(3分) | 软技能：团队合作4分/学习能力3分/创新思维3分 | 360评价：上级A-/同级B+ | 岗位匹配：低-错配风险(技能均分2.0) | 分组：数据服务组 | 工作类型：开发（含模型、应用、数仓等）/数据分析/项目管理（含外包管理） | 饱和度：83.9%(正常) | 手头项目：East数据质量AI分析、会话式人工智能服务日常运维与功能迭代,自动化测试组,"[""参与通用办公助手大模型应用POC，完成特征工程模块的场景验证"", ""零售客户关系管理大模型微调训练，完成消息队列模块的Prompt工程优化"", ""参与DataFun论坛项目大模型应用POC，完成任务调度模块的场景验证"", ""冷热分离工具机器学习模型训练，完成模型训练层的特征工程与调参"", ""智能问数助手大模型微调训练，完成缓存层的Prompt工程优化""]","[""East数据质量AI分析"", ""会话式人工智能服务日常运维与功能迭代""]","[""开发（含模型、应用、数仓等）"", ""数据分析"", ""项目管理（含外包管理）""]","[""数据脱敏工具"", ""Kafka消息集群""]","{""总体饱和度"": 83.9, ""开发/实施占比"": 60.4, ""会议沟通占比"": 23.8, ""文档撰写占比"": 11.2, ""学习提升占比"": 4.6, ""负荷等级"": ""正常""}",,67,及格,13962,0,14.4,68,63,60,72
150,300150,蒋岁凯,测试管理部,应用研发,32.7,女,硕士,1.3,2.8,3.24,0,0,2,3,2,0,8.7,0,0,0,1,0,0,0,0,0,无,2,0,1,2,0,1,0,0,19,否,3,4,4,1,2,3,3,1,5,3,4,3,4,4,3,B-,A+,A+,数学,旅游,蒋岁凯（测试管理部/应用研发） | 女，32.7岁，硕士，行龄1.3年 | 绩效3.24分，日均工时8.7h，牵头项目0个 | 角色：内部PM | 最强技能：数学与建模理论基础(5分)、算法模型开发能力(4分)、营销运营能力(4分) | 软技能：学习能力4分/任务拆解能力4分/领导力4分 | 360评价：上级B-/同级A+ | 岗位匹配：低-错配风险(技能均分2.0) | 分组：分行BP | 工作类型：开发（含模型、应用、数仓等）/生产运维/测试 | 饱和度：78.9%(正常) | 手头项目：JSON转代码验证、A模式POC验证、信贷场景MVP、冷热分离工具日常运维与功能迭代,测试管理组,"[""Hadoop集群微服务架构升级，完成模型训练层的服务拆分与治理"", ""AI手机银行安全漏洞修复，完成报表生成模块的代码审计与加固"", ""实时数据集群后端服务开发，完成Prompt管理模块的接口设计与实现"", ""授信政策管理系统安全漏洞修复，完成Prompt管理模块的代码审计与加固"", ""实时数据集群安全漏洞修复，完成API网关模块的代码审计与加固""]","[""JSON转代码验证"", ""A模式POC验证"", ""信贷场景MVP"", ""冷热分离工具日常运维与功能迭代""]","[""开发（含模型、应用、数仓等）"", ""生产运维"", ""测试""]","[""East数据质量分析""]","{""总体饱和度"": 78.9, ""开发/实施占比"": 59.7, ""会议沟通占比"": 11.6, ""文档撰写占比"": 8.7, ""学习提升占比"": 19.9, ""负荷等级"": ""正常""}",,57,不及格,8062,3,12.7,82,99,55,65
151,300151,余绿予,智能平台部,数据研发,40.3,男,本科,0.2,3.6,3.31,0,1,1,2,3,1,10.4,0,0,0,0,0,1,0,1,0,无,1,1,1,1,1,0,0,0,22,否,2,4,5,3,3,3,2,4,5,4,3,4,3,4,1,A,B+,A,演讲,羽毛球,余绿予（智能平台部/数据研发） | 男，40.3岁，本科，行龄0.2年 | 绩效3.31分，日均工时10.4h，牵头项目1个 | 最强技能：营销运营能力(5分)、数学与建模理论基础(5分)、算法模型开发能力(4分) | 软技能：创新思维4分/领导力4分/学习能力3分 | 360评价：上级A/同级B+ | 岗位匹配：中(技能均分3.0) | 分组：AI产品运营组 | 工作类型：开发（含模型、应用、数仓等）/数据治理/测试 | 饱和度：103%(高负荷) | 手头项目：长文本智能分析、绿色金融智能体、统一调度平台日常运维与功能迭代,架构安全组,"[""长文本智能分析数据模型设计与开发，完成可视化组件的ETL流程优化"", ""AI手机银行实时数据链路开发，完成特征工程模块的流式计算任务"", ""数据脱敏工具SQL性能调优，解决日志审计模块慢查询问题"", ""反电诈管理系统数据质量检核规则配置，修复任务调度模块数据异常""]","[""长文本智能分析"", ""绿色金融智能体"", ""统一调度平台日常运维与功能迭代""]","[""开发（含模型、应用、数仓等）"", ""数据治理"", ""测试""]","[""会话式人工智能服务""]","{""总体饱和度"": 103, ""开发/实施占比"": 58.8, ""会议沟通占比"": 15.4, ""文档撰写占比"": 5.2, ""学习提升占比"": 20.5, ""负荷等级"": ""高负荷""}",,70,良好,11957,0,8.3,47,79,84,59
152,300152,陈星知,数据平台部,项目管理,23.9,女,硕士,1.9,3.8,3.06,1,0,0,2,0,1,6.6,1,1,0,0,0,0,0,0,1,优秀导师,2,0,1,3,1,1,1,0,20,否,4,2,3,2,3,2,3,3,4,4,3,2,5,5,4,A,B-,A+,沟通,游泳,陈星知（数据平台部/项目管理） | 女，23.9岁，硕士，行龄1.9年 | 绩效3.06分，日均工时6.6h，牵头项目1个 | 角色：组长/骨干、重点项目成员 | 最强技能：数据分析工具运用能力(4分)、数学与建模理论基础(4分)、编程与工程实现(4分) | 软技能：任务拆解能力5分/领导力5分/团队合作4分 | 360评价：上级A/同级B- | 分组：服务管理组 | 工作类型：项目管理（含外包管理）/其他/需求分析 | 饱和度：84.3%(正常) | 手头项目：智能问数二期、NL2SQL产品POC、绿色金融智能体、冷热分离工具日常运维与功能迭代,架构安全组,"[""Openclaw框架调研项目计划制定，完成数据清洗模块的里程碑梳理与排期"", ""信用卡智能后督项目复盘，输出报表生成模块的经验教训与改进措施"", ""智能问数二期项目复盘，输出日志审计模块的经验教训与改进措施"", ""新行员培训项目进度跟踪与风险预警，完成可视化组件的周报汇总""]","[""智能问数二期"", ""NL2SQL产品POC"", ""绿色金融智能体"", ""冷热分离工具日常运维与功能迭代""]","[""项目管理（含外包管理）"", ""其他"", ""需求分析""]","[""数据安全脱敏网关系统"", ""数据采集工具""]","{""总体饱和度"": 84.3, ""开发/实施占比"": 69.5, ""会议沟通占比"": 13.4, ""文档撰写占比"": 14.9, ""学习提升占比"": 2.1, ""负荷等级"": ""正常""}",,30,不及格,5815,1,23.9,74,80,73,54
153,300153,袁国博,研发管理部,需求分析,31.4,女,硕士,3.0,5.3,3.49,0,0,2,1,0,4,9.4,0,0,0,0,0,0,0,0,0,无,0,0,0,4,1,1,0,0,21,是,2,1,4,4,4,4,3,2,5,5,2,4,4,2,3,B,B+,B,演讲,电影,袁国博（研发管理部/需求分析） | 女，31.4岁，硕士，行龄3.0年 | 绩效3.49分，日均工时9.4h，牵头项目4个 | 最强技能：数学与建模理论基础(5分)、编程与工程实现(5分)、营销运营能力(4分) | 软技能：创新思维4分/任务拆解能力4分/团队合作3分 | 360评价：上级B/同级B+ | 分组：服务管理组 | 工作类型：需求分析/项目管理（含外包管理）/数据分析 | 饱和度：109.0%(高负荷) | 手头项目：A模式POC验证、East数据质量AI分析、AI客户经营、East数据质量分析日常运维与功能迭代,项目管理团队,"[""综合监管报送用户体验优化，完成Prompt管理模块的交互流程改进"", ""智能问数助手业务流程梳理，完成模型训练层的原型设计与验证"", ""A模式POC验证需求评审会议组织，完成模型训练层的需求澄清与确认"", ""信贷场景MVP业务需求调研，完成特征工程模块的需求文档编写""]","[""A模式POC验证"", ""East数据质量AI分析"", ""AI客户经营"", ""East数据质量分析日常运维与功能迭代""]","[""需求分析"", ""项目管理（含外包管理）"", ""数据分析""]","[""客户经理超级工作台"", ""知识库问答系统""]","{""总体饱和度"": 109.0, ""开发/实施占比"": 60.8, ""会议沟通占比"": 18.7, ""文档撰写占比"": 11.2, ""学习提升占比"": 9.3, ""负荷等级"": ""高负荷""}",,74,良好,7365,0,8.1,74,91,58,35
154,300154,罗峰华,数据平台部,需求分析,27.3,女,本科,0.2,0.5,3.09,1,0,0,2,0,0,9.2,0,0,0,0,0,1,0,0,0,无,1,0,1,0,1,1,0,1,19,是,5,4,5,3,4,2,4,5,3,3,1,5,4,3,5,B-,B-,B-,项目管理,烹饪,罗峰华（数据平台部/需求分析） | 女，27.3岁，本科，行龄0.2年 | 绩效3.09分，日均工时9.2h，牵头项目0个 | 最强技能：数据分析工具运用能力(5分)、营销运营能力(5分)、应用开发能力(5分) | 软技能：创新思维5分/团队合作5分/任务拆解能力4分 | 360评价：上级B-/同级B- | 分组：需求接入组 | 工作类型：需求分析/数据分析/项目管理（含外包管理） | 饱和度：100%(高负荷) | 手头项目：客服辅助项目、AI客户经营、司库系统建设、Kafka消息集群日常运维与功能迭代,数据服务组,"[""实时数据集群业务流程梳理，完成可视化组件的原型设计与验证"", ""反电诈管理系统业务流程梳理，完成报表生成模块的原型设计与验证"", ""NL2SQL产品POC需求评审会议组织，完成API网关模块的需求澄清与确认"", ""Hadoop集群用户体验优化，完成用户权限模块的交互流程改进"", ""综合监管报送竞品分析，完成数据清洗模块的功能对标与差距分析""]","[""客服辅助项目"", ""AI客户经营"", ""司库系统建设"", ""Kafka消息集群日常运维与功能迭代""]","[""需求分析"", ""数据分析"", ""项目管理（含外包管理）""]","[""智能问数助手""]","{""总体饱和度"": 100, ""开发/实施占比"": 62.8, ""会议沟通占比"": 13.1, ""文档撰写占比"": 7.1, ""学习提升占比"": 17.0, ""负荷等级"": ""高负荷""}",,54,不及格,4500,4,0.0,65,99,82,61
155,300155,苏欢时,智能应用二部,应用研发,32.6,男,本科,1.3,2.6,3.79,0,1,0,3,2,2,7.1,1,0,0,0,0,0,1,0,1,卓越贡献奖,2,1,1,3,4,2,0,0,20,是,1,3,2,3,5,3,4,5,3,2,3,2,4,3,2,A+,B,A+,演讲,电影,苏欢时（智能应用二部/应用研发） | 男，32.6岁，本科，行龄1.3年 | 绩效3.79分，日均工时7.1h，牵头项目2个 | 角色：组长/骨干 | 最强技能：数据模型设计(5分)、应用开发能力(5分)、技术架构设计(4分) | 软技能：任务拆解能力4分/学习能力3分/领导力3分 | 360评价：上级A+/同级B | 岗位匹配：高(技能均分4.5) | 分组：需求接入组 | 工作类型：开发（含模型、应用、数仓等）/生产运维/测试 | 饱和度：88.0%(饱和) | 手头项目：AI客户经营、反电诈管理系统日常运维与功能迭代,对公应用组,"[""DWS数据集群安全漏洞修复，完成前端展示层的代码审计与加固"", ""流水鉴真系统后端服务开发，完成可视化组件的接口设计与实现"", ""公共智能体工作站前端页面开发，完成特征工程模块的交互逻辑优化"", ""知识库问答系统安全漏洞修复，完成报表生成模块的代码审计与加固"", ""智能外呼分析后端服务开发，完成报表生成模块的接口设计与实现""]","[""AI客户经营"", ""反电诈管理系统日常运维与功能迭代""]","[""开发（含模型、应用、数仓等）"", ""生产运维"", ""测试""]","[""智能尽调助手""]","{""总体饱和度"": 88.0, ""开发/实施占比"": 55.7, ""会议沟通占比"": 15.2, ""文档撰写占比"": 9.0, ""学习提升占比"": 20.1, ""负荷等级"": ""饱和""}",,90,优秀,5577,4,8.1,75,71,99,64
156,300156,朱建溪,信息管理部,需求分析,30.6,女,硕士,1.2,4.1,2.63,1,0,0,0,0,3,9.1,0,1,0,0,0,0,0,1,0,无,5,0,1,2,1,0,0,0,22,是,3,2,4,2,2,3,2,1,4,4,3,3,3,5,3,A,A+,B-,项目管理,运动,朱建溪（信息管理部/需求分析） | 女，30.6岁，硕士，行龄1.2年 | 绩效2.63分，日均工时9.1h，牵头项目3个 | 角色：重点项目成员 | 最强技能：营销运营能力(4分)、数学与建模理论基础(4分)、编程与工程实现(4分) | 软技能：领导力5分/学习能力3分/创新思维3分 | 360评价：上级A/同级A+ | 分组：标准质量组 | 工作类型：需求分析/项目管理（含外包管理）/数据分析 | 饱和度：104.2%(高负荷) | 手头项目：East数据质量AI分析、知识库问答系统日常运维与功能迭代,服务支持组,"[""参与超级工作台MVP需求变更管理，完成前端展示层的影响评估"", ""Hadoop数据仓库竞品分析，完成指标计算模块的功能对标与差距分析"", ""组织通用办公助手业务培训，完成前端展示层的操作手册编写"", ""离线数据开发业务需求调研，完成缓存层的需求文档编写"", ""组织信用卡智能后督业务培训，完成缓存层的操作手册编写""]","[""East数据质量AI分析"", ""知识库问答系统日常运维与功能迭代""]","[""需求分析"", ""项目管理（含外包管理）"", ""数据分析""]","[""Kafka消息集群"", ""DWS数据集群""]","{""总体饱和度"": 104.2, ""开发/实施占比"": 41.6, ""会议沟通占比"": 21.4, ""文档撰写占比"": 7.7, ""学习提升占比"": 29.4, ""负荷等级"": ""高负荷""}",,61,及格,8947,0,15.5,54,52,91,58
157,300157,杜达江,测试管理部,应用研发,27.4,男,本科,3.6,6.0,3.33,2,0,2,3,0,4,8.4,0,0,0,0,1,0,1,1,0,无,2,0,0,2,1,1,0,1,16,是,2,4,4,5,4,1,4,4,4,4,2,4,4,3,3,A+,B-,A-,写作,绘画,杜达江（测试管理部/应用研发） | 男，27.4岁，本科，行龄3.6年 | 绩效3.33分，日均工时8.4h，牵头项目4个 | 角色：外部PM | 最强技能：SQL开发(5分)、算法模型开发能力(4分)、营销运营能力(4分) | 软技能：创新思维4分/任务拆解能力4分/领导力3分 | 360评价：上级A+/同级B- | 岗位匹配：高(技能均分4.0) | 分组：服务管理组 | 工作类型：开发（含模型、应用、数仓等）/生产运维/测试 | 饱和度：99.5%(高负荷) | 手头项目：DataFun论坛项目、数据运维平台日常运维与功能迭代,性能测试组,"[""综合监管报送前端页面开发，完成向量检索模块的交互逻辑优化"", ""参与信贷场景MVP代码评审，完成知识图谱模块的技术债务清理"", ""实时数据集群前端页面开发，完成测试框架的交互逻辑优化"", ""冷热分离工具前端页面开发，完成任务调度模块的交互逻辑优化""]","[""DataFun论坛项目"", ""数据运维平台日常运维与功能迭代""]","[""开发（含模型、应用、数仓等）"", ""生产运维"", ""测试""]","[""零售客户关系管理""]","{""总体饱和度"": 99.5, ""开发/实施占比"": 49.2, ""会议沟通占比"": 23.3, ""文档撰写占比"": 10.2, ""学习提升占比"": 17.3, ""负荷等级"": ""高负荷""}",,52,不及格,10146,0,22.8,64,55,86,76
158,300158,金北,综合管理部,数据分析,32.9,男,本科,3.3,2.8,3.66,1,1,2,2,1,1,7.9,0,0,0,1,0,0,0,1,1,创新奖,0,1,1,3,0,0,0,0,16,否,4,3,4,3,3,1,3,4,3,2,2,3,5,1,3,A,A+,A,演讲,游戏,金北（综合管理部/数据分析） | 男，32.9岁，本科，行龄3.3年 | 绩效3.66分，日均工时7.9h，牵头项目1个 | 角色：内部PM | 最强技能：数据分析工具运用能力(4分)、营销运营能力(4分)、应用开发能力(4分) | 软技能：任务拆解能力5分/创新思维3分/团队合作3分 | 360评价：上级A/同级A+ | 岗位匹配：中(技能均分3.7) | 分组：AI产品运营组 | 工作类型：数据分析/需求分析/开发（含模型、应用、数仓等） | 饱和度：85.9%(饱和) | 手头项目：大模型客服技改、客户经理超级工作台日常运维与功能迭代,财务管控组,"[""火山引擎POC数据需求调研，输出模型训练层分析结论"", ""AI手机银行A/B测试方案设计，完成指标计算模块的效果评估"", ""金牌催收员用户行为分析，完成指标计算模块的客群画像"", ""尽调报告助手用户行为分析，完成前端展示层的客群画像""]","[""大模型客服技改"", ""客户经理超级工作台日常运维与功能迭代""]","[""数据分析"", ""需求分析"", ""开发（含模型、应用、数仓等）""]","[""长文本智能分析"", ""尽调报告助手""]","{""总体饱和度"": 85.9, ""开发/实施占比"": 46.3, ""会议沟通占比"": 20.8, ""文档撰写占比"": 7.2, ""学习提升占比"": 25.7, ""负荷等级"": ""饱和""}",,83,良好,2989,0,15.0,94,80,79,98
159,300159,邵红念,智能平台部,数据研发,39.2,女,博士,1.7,0.5,3.6,0,0,1,0,1,2,7.3,0,1,0,1,0,0,0,0,1,优秀导师,0,0,0,2,1,0,0,0,15,是,4,3,3,2,3,3,1,3,3,2,1,4,5,4,4,A-,B+,A+,演讲,阅读,邵红念（智能平台部/数据研发） | 女，39.2岁，博士，行龄1.7年 | 绩效3.6分，日均工时7.3h，牵头项目2个 | 角色：重点项目成员、内部PM | 最强技能：数据分析工具运用能力(4分)、算法模型开发能力(3分)、营销运营能力(3分) | 软技能：任务拆解能力5分/创新思维4分/领导力4分 | 360评价：上级A-/同级B+ | 岗位匹配：低-错配风险(技能均分2.7) | 分组：项目管理团队 | 工作类型：开发（含模型、应用、数仓等）/测试/数据治理 | 饱和度：73.6%(正常) | 手头项目：尽调报告智能体、客服辅助项目、流水鉴真场景、DWS数据集群日常运维与功能迭代,风险模型组,"[""参与零小海信义贷技改数据架构评审，输出日志审计模块技术方案"", ""冷热分离工具数据质量检核规则配置，修复消息队列模块数据异常"", ""智能问数助手实时数据链路开发，完成报表生成模块的流式计算任务""]","[""尽调报告智能体"", ""客服辅助项目"", ""流水鉴真场景"", ""DWS数据集群日常运维与功能迭代""]","[""开发（含模型、应用、数仓等）"", ""测试"", ""数据治理""]","[""智能尽调助手"", ""智能外呼分析""]","{""总体饱和度"": 73.6, ""开发/实施占比"": 59.4, ""会议沟通占比"": 20.4, ""文档撰写占比"": 14.5, ""学习提升占比"": 5.7, ""负荷等级"": ""正常""}",,64,及格,11711,4,11.5,80,80,68,59
160,300160,陈诺志,智能应用一部,应用研发,29.6,男,本科,3.5,4.9,4.8,1,0,2,1,1,2,7.4,0,1,0,0,0,1,0,1,0,无,0,0,0,2,1,0,0,0,14,是,3,3,4,4,3,4,2,1,5,1,1,3,2,3,3,B,A+,A-,无,旅游,陈诺志（智能应用一部/应用研发） | 男，29.6岁，本科，行龄3.5年 | 绩效4.8分，日均工时7.4h，牵头项目2个 | 角色：重点项目成员 | 最强技能：数学与建模理论基础(5分)、营销运营能力(4分)、SQL开发(4分) | 软技能：创新思维3分/领导力3分/团队合作3分 | 360评价：上级B/同级A+ | 岗位匹配：低-错配风险(技能均分1.5) | 分组：架构安全组 | 工作类型：开发（含模型、应用、数仓等）/生产运维/测试 | 饱和度：88.2%(饱和) | 手头项目：East数据质量AI分析、数据采集工具日常运维与功能迭代,对公应用组,"[""智能问数助手性能优化，完成推理服务层的并发处理能力提升"", ""综合监管报送前端页面开发，完成缓存层的交互逻辑优化"", ""DWS数据集群性能优化，完成特征工程模块的并发处理能力提升""]","[""East数据质量AI分析"", ""数据采集工具日常运维与功能迭代""]","[""开发（含模型、应用、数仓等）"", ""生产运维"", ""测试""]","[""会话式人工智能服务""]","{""总体饱和度"": 88.2, ""开发/实施占比"": 52.7, ""会议沟通占比"": 22.9, ""文档撰写占比"": 6.5, ""学习提升占比"": 18.0, ""负荷等级"": ""饱和""}",,49,不及格,1049,2,0.5,71,65,76,79
161,300161,邱敏龙,智能应用二部,数据研发,34.0,女,本科,2.1,2.5,3.68,1,0,0,2,1,2,10.2,0,0,0,0,1,0,0,1,0,无,0,0,1,2,0,0,1,0,15,否,4,4,4,4,3,5,3,3,4,4,4,3,3,3,3,B+,A+,B,编程,烹饪,邱敏龙（智能应用二部/数据研发） | 女，34.0岁，本科，行龄2.1年 | 绩效3.68分，日均工时10.2h，牵头项目2个 | 角色：外部PM | 最强技能：数据分析工具运用能力(4分)、算法模型开发能力(4分)、营销运营能力(4分) | 软技能：学习能力4分/创新思维3分/任务拆解能力3分 | 360评价：上级B+/同级A+ | 岗位匹配：高(技能均分4.0) | 分组：管理信息组 | 工作类型：开发（含模型、应用、数仓等）/数据治理/测试 | 饱和度：105.7%(高负荷) | 手头项目：智能工单场景、智能外呼分析、知识库问答体系建设、金牌催收员日常运维与功能迭代,零售应用组,"[""数据安全脱敏网关系统历史数据迁移，完成知识图谱模块的数据校验与比对"", ""参与火山引擎POC数据架构评审，输出指标计算模块技术方案"", ""客服助手数据接口开发，完成日志审计模块的API联调与测试""]","[""智能工单场景"", ""智能外呼分析"", ""知识库问答体系建设"", ""金牌催收员日常运维与功能迭代""]","[""开发（含模型、应用、数仓等）"", ""数据治理"", ""测试""]","[""智能尽调助手""]","{""总体饱和度"": 105.7, ""开发/实施占比"": 53.2, ""会议沟通占比"": 15.9, ""文档撰写占比"": 7.2, ""学习提升占比"": 23.7, ""负荷等级"": ""高负荷""}",,82,良好,5667,3,17.5,99,78,83,77
162,300162,苏婷,数据开发部,负责人,24.3,男,硕士,2.6,1.4,3.02,1,0,1,5,2,1,8.1,0,0,0,0,0,0,0,1,0,无,1,1,1,3,2,0,1,1,21,否,3,3,3,3,2,2,3,5,3,2,4,5,3,5,5,B+,A-,B+,英语,烹饪,苏婷（数据开发部/负责人） | 男，24.3岁，硕士，行龄2.6年 | 绩效3.02分，日均工时8.1h，牵头项目1个 | 最强技能：应用开发能力(5分)、数据分析工具运用能力(3分)、算法模型开发能力(3分) | 软技能：创新思维5分/领导力5分/团队合作5分 | 360评价：上级B+/同级A- | 分组：架构安全组 | 工作类型：项目管理（含外包管理）/其他/需求分析 | 饱和度：72.7%(正常) | 手头项目：East数据质量AI分析、大模型智能体日常运维与功能迭代,数仓开发组,"[""绿色金融智能体人才梯队建设，完成监控告警模块的骨干培养计划"", ""火山引擎POC绩效考核，完成测试框架的评优与改进面谈"", ""A模式POC验证团队管理与目标分解，完成可视化组件的OKR制定与跟踪"", ""新行员培训项目绩效考核，完成指标计算模块的评优与改进面谈"", ""参与零小海信义贷技改战略对接，完成消息队列模块的高层汇报材料""]","[""East数据质量AI分析"", ""大模型智能体日常运维与功能迭代""]","[""项目管理（含外包管理）"", ""其他"", ""需求分析""]","[""智能问数助手""]","{""总体饱和度"": 72.7, ""开发/实施占比"": 61.1, ""会议沟通占比"": 24.3, ""文档撰写占比"": 5.2, ""学习提升占比"": 9.4, ""负荷等级"": ""正常""}",,69,及格,8724,2,7.0,73,68,85,76
163,300163,何远紫,研发管理部,数据研发,25.9,男,本科,6.6,2.5,3.46,0,0,1,3,0,2,8.9,0,0,0,0,0,0,0,0,0,无,2,2,0,3,2,1,0,1,17,是,5,5,3,3,4,2,2,2,4,4,2,2,3,3,2,A,A,A+,数据分析,阅读,何远紫（研发管理部/数据研发） | 男，25.9岁，本科，行龄6.6年 | 绩效3.46分，日均工时8.9h，牵头项目2个 | 最强技能：数据分析工具运用能力(5分)、算法模型开发能力(5分)、数据模型设计(4分) | 软技能：任务拆解能力3分/领导力3分/学习能力2分 | 360评价：上级A/同级A | 岗位匹配：中(技能均分3.0) | 分组：架构安全组 | 工作类型：开发（含模型、应用、数仓等）/数据治理/测试 | 饱和度：90.3%(饱和) | 手头项目：智能问数二期、大模型客服技改、信贷场景MVP日常运维与功能迭代,技术规划组,"[""Hadoop数据仓库数据质量检核规则配置，修复消息队列模块数据异常"", ""数据安全脱敏网关系统SQL性能调优，解决数据接入层慢查询问题"", ""流水鉴真系统SQL性能调优，解决模型训练层慢查询问题""]","[""智能问数二期"", ""大模型客服技改"", ""信贷场景MVP日常运维与功能迭代""]","[""开发（含模型、应用、数仓等）"", ""数据治理"", ""测试""]","[""智能尽调助手""]","{""总体饱和度"": 90.3, ""开发/实施占比"": 61.7, ""会议沟通占比"": 17.7, ""文档撰写占比"": 7.8, ""学习提升占比"": 12.8, ""负荷等级"": ""饱和""}",,72,良好,2032,3,1.0,76,99,81,72
164,300164,吴刚知,智能应用二部,应用研发,32.8,男,本科,5.9,3.4,2.64,1,0,2,0,0,0,7.3,0,1,0,0,0,0,0,0,0,无,0,1,1,2,1,1,1,1,23,否,3,4,2,3,2,2,3,4,3,5,1,5,2,3,2,B-,A-,A+,写作,羽毛球,吴刚知（智能应用二部/应用研发） | 男，32.8岁，本科，行龄5.9年 | 绩效2.64分，日均工时7.3h，牵头项目0个 | 角色：重点项目成员 | 最强技能：编程与工程实现(5分)、算法模型开发能力(4分)、应用开发能力(4分) | 软技能：创新思维5分/领导力3分/任务拆解能力2分 | 360评价：上级B-/同级A- | 岗位匹配：中(技能均分3.5) | 分组：零售应用组 | 工作类型：开发（含模型、应用、数仓等）/生产运维/测试 | 饱和度：73.5%(正常) | 手头项目：长文本智能分析、信用卡智能后督、数据测试平台日常运维与功能迭代,零售应用组,"[""参与智能问数二期代码评审，完成监控告警模块的技术债务清理"", ""智能数据血缘分析工具微服务架构升级，完成测试框架的服务拆分与治理"", ""Openclaw框架调研技术方案设计，输出知识图谱模块的详细设计文档""]","[""长文本智能分析"", ""信用卡智能后督"", ""数据测试平台日常运维与功能迭代""]","[""开发（含模型、应用、数仓等）"", ""生产运维"", ""测试""]","[""智能尽调助手""]","{""总体饱和度"": 73.5, ""开发/实施占比"": 66.5, ""会议沟通占比"": 23.8, ""文档撰写占比"": 9.8, ""学习提升占比"": 0, ""负荷等级"": ""正常""}",,75,良好,5510,1,24.8,87,53,92,62
165,300165,周青,数据开发部,应用研发,37.7,女,博士,0.6,2.6,3.47,0,1,1,3,0,2,7.3,0,0,0,0,0,0,0,0,0,无,2,1,0,0,0,1,0,0,21,否,3,2,5,2,3,3,3,4,2,2,2,3,3,3,3,A-,B+,A-,数学,绘画,周青（数据开发部/应用研发） | 女，37.7岁，博士，行龄0.6年 | 绩效3.47分，日均工时7.3h，牵头项目2个 | 最强技能：营销运营能力(5分)、应用开发能力(4分)、数据分析工具运用能力(3分) | 软技能：创新思维3分/任务拆解能力3分/领导力3分 | 360评价：上级A-/同级B+ | 岗位匹配：中(技能均分3.5) | 分组：监管统计组 | 工作类型：开发（含模型、应用、数仓等）/测试/生产运维 | 饱和度：75.4%(正常) | 手头项目：火山引擎POC、反诈机器学习模型、超级工作台MVP、East数据质量分析日常运维与功能迭代,模型设计组,"[""Openclaw框架调研技术方案设计，输出任务调度模块的详细设计文档"", ""通用办公助手技术方案设计，输出知识图谱模块的详细设计文档"", ""数据测试平台安全漏洞修复，完成推理服务层的代码审计与加固""]","[""火山引擎POC"", ""反诈机器学习模型"", ""超级工作台MVP"", ""East数据质量分析日常运维与功能迭代""]","[""开发（含模型、应用、数仓等）"", ""测试"", ""生产运维""]","[""大模型智能体"", ""长文本智能分析""]","{""总体饱和度"": 75.4, ""开发/实施占比"": 54.8, ""会议沟通占比"": 22.7, ""文档撰写占比"": 14.9, ""学习提升占比"": 7.6, ""负荷等级"": ""正常""}",,68,及格,2397,2,32.0,65,67,72,57
166,300166,宋磊欣,智能应用一部,数据分析,32.2,男,本科,4.9,0.5,3.1,0,0,0,0,2,2,9.2,0,0,0,0,0,0,0,1,1,优秀员工,2,0,1,1,0,0,0,0,12,否,4,3,3,4,5,4,3,3,3,5,4,3,1,3,4,B-,A+,A,沟通,电影,宋磊欣（智能应用一部/数据分析） | 男，32.2岁，本科，行龄4.9年 | 绩效3.1分，日均工时9.2h，牵头项目2个 | 最强技能：数据模型设计(5分)、编程与工程实现(5分)、数据分析工具运用能力(4分) | 软技能：学习能力4分/团队合作4分/创新思维3分 | 360评价：上级B-/同级A+ | 岗位匹配：中(技能均分3.3) | 分组：项目管理团队 | 工作类型：数据分析/需求分析/开发（含模型、应用、数仓等） | 饱和度：105.3%(高负荷) | 手头项目：大模型客服技改、Kafka消息集群日常运维与功能迭代,AI产品运营组,"[""知识库问答系统用户行为分析，完成用户权限模块的客群画像"", ""参与客服辅助项目数据分析专项，完成向量检索模块的深度挖掘"", ""冷热分离工具用户行为分析，完成报表生成模块的客群画像"", ""参与DataFun论坛项目数据分析专项，完成知识图谱模块的深度挖掘""]","[""大模型客服技改"", ""Kafka消息集群日常运维与功能迭代""]","[""数据分析"", ""需求分析"", ""开发（含模型、应用、数仓等）""]","[""联机服务集群"", ""大模型智能体""]","{""总体饱和度"": 105.3, ""开发/实施占比"": 55.6, ""会议沟通占比"": 16.5, ""文档撰写占比"": 9.4, ""学习提升占比"": 18.5, ""负荷等级"": ""高负荷""}",,75,良好,7516,1,24.2,85,63,99,62
167,300167,宋红洛,数据开发部,算法工程,29.0,女,博士,4.8,5.4,3.96,0,0,1,4,2,1,6.7,0,1,0,0,0,0,0,1,1,最佳团队奖,0,0,0,3,3,2,0,0,24,否,4,3,4,2,4,4,4,3,3,4,5,3,3,2,3,B+,A+,A,项目管理,游戏,宋红洛（数据开发部/算法工程） | 女，29.0岁，博士，行龄4.8年 | 绩效3.96分，日均工时6.7h，牵头项目1个 | 角色：重点项目成员 | 最强技能：数据分析工具运用能力(4分)、营销运营能力(4分)、数据模型设计(4分) | 软技能：学习能力5分/创新思维3分/任务拆解能力3分 | 360评价：上级B+/同级A+ | 岗位匹配：中(技能均分3.5) | 分组：应用开发组 | 工作类型：开发（含模型、应用、数仓等）/项目管理（含外包管理）/数据分析 | 饱和度：82.9%(正常) | 手头项目：East数据质量AI分析、客户经理超级工作台日常运维与功能迭代,模型设计组,"[""实时开发平台智能体开发，完成报表生成模块的Agent工作流设计"", ""极客大赛算法方案评审，输出测试框架的技术可行性分析"", ""East数据质量分析智能体开发，完成测试框架的Agent工作流设计""]","[""East数据质量AI分析"", ""客户经理超级工作台日常运维与功能迭代""]","[""开发（含模型、应用、数仓等）"", ""项目管理（含外包管理）"", ""数据分析""]","[""离线数据开发""]","{""总体饱和度"": 82.9, ""开发/实施占比"": 58.0, ""会议沟通占比"": 22.1, ""文档撰写占比"": 14.3, ""学习提升占比"": 5.6, ""负荷等级"": ""正常""}",,72,良好,11730,1,4.7,93,60,99,60
168,300168,丁海清,数据治理部,数据研发,30.5,女,硕士,0.9,6.1,3.24,1,0,2,1,1,4,7.7,0,1,0,0,1,0,0,0,0,无,1,0,1,2,1,0,0,0,24,否,3,3,3,2,3,4,2,4,1,3,5,4,3,3,4,A+,B+,A,英语,绘画,丁海清（数据治理部/数据研发） | 女，30.5岁，硕士，行龄0.9年 | 绩效3.24分，日均工时7.7h，牵头项目4个 | 角色：重点项目成员、外部PM | 最强技能：应用开发能力(4分)、数据分析工具运用能力(3分)、算法模型开发能力(3分) | 软技能：学习能力5分/创新思维4分/团队合作4分 | 360评价：上级A+/同级B+ | 岗位匹配：中(技能均分3.0) | 分组：架构安全组 | 工作类型：开发（含模型、应用、数仓等）/数据治理/测试 | 饱和度：100.0%(高负荷) | 手头项目：East数据质量AI分析、AI手机银行日常运维与功能迭代,监管数据治理,"[""智能问数助手SQL性能调优，解决向量检索模块慢查询问题"", ""冷热分离工具SQL性能调优，解决模型训练层慢查询问题"", ""智能外呼分析数据质量检核规则配置，修复数据清洗模块数据异常""]","[""East数据质量AI分析"", ""AI手机银行日常运维与功能迭代""]","[""开发（含模型、应用、数仓等）"", ""数据治理"", ""测试""]","[""East数据质量分析"", ""数据采集工具""]","{""总体饱和度"": 100.0, ""开发/实施占比"": 64.0, ""会议沟通占比"": 16.8, ""文档撰写占比"": 5.9, ""学习提升占比"": 13.3, ""负荷等级"": ""高负荷""}",,74,良好,14168,3,40.1,86,60,58,67
169,300169,谭青海,数据开发部,需求分析,24.5,女,本科,4.9,5.0,3.45,1,0,0,2,2,0,8.1,1,0,0,0,0,0,0,0,1,优秀员工,3,0,0,3,2,1,1,1,16,否,2,4,2,4,3,3,2,4,4,5,5,3,5,3,4,B,A,B,英语,摄影,谭青海（数据开发部/需求分析） | 女，24.5岁，本科，行龄4.9年 | 绩效3.45分，日均工时8.1h，牵头项目0个 | 角色：组长/骨干 | 最强技能：编程与工程实现(5分)、算法模型开发能力(4分)、SQL开发(4分) | 软技能：学习能力5分/任务拆解能力5分/团队合作4分 | 360评价：上级B/同级A | 分组：零售应用组 | 工作类型：需求分析/数据分析/项目管理（含外包管理） | 饱和度：93.1%(饱和) | 手头项目：长文本智能分析、客服辅助项目、智能数据血缘分析工具日常运维与功能迭代,需求接入组,"[""数据脱敏工具用户体验优化，完成用户权限模块的交互流程改进"", ""组织反诈机器学习模型业务培训，完成向量检索模块的操作手册编写"", ""参与对公信贷智能化需求变更管理，完成缓存层的影响评估"", ""通用办公助手需求评审会议组织，完成用户权限模块的需求澄清与确认"", ""参与新行员培训项目需求变更管理，完成用户权限模块的影响评估""]","[""长文本智能分析"", ""客服辅助项目"", ""智能数据血缘分析工具日常运维与功能迭代""]","[""需求分析"", ""数据分析"", ""项目管理（含外包管理）""]","[""智能外呼分析"", ""会话式人工智能服务""]","{""总体饱和度"": 93.1, ""开发/实施占比"": 41.5, ""会议沟通占比"": 21.6, ""文档撰写占比"": 10.1, ""学习提升占比"": 26.8, ""负荷等级"": ""饱和""}",,57,不及格,6187,4,15.7,61,54,69,74
170,300170,徐晚浩,测试管理部,应用研发,33.4,男,本科,6.3,1.5,3.2,0,0,1,4,0,1,8.2,0,1,0,0,0,0,0,0,0,无,2,0,0,5,2,1,0,0,23,否,3,4,1,3,2,3,2,3,3,1,3,3,4,5,3,A,B,B-,数据分析,羽毛球,徐晚浩（测试管理部/应用研发） | 男，33.4岁，本科，行龄6.3年 | 绩效3.2分，日均工时8.2h，牵头项目1个 | 角色：重点项目成员 | 最强技能：算法模型开发能力(4分)、数据分析工具运用能力(3分)、SQL开发(3分) | 软技能：领导力5分/任务拆解能力4分/学习能力3分 | 360评价：上级A/同级B | 岗位匹配：低-错配风险(技能均分2.5) | 分组：对公应用组 | 工作类型：开发（含模型、应用、数仓等）/测试/生产运维 | 饱和度：93.7%(饱和) | 手头项目：长文本智能分析、绿色金融智能体、智能问数二期、离线数据开发日常运维与功能迭代,性能测试组,"[""智能尽调助手后端服务开发，完成测试框架的接口设计与实现"", ""智能外呼分析性能优化，完成知识图谱模块的并发处理能力提升"", ""客户经理超级工作台性能优化，完成数据接入层的并发处理能力提升"", ""Hadoop数据仓库微服务架构升级，完成消息队列模块的服务拆分与治理""]","[""长文本智能分析"", ""绿色金融智能体"", ""智能问数二期"", ""离线数据开发日常运维与功能迭代""]","[""开发（含模型、应用、数仓等）"", ""测试"", ""生产运维""]","[""会话式人工智能服务""]","{""总体饱和度"": 93.7, ""开发/实施占比"": 41.4, ""会议沟通占比"": 18.5, ""文档撰写占比"": 14.9, ""学习提升占比"": 25.1, ""负荷等级"": ""饱和""}",,48,不及格,8759,2,25.8,71,52,66,83
171,300171,崔辉飞,智能平台部,算法工程,34.8,男,本科,0.9,3.3,4.36,0,1,0,0,3,4,7.9,0,0,0,0,1,0,0,1,1,技术标兵,1,0,0,4,1,1,0,0,17,否,5,2,3,3,3,5,3,3,4,5,2,5,3,2,5,B,B+,A-,数据分析,烹饪,崔辉飞（智能平台部/算法工程） | 男，34.8岁，本科，行龄0.9年 | 绩效4.36分，日均工时7.9h，牵头项目4个 | 角色：外部PM | 最强技能：数据分析工具运用能力(5分)、编程与工程实现(5分)、数学与建模理论基础(4分) | 软技能：创新思维5分/团队合作5分/任务拆解能力3分 | 360评价：上级B/同级B+ | 岗位匹配：高(技能均分4.5) | 分组：风险模型组 | 工作类型：开发（含模型、应用、数仓等）/项目管理（含外包管理）/数据分析 | 饱和度：91.7%(饱和) | 手头项目：AI客户经营、客服辅助项目、智能数据血缘分析工具日常运维与功能迭代,架构安全组,"[""授信政策管理系统机器学习模型训练，完成数据接入层的特征工程与调参"", ""Hadoop集群NLP模型部署，完成特征工程模块的推理性能优化"", ""信贷场景MVPRAG检索链路开发，完成测试框架的向量数据库接入"", ""智能问数助手RAG检索链路开发，完成数据接入层的向量数据库接入""]","[""AI客户经营"", ""客服辅助项目"", ""智能数据血缘分析工具日常运维与功能迭代""]","[""开发（含模型、应用、数仓等）"", ""项目管理（含外包管理）"", ""数据分析""]","[""会话式人工智能服务""]","{""总体饱和度"": 91.7, ""开发/实施占比"": 69.2, ""会议沟通占比"": 21.6, ""文档撰写占比"": 9.3, ""学习提升占比"": 0, ""负荷等级"": ""饱和""}",,92,优秀,14172,0,5.9,57,60,84,41
172,300172,汪时,数据平台部,架构管理,28.3,女,本科,1.3,3.7,3.35,1,0,0,0,2,0,8.5,0,1,0,1,0,0,0,0,0,无,1,1,1,2,0,2,0,0,21,是,4,4,3,4,2,3,4,2,2,5,2,5,2,3,2,A+,B,B-,数据分析,运动,汪时（数据平台部/架构管理） | 女，28.3岁，本科，行龄1.3年 | 绩效3.35分，日均工时8.5h，牵头项目0个 | 角色：重点项目成员、内部PM | 最强技能：编程与工程实现(5分)、数据分析工具运用能力(4分)、算法模型开发能力(4分) | 软技能：创新思维5分/领导力3分/学习能力2分 | 360评价：上级A+/同级B | 岗位匹配：中(技能均分3.0) | 分组：工具开发组 | 工作类型：架构设计/项目管理（含外包管理）/技术评审 | 饱和度：82.8%(正常) | 手头项目：极客大赛、尽调报告智能体、外搜接口采购、数据测试平台日常运维与功能迭代,工具开发组,"[""数据测试平台安全架构评审，完成前端展示层的合规性检查"", ""数据采集工具云原生架构规划，完成前端展示层的容器化改造方案"", ""参与East数据质量AI分析技术债务清理，输出数据接入层的重构方案""]","[""极客大赛"", ""尽调报告智能体"", ""外搜接口采购"", ""数据测试平台日常运维与功能迭代""]","[""架构设计"", ""项目管理（含外包管理）"", ""技术评审""]","[""智能数据血缘分析工具"", ""金牌催收员""]","{""总体饱和度"": 82.8, ""开发/实施占比"": 42.1, ""会议沟通占比"": 17.0, ""文档撰写占比"": 6.8, ""学习提升占比"": 34.1, ""负荷等级"": ""正常""}",,77,良好,12131,1,18.1,72,95,54,67
173,300173,宋华金,信息统计部,测试,28.2,女,本科,5.3,4.9,4.41,1,0,1,1,2,1,8.8,0,0,0,0,0,0,0,0,1,技术标兵,1,1,0,1,0,1,0,0,15,否,4,1,4,1,4,3,4,3,2,4,3,3,1,3,1,A,B,A,无,羽毛球,宋华金（信息统计部/测试） | 女，28.2岁，本科，行龄5.3年 | 绩效4.41分，日均工时8.8h，牵头项目1个 | 最强技能：数据分析工具运用能力(4分)、营销运营能力(4分)、数据模型设计(4分) | 软技能：学习能力3分/创新思维3分/领导力3分 | 360评价：上级A/同级B | 分组：零售应用组 | 工作类型：测试/开发（含模型、应用、数仓等）/生产运维 | 饱和度：88.8%(饱和) | 手头项目：East数据质量AI分析、统一调度平台日常运维与功能迭代,管理信息组,"[""参与零售客户分群灰度发布验证，完成测试框架的上线 checklist"", ""实时开发平台安全测试，完成可视化组件的渗透测试与漏洞修复验证"", ""数据安全脱敏网关系统性能测试方案设计，完成模型训练层的压测执行与分析""]","[""East数据质量AI分析"", ""统一调度平台日常运维与功能迭代""]","[""测试"", ""开发（含模型、应用、数仓等）"", ""生产运维""]","[""智能问数助手""]","{""总体饱和度"": 88.8, ""开发/实施占比"": 69.5, ""会议沟通占比"": 18.7, ""文档撰写占比"": 7.4, ""学习提升占比"": 4.4, ""负荷等级"": ""饱和""}",,64,及格,6486,1,29.0,86,76,54,73
174,300174,赵月,信息统计部,需求分析,31.8,女,硕士,3.7,5.0,3.91,0,1,1,4,3,1,8.8,0,0,0,0,0,0,1,0,0,无,0,1,1,0,1,0,0,0,13,否,3,4,1,2,5,5,5,3,5,4,3,2,3,4,3,B-,A-,A-,设计,游泳,赵月（信息统计部/需求分析） | 女，31.8岁，硕士，行龄3.7年 | 绩效3.91分，日均工时8.8h，牵头项目1个 | 最强技能：数据模型设计(5分)、技术架构设计(5分)、数学与建模理论基础(5分) | 软技能：领导力4分/学习能力3分/任务拆解能力3分 | 360评价：上级B-/同级A- | 分组：项目管理团队 | 工作类型：需求分析/项目管理（含外包管理）/数据分析 | 饱和度：93.4%(饱和) | 手头项目：尽调报告智能体、信贷场景MVP日常运维与功能迭代,监管统计组,"[""组织信雅达POC业务培训，完成测试框架的操作手册编写"", ""会话式人工智能服务用户访谈与痛点分析，输出用户权限模块的需求规格说明书"", ""参与JSON转代码验证需求变更管理，完成API网关模块的影响评估"", ""实时数据集群业务需求调研，完成推理服务层的需求文档编写""]","[""尽调报告智能体"", ""信贷场景MVP日常运维与功能迭代""]","[""需求分析"", ""项目管理（含外包管理）"", ""数据分析""]","[""长文本智能分析""]","{""总体饱和度"": 93.4, ""开发/实施占比"": 55.5, ""会议沟通占比"": 19.1, ""文档撰写占比"": 5.9, ""学习提升占比"": 19.4, ""负荷等级"": ""饱和""}",,53,不及格,9413,0,21.2,73,66,57,56
175,300175,魏玉磊,数据平台部,算法工程,28.4,男,本科,4.3,2.3,3.75,0,1,1,0,0,2,7.1,1,1,0,0,0,0,0,1,1,年度之星,0,0,0,2,0,3,0,0,19,否,3,4,3,3,3,4,4,2,4,2,2,4,3,2,3,A,B+,A,编程,旅游,魏玉磊（数据平台部/算法工程） | 男，28.4岁，本科，行龄4.3年 | 绩效3.75分，日均工时7.1h，牵头项目2个 | 角色：组长/骨干、重点项目成员 | 最强技能：算法模型开发能力(4分)、技术架构设计(4分)、数学与建模理论基础(4分) | 软技能：创新思维4分/任务拆解能力3分/团队合作3分 | 360评价：上级A/同级B+ | 岗位匹配：中(技能均分3.0) | 分组：零售BP | 工作类型：开发（含模型、应用、数仓等）/项目管理（含外包管理）/数据分析 | 饱和度：82.5%(正常) | 手头项目：司库系统建设、外搜接口采购、AI创意比赛、DWS数据集群日常运维与功能迭代,架构安全组,"[""信雅达POC算法方案评审，输出可视化组件的技术可行性分析"", ""参与信雅达POC大模型应用POC，完成前端展示层的场景验证"", ""智能外呼分析机器学习模型训练，完成API网关模块的特征工程与调参""]","[""司库系统建设"", ""外搜接口采购"", ""AI创意比赛"", ""DWS数据集群日常运维与功能迭代""]","[""开发（含模型、应用、数仓等）"", ""项目管理（含外包管理）"", ""数据分析""]","[""智能外呼分析"", ""离线数据开发""]","{""总体饱和度"": 82.5, ""开发/实施占比"": 47.4, ""会议沟通占比"": 11.5, ""文档撰写占比"": 7.7, ""学习提升占比"": 33.5, ""负荷等级"": ""正常""}",,67,及格,9469,1,34.9,70,69,60,34
176,300176,罗琪若,数据开发部,应用研发,30.2,女,本科,3.9,3.9,3.69,1,0,0,0,0,2,7.8,1,0,0,0,0,0,0,0,0,无,3,0,0,2,1,1,0,1,20,是,4,3,3,4,5,4,1,4,5,3,4,4,1,3,3,B-,A,B+,沟通,运动,罗琪若（数据开发部/应用研发） | 女，30.2岁，本科，行龄3.9年 | 绩效3.69分，日均工时7.8h，牵头项目2个 | 角色：组长/骨干 | 最强技能：数据模型设计(5分)、数学与建模理论基础(5分)、数据分析工具运用能力(4分) | 软技能：学习能力4分/创新思维4分/领导力3分 | 360评价：上级B-/同级A | 岗位匹配：低-错配风险(技能均分2.5) | 分组：管理信息组 | 工作类型：开发（含模型、应用、数仓等）/测试/生产运维 | 饱和度：93.6%(饱和) | 手头项目：中试基地项目、授信政策管理系统日常运维与功能迭代,应用开发组,"[""零售客户分群技术方案设计，输出指标计算模块的详细设计文档"", ""火山引擎POC技术方案设计，输出消息队列模块的详细设计文档"", ""Hadoop集群容器化部署，完成可视化组件的CI/CD流程配置"", ""Kafka消息集群容器化部署，完成消息队列模块的CI/CD流程配置""]","[""中试基地项目"", ""授信政策管理系统日常运维与功能迭代""]","[""开发（含模型、应用、数仓等）"", ""测试"", ""生产运维""]","[""离线数据开发""]","{""总体饱和度"": 93.6, ""开发/实施占比"": 56.2, ""会议沟通占比"": 19.7, ""文档撰写占比"": 13.5, ""学习提升占比"": 10.6, ""负荷等级"": ""饱和""}",,75,良好,10947,0,17.2,78,71,83,69
177,300177,唐锋东,数据治理部,应用研发,40.7,男,硕士,4.0,4.6,3.7,0,0,0,2,0,0,9.3,0,0,0,0,0,0,0,0,1,优秀导师,1,0,0,3,0,1,0,1,19,否,4,3,4,3,4,3,3,4,5,3,3,2,4,4,2,A,A,B-,培训,音乐,唐锋东（数据治理部/应用研发） | 男，40.7岁，硕士，行龄4.0年 | 绩效3.7分，日均工时9.3h，牵头项目0个 | 最强技能：数学与建模理论基础(5分)、数据分析工具运用能力(4分)、营销运营能力(4分) | 软技能：任务拆解能力4分/领导力4分/学习能力3分 | 360评价：上级A/同级A | 岗位匹配：中(技能均分3.5) | 分组：对公应用组 | 工作类型：开发（含模型、应用、数仓等）/生产运维/测试 | 饱和度：88.8%(饱和) | 手头项目：AI客户经营、信贷场景MVP日常运维与功能迭代,监管数据治理,"[""Kafka消息集群容器化部署，完成测试框架的CI/CD流程配置"", ""参与East数据质量AI分析代码评审，完成特征工程模块的技术债务清理"", ""实时开发平台性能优化，完成指标计算模块的并发处理能力提升"", ""参与反诈机器学习模型代码评审，完成特征工程模块的技术债务清理"", ""零售客户分群技术方案设计，输出知识图谱模块的详细设计文档""]","[""AI客户经营"", ""信贷场景MVP日常运维与功能迭代""]","[""开发（含模型、应用、数仓等）"", ""生产运维"", ""测试""]","[""长文本智能分析""]","{""总体饱和度"": 88.8, ""开发/实施占比"": 53.1, ""会议沟通占比"": 15.3, ""文档撰写占比"": 6.2, ""学习提升占比"": 25.4, ""负荷等级"": ""饱和""}",,63,及格,5583,1,8.9,83,46,99,69
178,300178,龙白宁,数据开发部,需求分析,29.3,女,本科,0.5,6.5,2.57,1,0,0,3,2,1,9.0,1,1,0,0,0,0,0,0,0,无,1,0,0,2,1,2,1,0,15,否,1,4,4,3,2,3,2,5,3,4,3,5,4,5,3,B+,B,B+,写作,跑步,龙白宁（数据开发部/需求分析） | 女，29.3岁，本科，行龄0.5年 | 绩效2.57分，日均工时9.0h，牵头项目1个 | 角色：组长/骨干、重点项目成员 | 最强技能：应用开发能力(5分)、算法模型开发能力(4分)、营销运营能力(4分) | 软技能：创新思维5分/领导力5分/任务拆解能力4分 | 360评价：上级B+/同级B | 分组：服务管理组 | 工作类型：需求分析/数据分析/项目管理（含外包管理） | 饱和度：105.8%(高负荷) | 手头项目：智能外呼分析、信贷场景MVP、通用办公助手、信贷场景MVP日常运维与功能迭代,应用开发组,"[""尽调报告智能体需求评审会议组织，完成任务调度模块的需求澄清与确认"", ""绿色金融业务管理用户体验优化，完成任务调度模块的交互流程改进"", ""数据测试平台业务需求调研，完成测试框架的需求文档编写"", ""A模式POC验证需求评审会议组织，完成特征工程模块的需求澄清与确认"", ""组织信雅达POC业务培训，完成测试框架的操作手册编写""]","[""智能外呼分析"", ""信贷场景MVP"", ""通用办公助手"", ""信贷场景MVP日常运维与功能迭代""]","[""需求分析"", ""数据分析"", ""项目管理（含外包管理）""]","[""数据采集工具""]","{""总体饱和度"": 105.8, ""开发/实施占比"": 50.1, ""会议沟通占比"": 21.6, ""文档撰写占比"": 11.1, ""学习提升占比"": 17.2, ""负荷等级"": ""高负荷""}",,64,及格,4766,0,16.8,63,55,75,84
179,300179,吴磊岁,信息统计部,测试,28.8,男,硕士,5.3,5.1,3.37,3,0,2,4,0,1,6.7,0,1,0,0,0,0,0,0,0,无,1,1,1,2,1,1,1,0,19,是,5,4,4,3,4,2,5,4,3,4,4,1,3,4,2,B,A-,A-,无,跑步,吴磊岁（信息统计部/测试） | 男，28.8岁，硕士，行龄5.3年 | 绩效3.37分，日均工时6.7h，牵头项目1个 | 角色：重点项目成员 | 最强技能：数据分析工具运用能力(5分)、技术架构设计(5分)、算法模型开发能力(4分) | 软技能：学习能力4分/领导力4分/任务拆解能力3分 | 360评价：上级B/同级A- | 分组：服务管理组 | 工作类型：测试/开发（含模型、应用、数仓等）/生产运维 | 饱和度：67.3%(偏低) | 手头项目：AI创意比赛、智能问数二期、Hadoop集群日常运维与功能迭代,监管统计组,"[""参与East数据质量AI分析灰度发布验证，完成向量检索模块的上线 checklist"", ""授信政策管理系统生产环境监控，完成日志审计模块的线上问题排查"", ""数据测试平台安全测试，完成缓存层的渗透测试与漏洞修复验证"", ""参与JSON转代码验证灰度发布验证，完成消息队列模块的上线 checklist"", ""数据安全脱敏网关系统功能测试用例设计，完成前端展示层的测试执行与缺陷跟踪""]","[""AI创意比赛"", ""智能问数二期"", ""Hadoop集群日常运维与功能迭代""]","[""测试"", ""开发（含模型、应用、数仓等）"", ""生产运维""]","[""DWS数据集群"", ""实时开发平台""]","{""总体饱和度"": 67.3, ""开发/实施占比"": 61.0, ""会议沟通占比"": 11.8, ""文档撰写占比"": 8.2, ""学习提升占比"": 19.0, ""负荷等级"": ""偏低""}",,49,不及格,8246,2,23.8,99,68,58,50
180,300180,陆平金,数据平台部,数据研发,27.4,女,本科,5.6,5.2,3.92,0,1,0,2,2,1,8.4,0,0,0,0,0,0,0,1,0,无,0,0,0,0,1,1,0,0,22,是,1,3,5,4,4,4,2,5,5,3,3,4,5,2,3,A-,B,B+,数据分析,旅游,陆平金（数据平台部/数据研发） | 女，27.4岁，本科，行龄5.6年 | 绩效3.92分，日均工时8.4h，牵头项目1个 | 最强技能：营销运营能力(5分)、应用开发能力(5分)、数学与建模理论基础(5分) | 软技能：任务拆解能力5分/创新思维4分/学习能力3分 | 360评价：上级A-/同级B | 岗位匹配：高(技能均分4.0) | 分组：AI基础研发组 | 工作类型：开发（含模型、应用、数仓等）/测试/数据治理 | 饱和度：87.9%(饱和) | 手头项目：客服辅助项目、信用卡智能后督、智能工单场景、金牌催收员日常运维与功能迭代,工具开发组,"[""长文本智能分析数据质量检核规则配置，修复向量检索模块数据异常"", ""会话式人工智能服务实时数据链路开发，完成缓存层的流式计算任务"", ""参与绿色金融智能体数据架构评审，输出用户权限模块技术方案"", ""流水鉴真系统数据接口开发，完成向量检索模块的API联调与测试"", ""长文本智能分析历史数据迁移，完成报表生成模块的数据校验与比对""]","[""客服辅助项目"", ""信用卡智能后督"", ""智能工单场景"", ""金牌催收员日常运维与功能迭代""]","[""开发（含模型、应用、数仓等）"", ""测试"", ""数据治理""]","[""客服助手"", ""长文本智能分析""]","{""总体饱和度"": 87.9, ""开发/实施占比"": 45.8, ""会议沟通占比"": 21.7, ""文档撰写占比"": 14.6, ""学习提升占比"": 17.9, ""负荷等级"": ""饱和""}",,71,良好,6206,2,40.1,75,56,69,87
181,300181,苏娟星,信息统计部,应用研发,34.1,女,本科,2.7,3.9,3.49,0,0,2,2,2,2,6.1,0,0,0,1,0,0,0,0,0,无,1,0,1,1,0,3,0,1,20,否,2,3,2,2,3,2,3,4,5,1,4,3,5,4,2,A,B,A+,写作,烹饪,苏娟星（信息统计部/应用研发） | 女，34.1岁，本科，行龄2.7年 | 绩效3.49分，日均工时6.1h，牵头项目2个 | 角色：内部PM | 最强技能：数学与建模理论基础(5分)、应用开发能力(4分)、算法模型开发能力(3分) | 软技能：任务拆解能力5分/学习能力4分/领导力4分 | 360评价：上级A/同级B | 岗位匹配：中(技能均分3.5) | 分组：服务管理组 | 工作类型：开发（含模型、应用、数仓等）/生产运维/测试 | 饱和度：67.3%(偏低) | 手头项目：智能工单场景、司库系统建设、East数据质量AI分析、数据脱敏工具日常运维与功能迭代,管理信息组,"[""智能问数助手安全漏洞修复，完成可视化组件的代码审计与加固"", ""参与NL2SQL产品POC代码评审，完成测试框架的技术债务清理"", ""绿色金融业务管理微服务架构升级，完成前端展示层的服务拆分与治理"", ""实时开发平台安全漏洞修复，完成前端展示层的代码审计与加固"", ""信用风险监测预警微服务架构升级，完成消息队列模块的服务拆分与治理""]","[""智能工单场景"", ""司库系统建设"", ""East数据质量AI分析"", ""数据脱敏工具日常运维与功能迭代""]","[""开发（含模型、应用、数仓等）"", ""生产运维"", ""测试""]","[""零售客户关系管理""]","{""总体饱和度"": 67.3, ""开发/实施占比"": 60.1, ""会议沟通占比"": 23.0, ""文档撰写占比"": 12.8, ""学习提升占比"": 4.2, ""负荷等级"": ""偏低""}",,57,不及格,4803,0,31.6,63,43,73,62
182,300182,胡昊晨,信息管理部,需求分析,29.6,女,硕士,3.1,6.4,2.82,2,1,2,4,2,2,8.1,1,0,0,0,0,0,0,1,0,无,0,0,0,3,2,1,1,0,21,是,3,4,3,4,4,4,3,4,4,4,2,4,3,5,3,A,B-,B-,设计,绘画,胡昊晨（信息管理部/需求分析） | 女，29.6岁，硕士，行龄3.1年 | 绩效2.82分，日均工时8.1h，牵头项目2个 | 角色：组长/骨干 | 最强技能：算法模型开发能力(4分)、SQL开发(4分)、数据模型设计(4分) | 软技能：领导力5分/创新思维4分/任务拆解能力3分 | 360评价：上级A/同级B- | 分组：测试管理组 | 工作类型：需求分析/数据分析/项目管理（含外包管理） | 饱和度：100.5%(高负荷) | 手头项目：East数据质量AI分析、绿色金融业务管理日常运维与功能迭代,管理信息组,"[""Hadoop集群竞品分析，完成用户权限模块的功能对标与差距分析"", ""组织长文本智能分析业务培训，完成缓存层的操作手册编写"", ""长文本智能分析用户体验优化，完成缓存层的交互流程改进""]","[""East数据质量AI分析"", ""绿色金融业务管理日常运维与功能迭代""]","[""需求分析"", ""数据分析"", ""项目管理（含外包管理）""]","[""East数据质量分析"", ""实时开发平台""]","{""总体饱和度"": 100.5, ""开发/实施占比"": 47.4, ""会议沟通占比"": 22.6, ""文档撰写占比"": 6.9, ""学习提升占比"": 23.1, ""负荷等级"": ""高负荷""}",,66,及格,9269,1,19.7,74,56,73,80
183,300183,罗秋玉,机构服务团队,应用研发,27.4,男,硕士,0.2,4.5,3.48,0,0,0,0,1,0,10.0,0,0,0,0,1,0,0,1,0,无,4,2,0,5,0,1,0,0,18,否,3,1,3,2,4,4,4,5,4,5,4,3,3,5,4,A+,B-,A-,编程,绘画,罗秋玉（机构服务团队/应用研发） | 男，27.4岁，硕士，行龄0.2年 | 绩效3.48分，日均工时10.0h，牵头项目0个 | 角色：外部PM | 最强技能：应用开发能力(5分)、编程与工程实现(5分)、数据模型设计(4分) | 软技能：领导力5分/学习能力4分/团队合作4分 | 360评价：上级A+/同级B- | 岗位匹配：高(技能均分4.5) | 分组：风险模型组 | 工作类型：开发（含模型、应用、数仓等）/生产运维/测试 | 饱和度：100%(高负荷) | 手头项目：长文本智能分析、East数据质量AI分析、实时开发平台日常运维与功能迭代,零售BP,"[""统一调度平台性能优化，完成可视化组件的并发处理能力提升"", ""冷热分离工具性能优化，完成缓存层的并发处理能力提升"", ""参与长文本智能分析代码评审，完成消息队列模块的技术债务清理"", ""新行员培训项目技术方案设计，输出Prompt管理模块的详细设计文档"", ""信贷场景MVP安全漏洞修复，完成数据接入层的代码审计与加固""]","[""长文本智能分析"", ""East数据质量AI分析"", ""实时开发平台日常运维与功能迭代""]","[""开发（含模型、应用、数仓等）"", ""生产运维"", ""测试""]","[""公共智能体工作站"", ""会话式人工智能服务""]","{""总体饱和度"": 100, ""开发/实施占比"": 57.1, ""会议沟通占比"": 12.9, ""文档撰写占比"": 11.8, ""学习提升占比"": 18.2, ""负荷等级"": ""高负荷""}",,53,不及格,7978,2,21.1,53,86,61,94
184,300184,郭磊海,数据平台部,应用研发,36.9,男,硕士,4.2,2.1,4.35,1,1,0,2,0,3,7.1,0,0,0,1,0,0,0,1,1,技术标兵,0,0,1,2,0,1,0,1,26,否,3,2,3,3,2,3,3,4,4,4,2,4,3,2,4,A,A-,A-,数学,运动,郭磊海（数据平台部/应用研发） | 男，36.9岁，硕士，行龄4.2年 | 绩效4.35分，日均工时7.1h，牵头项目3个 | 角色：内部PM | 最强技能：应用开发能力(4分)、数学与建模理论基础(4分)、编程与工程实现(4分) | 软技能：创新思维4分/团队合作4分/任务拆解能力3分 | 360评价：上级A/同级A- | 岗位匹配：中(技能均分3.5) | 分组：项目管理团队 | 工作类型：开发（含模型、应用、数仓等）/测试/生产运维 | 饱和度：80.7%(正常) | 手头项目：绿色金融智能体、会话式人工智能服务日常运维与功能迭代,架构安全组,"[""客户经理超级工作台前端页面开发，完成前端展示层的交互逻辑优化"", ""联机服务集群微服务架构升级，完成用户权限模块的服务拆分与治理"", ""参与AI创意比赛代码评审，完成前端展示层的技术债务清理"", ""智能工单场景技术方案设计，输出API网关模块的详细设计文档"", ""参与授信政策知识体系代码评审，完成用户权限模块的技术债务清理""]","[""绿色金融智能体"", ""会话式人工智能服务日常运维与功能迭代""]","[""开发（含模型、应用、数仓等）"", ""测试"", ""生产运维""]","[""数据安全脱敏网关系统""]","{""总体饱和度"": 80.7, ""开发/实施占比"": 68.9, ""会议沟通占比"": 20.0, ""文档撰写占比"": 10.2, ""学习提升占比"": 1.0, ""负荷等级"": ""正常""}",,77,良好,6210,2,32.8,89,81,85,62
185,300185,袁梓勇,数据平台部,应用研发,37.4,女,硕士,4.4,6.4,4.12,0,1,1,2,0,2,7.2,0,0,0,0,0,1,0,0,0,无,0,0,1,2,1,2,0,0,15,否,2,2,4,3,5,2,5,2,3,3,2,5,2,4,5,B+,A,B+,演讲,游戏,袁梓勇（数据平台部/应用研发） | 女，37.4岁，硕士，行龄4.4年 | 绩效4.12分，日均工时7.2h，牵头项目2个 | 最强技能：数据模型设计(5分)、技术架构设计(5分)、营销运营能力(4分) | 软技能：创新思维5分/团队合作5分/领导力4分 | 360评价：上级B+/同级A | 岗位匹配：中(技能均分3.5) | 分组：架构安全组 | 工作类型：开发（含模型、应用、数仓等）/测试/生产运维 | 饱和度：75.6%(正常) | 手头项目：East数据质量AI分析、East数据质量分析日常运维与功能迭代,数据服务组,"[""Hadoop集群后端服务开发，完成测试框架的接口设计与实现"", ""智能问数助手后端服务开发，完成消息队列模块的接口设计与实现"", ""反电诈管理系统容器化部署，完成测试框架的CI/CD流程配置"", ""对公信贷智能化技术方案设计，输出数据接入层的详细设计文档"", ""金牌催收员性能优化，完成推理服务层的并发处理能力提升""]","[""East数据质量AI分析"", ""East数据质量分析日常运维与功能迭代""]","[""开发（含模型、应用、数仓等）"", ""测试"", ""生产运维""]","[""DWS数据集群"", ""Hadoop数据仓库""]","{""总体饱和度"": 75.6, ""开发/实施占比"": 43.5, ""会议沟通占比"": 10.2, ""文档撰写占比"": 7.5, ""学习提升占比"": 38.7, ""负荷等级"": ""正常""}",,61,及格,9933,1,14.5,67,75,84,65
186,300186,崔安浩,数据平台部,算法工程,27.6,男,硕士,3.1,5.0,3.48,1,1,0,3,2,3,8.9,0,1,0,1,0,0,0,0,1,创新奖,0,1,0,3,1,0,0,1,23,否,2,2,3,2,4,1,1,4,4,2,2,3,4,2,4,B-,B+,B+,写作,摄影,崔安浩（数据平台部/算法工程） | 男，27.6岁，硕士，行龄3.1年 | 绩效3.48分，日均工时8.9h，牵头项目3个 | 角色：重点项目成员、内部PM | 最强技能：数据模型设计(4分)、应用开发能力(4分)、数学与建模理论基础(4分) | 软技能：任务拆解能力4分/团队合作4分/创新思维3分 | 360评价：上级B-/同级B+ | 岗位匹配：中(技能均分3.0) | 分组：管理信息组 | 工作类型：开发（含模型、应用、数仓等）/数据分析/项目管理（含外包管理） | 饱和度：103.6%(高负荷) | 手头项目：零售客户分群、通用办公助手、信贷场景MVP日常运维与功能迭代,数据服务组,"[""尽调报告助手智能体开发，完成日志审计模块的Agent工作流设计"", ""信用风险监测预警机器学习模型训练，完成监控告警模块的特征工程与调参"", ""实时开发平台智能体开发，完成用户权限模块的Agent工作流设计"", ""数据脱敏工具RAG检索链路开发，完成测试框架的向量数据库接入"", ""冷热分离工具大模型微调训练，完成监控告警模块的Prompt工程优化""]","[""零售客户分群"", ""通用办公助手"", ""信贷场景MVP日常运维与功能迭代""]","[""开发（含模型、应用、数仓等）"", ""数据分析"", ""项目管理（含外包管理）""]","[""尽调报告助手""]","{""总体饱和度"": 103.6, ""开发/实施占比"": 69.9, ""会议沟通占比"": 14.7, ""文档撰写占比"": 6.6, ""学习提升占比"": 8.8, ""负荷等级"": ""高负荷""}",,56,不及格,5056,4,22.0,59,77,69,81
187,300187,孟勇,智能应用一部,负责人,22.0,男,本科,5.5,2.9,3.98,2,0,1,1,2,2,6.5,0,0,0,0,0,0,0,1,1,卓越贡献奖,3,1,0,1,1,0,1,1,26,是,1,3,4,5,5,4,1,5,4,1,5,3,3,3,4,B-,A-,A+,设计,音乐,孟勇（智能应用一部/负责人） | 男，22.0岁，本科，行龄5.5年 | 绩效3.98分，日均工时6.5h，牵头项目2个 | 最强技能：SQL开发(5分)、数据模型设计(5分)、应用开发能力(5分) | 软技能：学习能力5分/团队合作4分/创新思维3分 | 360评价：上级B-/同级A- | 分组：项目管理团队 | 工作类型：项目管理（含外包管理）/需求分析/其他 | 饱和度：69.8%(偏低) | 手头项目：零小海信义贷技改、新行员培训项目、零售客户关系管理日常运维与功能迭代,对公应用组,"[""流水鉴真场景科室重点工作推进，完成任务调度模块的月度汇报材料"", ""大模型客服技改人才梯队建设，完成特征工程模块的骨干培养计划"", ""Openclaw框架调研人才梯队建设，完成监控告警模块的骨干培养计划"", ""极客大赛绩效考核，完成模型训练层的评优与改进面谈""]","[""零小海信义贷技改"", ""新行员培训项目"", ""零售客户关系管理日常运维与功能迭代""]","[""项目管理（含外包管理）"", ""需求分析"", ""其他""]","[""零售客户关系管理"", ""尽调报告助手""]","{""总体饱和度"": 69.8, ""开发/实施占比"": 44.3, ""会议沟通占比"": 19.5, ""文档撰写占比"": 9.4, ""学习提升占比"": 26.8, ""负荷等级"": ""偏低""}",,69,及格,18358,2,11.9,83,74,76,93
188,300188,崔秋林,智能应用一部,应用研发,35.4,男,本科,2.5,2.8,3.33,2,0,0,2,1,3,7.5,0,0,0,0,0,0,0,1,0,无,1,1,0,3,2,0,0,0,23,否,2,5,3,5,3,4,3,2,4,4,3,3,2,4,4,B,B+,B+,编程,绘画,崔秋林（智能应用一部/应用研发） | 男，35.4岁，本科，行龄2.5年 | 绩效3.33分，日均工时7.5h，牵头项目3个 | 最强技能：算法模型开发能力(5分)、SQL开发(5分)、数学与建模理论基础(4分) | 软技能：领导力4分/团队合作4分/学习能力3分 | 360评价：上级B/同级B+ | 岗位匹配：低-错配风险(技能均分2.5) | 分组：服务管理组 | 工作类型：开发（含模型、应用、数仓等）/测试/生产运维 | 饱和度：84.3%(正常) | 手头项目：AI客户经营、Kafka消息集群日常运维与功能迭代,零售应用组,"[""数据运维平台前端页面开发，完成消息队列模块的交互逻辑优化"", ""参与AI创意比赛代码评审，完成模型训练层的技术债务清理"", ""信贷场景MVP容器化部署，完成可视化组件的CI/CD流程配置"", ""客服助手微服务架构升级，完成指标计算模块的服务拆分与治理"", ""会话式人工智能服务安全漏洞修复，完成Prompt管理模块的代码审计与加固""]","[""AI客户经营"", ""Kafka消息集群日常运维与功能迭代""]","[""开发（含模型、应用、数仓等）"", ""测试"", ""生产运维""]","[""信用风险监测预警""]","{""总体饱和度"": 84.3, ""开发/实施占比"": 42.9, ""会议沟通占比"": 12.7, ""文档撰写占比"": 13.8, ""学习提升占比"": 30.7, ""负荷等级"": ""正常""}",,69,及格,6785,2,0.4,94,69,56,60
189,300189,曹月娜,数据开发部,数据分析,27.2,男,硕士,4.3,4.3,2.68,2,0,0,0,0,2,8.7,0,0,0,0,1,0,0,0,1,质量之星,0,1,0,1,1,0,0,0,20,否,3,4,5,2,5,4,4,4,1,4,3,5,4,5,3,B,B,A,写作,游戏,曹月娜（数据开发部/数据分析） | 男，27.2岁，硕士，行龄4.3年 | 绩效2.68分，日均工时8.7h，牵头项目2个 | 角色：外部PM | 最强技能：营销运营能力(5分)、数据模型设计(5分)、算法模型开发能力(4分) | 软技能：创新思维5分/领导力5分/任务拆解能力4分 | 360评价：上级B/同级B | 岗位匹配：高(技能均分4.0) | 分组：AI产品运营组 | 工作类型：数据分析/需求分析/开发（含模型、应用、数仓等） | 饱和度：98.1%(高负荷) | 手头项目：尽调报告智能体、对公信贷智能化、信用卡智能后督、数据采集工具日常运维与功能迭代,应用开发组,"[""统一调度平台客户经营分析报告撰写，完成推理服务层的数据洞察"", ""流水鉴真系统A/B测试方案设计，完成模型训练层的效果评估"", ""金牌催收员用户行为分析，完成用户权限模块的客群画像""]","[""尽调报告智能体"", ""对公信贷智能化"", ""信用卡智能后督"", ""数据采集工具日常运维与功能迭代""]","[""数据分析"", ""需求分析"", ""开发（含模型、应用、数仓等）""]","[""长文本智能分析"", ""大模型智能体""]","{""总体饱和度"": 98.1, ""开发/实施占比"": 63.1, ""会议沟通占比"": 12.5, ""文档撰写占比"": 10.9, ""学习提升占比"": 13.5, ""负荷等级"": ""高负荷""}",,78,良好,10186,0,14.3,68,58,39,78
190,300190,梁昊南,数据开发部,数据研发,34.3,女,硕士,1.1,4.6,3.06,0,1,0,1,0,3,7.4,0,1,0,0,0,0,0,0,0,无,3,1,0,3,1,0,0,0,18,是,2,2,5,5,3,3,5,4,3,5,3,5,3,4,4,B,B+,B+,数据分析,跑步,梁昊南（数据开发部/数据研发） | 女，34.3岁，硕士，行龄1.1年 | 绩效3.06分，日均工时7.4h，牵头项目3个 | 角色：重点项目成员 | 最强技能：营销运营能力(5分)、SQL开发(5分)、技术架构设计(5分) | 软技能：创新思维5分/领导力4分/团队合作4分 | 360评价：上级B/同级B+ | 岗位匹配：中(技能均分3.7) | 分组：零售应用组 | 工作类型：开发（含模型、应用、数仓等）/数据治理/测试 | 饱和度：91.2%(饱和) | 手头项目：AI创意比赛、East数据质量AI分析、绿色金融智能体、数据安全脱敏网关系统日常运维与功能迭代,需求接入组,"[""数据运维平台实时数据链路开发，完成指标计算模块的流式计算任务"", ""数据测试平台数据质量检核规则配置，修复前端展示层数据异常"", ""统一调度平台实时数据链路开发，完成监控告警模块的流式计算任务""]","[""AI创意比赛"", ""East数据质量AI分析"", ""绿色金融智能体"", ""数据安全脱敏网关系统日常运维与功能迭代""]","[""开发（含模型、应用、数仓等）"", ""数据治理"", ""测试""]","[""智能数据血缘分析工具""]","{""总体饱和度"": 91.2, ""开发/实施占比"": 63.3, ""会议沟通占比"": 15.4, ""文档撰写占比"": 10.0, ""学习提升占比"": 11.2, ""负荷等级"": ""饱和""}",,87,优秀,1926,4,32.4,57,91,64,70
191,300191,熊秋文,数据开发部,数据研发,22.0,女,博士,3.1,4.1,4.28,0,0,1,3,0,2,7.9,0,0,0,0,0,0,0,1,1,优秀导师,2,0,1,2,0,1,0,0,25,是,3,3,3,3,2,3,2,5,2,3,3,4,5,5,2,A,A-,B,培训,羽毛球,熊秋文（数据开发部/数据研发） | 女，22.0岁，博士，行龄3.1年 | 绩效4.28分，日均工时7.9h，牵头项目2个 | 最强技能：应用开发能力(5分)、数据分析工具运用能力(3分)、算法模型开发能力(3分) | 软技能：任务拆解能力5分/领导力5分/创新思维4分 | 360评价：上级A/同级A- | 岗位匹配：低-错配风险(技能均分2.7) | 分组：服务支持组 | 工作类型：开发（含模型、应用、数仓等）/测试/数据治理 | 饱和度：77.6%(正常) | 手头项目：火山引擎POC、综合监管报送日常运维与功能迭代,需求接入组,"[""Hadoop集群数据质量检核规则配置，修复向量检索模块数据异常"", ""Hadoop数据仓库历史数据迁移，完成报表生成模块的数据校验与比对"", ""客服助手历史数据迁移，完成特征工程模块的数据校验与比对"", ""长文本智能分析数据质量检核规则配置，修复特征工程模块数据异常"", ""联机服务集群数据模型设计与开发，完成指标计算模块的ETL流程优化""]","[""火山引擎POC"", ""综合监管报送日常运维与功能迭代""]","[""开发（含模型、应用、数仓等）"", ""测试"", ""数据治理""]","[""信贷场景MVP"", ""East数据质量分析""]","{""总体饱和度"": 77.6, ""开发/实施占比"": 51.7, ""会议沟通占比"": 24.1, ""文档撰写占比"": 5.0, ""学习提升占比"": 19.2, ""负荷等级"": ""正常""}",,75,良好,6964,1,28.7,54,72,99,53
192,300192,侯青银,综合管理部,算法工程,34.8,男,本科,2.8,4.3,3.38,0,1,0,1,3,1,8.8,0,0,0,0,0,1,0,1,1,金雁奖,2,0,0,2,2,0,0,0,14,否,4,3,2,4,4,4,1,2,3,2,4,3,4,1,5,B-,A+,B,数据分析,绘画,侯青银（综合管理部/算法工程） | 男，34.8岁，本科，行龄2.8年 | 绩效3.38分，日均工时8.8h，牵头项目1个 | 最强技能：数据分析工具运用能力(4分)、SQL开发(4分)、数据模型设计(4分) | 软技能：团队合作5分/学习能力4分/任务拆解能力4分 | 360评价：上级B-/同级A+ | 岗位匹配：低-错配风险(技能均分2.5) | 分组：工具开发组 | 工作类型：开发（含模型、应用、数仓等）/项目管理（含外包管理）/数据分析 | 饱和度：88.8%(饱和) | 手头项目：新行员培训项目、NL2SQL产品POC、通用办公助手、数据采集工具日常运维与功能迭代,人力资源组,"[""会话式人工智能服务模型效果评估，完成测试框架的A/B测试与迭代"", ""数据测试平台NLP模型部署，完成知识图谱模块的推理性能优化"", ""参与DataFun论坛项目大模型应用POC，完成向量检索模块的场景验证"", ""零售客户关系管理大模型微调训练，完成Prompt管理模块的Prompt工程优化""]","[""新行员培训项目"", ""NL2SQL产品POC"", ""通用办公助手"", ""数据采集工具日常运维与功能迭代""]","[""开发（含模型、应用、数仓等）"", ""项目管理（含外包管理）"", ""数据分析""]","[""离线数据开发""]","{""总体饱和度"": 88.8, ""开发/实施占比"": 47.9, ""会议沟通占比"": 13.7, ""文档撰写占比"": 12.4, ""学习提升占比"": 26.0, ""负荷等级"": ""饱和""}",,61,及格,10055,4,21.8,79,81,56,70
193,300193,卢文水,信息统计部,算法工程,24.6,男,本科,3.6,7.0,3.39,0,0,0,2,0,4,8.5,0,0,0,0,0,0,0,0,0,无,2,0,1,1,1,0,0,0,16,是,3,2,4,3,4,3,4,1,5,4,3,5,4,1,2,B,A-,B+,演讲,烹饪,卢文水（信息统计部/算法工程） | 男，24.6岁，本科，行龄3.6年 | 绩效3.39分，日均工时8.5h，牵头项目4个 | 最强技能：数学与建模理论基础(5分)、营销运营能力(4分)、数据模型设计(4分) | 软技能：创新思维5分/任务拆解能力4分/学习能力3分 | 360评价：上级B/同级A- | 岗位匹配：高(技能均分4.5) | 分组：应用开发组 | 工作类型：开发（含模型、应用、数仓等）/数据分析/项目管理（含外包管理） | 饱和度：81.6%(正常) | 手头项目：East数据质量AI分析、离线数据开发日常运维与功能迭代,监管统计组,"[""授信政策管理系统NLP模型部署，完成推理服务层的推理性能优化"", ""尽调报告助手NLP模型部署，完成向量检索模块的推理性能优化"", ""大模型智能体模型效果评估，完成向量检索模块的A/B测试与迭代"", ""对公信贷智能化算法方案评审，输出前端展示层的技术可行性分析"", ""尽调报告助手智能体开发，完成推理服务层的Agent工作流设计""]","[""East数据质量AI分析"", ""离线数据开发日常运维与功能迭代""]","[""开发（含模型、应用、数仓等）"", ""数据分析"", ""项目管理（含外包管理）""]","[""Hadoop数据仓库""]","{""总体饱和度"": 81.6, ""开发/实施占比"": 60.9, ""会议沟通占比"": 22.4, ""文档撰写占比"": 7.7, ""学习提升占比"": 9.0, ""负荷等级"": ""正常""}",,49,不及格,500,2,14.6,73,75,75,77
194,300194,范西思,智能应用二部,数据分析,34.0,男,硕士,2.4,5.8,3.36,2,0,1,3,1,2,8.4,0,0,0,0,0,0,0,0,0,无,4,2,0,3,0,1,1,0,19,否,4,5,5,3,4,4,4,3,1,4,3,2,3,4,3,B+,A+,A-,编程,电影,范西思（智能应用二部/数据分析） | 男，34.0岁，硕士，行龄2.4年 | 绩效3.36分，日均工时8.4h，牵头项目2个 | 最强技能：算法模型开发能力(5分)、营销运营能力(5分)、数据分析工具运用能力(4分) | 软技能：领导力4分/学习能力3分/任务拆解能力3分 | 360评价：上级B+/同级A+ | 岗位匹配：高(技能均分4.7) | 分组：服务支持组 | 工作类型：数据分析/开发（含模型、应用、数仓等）/需求分析 | 饱和度：90.1%(饱和) | 手头项目：信雅达POC、信用卡智能后督、AI手机银行日常运维与功能迭代,对公应用组,"[""智能外呼分析客户经营分析报告撰写，完成测试框架的数据洞察"", ""智能外呼分析数据挖掘模型训练，完成日志审计模块的预测分析"", ""参与超级工作台MVP数据分析专项，完成知识图谱模块的深度挖掘""]","[""信雅达POC"", ""信用卡智能后督"", ""AI手机银行日常运维与功能迭代""]","[""数据分析"", ""开发（含模型、应用、数仓等）"", ""需求分析""]","[""冷热分离工具""]","{""总体饱和度"": 90.1, ""开发/实施占比"": 60.3, ""会议沟通占比"": 12.6, ""文档撰写占比"": 14.3, ""学习提升占比"": 12.8, ""负荷等级"": ""饱和""}",,62,及格,10052,2,17.4,88,60,82,62
195,300195,罗星辉,机构服务团队,架构管理,30.6,女,本科,2.9,4.1,4.44,1,1,2,2,2,2,7.7,1,0,0,0,0,0,0,1,0,无,4,0,0,5,0,1,0,0,26,是,4,3,2,4,3,4,2,2,3,5,3,3,4,3,4,A+,B-,A+,项目管理,摄影,罗星辉（机构服务团队/架构管理） | 女，30.6岁，本科，行龄2.9年 | 绩效4.44分，日均工时7.7h，牵头项目2个 | 角色：组长/骨干 | 最强技能：编程与工程实现(5分)、数据分析工具运用能力(4分)、SQL开发(4分) | 软技能：任务拆解能力4分/团队合作4分/学习能力3分 | 360评价：上级A+/同级B- | 岗位匹配：低-错配风险(技能均分2.0) | 分组：对公应用组 | 工作类型：架构设计/技术评审/项目管理（含外包管理） | 饱和度：90.7%(饱和) | 手头项目：知识库问答体系建设、联机服务集群日常运维与功能迭代,零售BP,"[""数据安全脱敏网关系统技术选型评估，完成特征工程模块的POC验证与决策"", ""信贷场景MVP云原生架构规划，完成测试框架的容器化改造方案"", ""实时开发平台安全架构评审，完成模型训练层的合规性检查"", ""数据测试平台云原生架构规划，完成Prompt管理模块的容器化改造方案""]","[""知识库问答体系建设"", ""联机服务集群日常运维与功能迭代""]","[""架构设计"", ""技术评审"", ""项目管理（含外包管理）""]","[""大模型智能体"", ""智能问数助手""]","{""总体饱和度"": 90.7, ""开发/实施占比"": 45.5, ""会议沟通占比"": 11.8, ""文档撰写占比"": 14.0, ""学习提升占比"": 28.7, ""负荷等级"": ""饱和""}",,79,良好,5416,1,1.1,70,41,84,82
196,300196,廖嘉西,信息统计部,需求分析,25.9,女,硕士,4.9,5.5,4.31,1,0,1,2,0,0,8.5,0,1,0,1,0,0,0,0,0,无,0,1,1,0,2,0,0,0,22,是,2,5,3,4,1,3,1,4,3,4,4,3,3,5,1,A-,A-,B,培训,游泳,廖嘉西（信息统计部/需求分析） | 女，25.9岁，硕士，行龄4.9年 | 绩效4.31分，日均工时8.5h，牵头项目0个 | 角色：重点项目成员、内部PM | 最强技能：算法模型开发能力(5分)、SQL开发(4分)、应用开发能力(4分) | 软技能：领导力5分/学习能力4分/创新思维3分 | 360评价：上级A-/同级A- | 分组：项目管理团队 | 工作类型：需求分析/数据分析/项目管理（含外包管理） | 饱和度：90.3%(饱和) | 手头项目：通用办公助手、新行员培训项目、数据采集工具日常运维与功能迭代,监管统计组,"[""智能外呼分析业务需求调研，完成模型训练层的需求文档编写"", ""大模型智能体业务流程梳理，完成日志审计模块的原型设计与验证"", ""DWS数据集群竞品分析，完成Prompt管理模块的功能对标与差距分析"", ""数据脱敏工具业务流程梳理，完成报表生成模块的原型设计与验证"", ""参与智能外呼分析需求变更管理，完成Prompt管理模块的影响评估""]","[""通用办公助手"", ""新行员培训项目"", ""数据采集工具日常运维与功能迭代""]","[""需求分析"", ""数据分析"", ""项目管理（含外包管理）""]","[""零售客户关系管理""]","{""总体饱和度"": 90.3, ""开发/实施占比"": 45.8, ""会议沟通占比"": 18.1, ""文档撰写占比"": 12.8, ""学习提升占比"": 23.3, ""负荷等级"": ""饱和""}",,49,不及格,9713,2,29.0,73,66,73,84
197,300197,孙欣婷,信息统计部,数据分析,28.5,男,硕士,2.3,1.7,4.6,1,1,0,1,1,0,8.0,0,1,0,1,0,0,0,0,1,金雁奖,3,0,1,1,0,1,0,1,16,是,2,3,5,1,4,2,1,3,4,3,3,3,4,3,3,A-,A+,A,设计,旅游,孙欣婷（信息统计部/数据分析） | 男，28.5岁，硕士，行龄2.3年 | 绩效4.6分，日均工时8.0h，牵头项目0个 | 角色：重点项目成员、内部PM | 最强技能：营销运营能力(5分)、数据模型设计(4分)、数学与建模理论基础(4分) | 软技能：任务拆解能力4分/学习能力3分/创新思维3分 | 360评价：上级A-/同级A+ | 岗位匹配：中(技能均分3.3) | 分组：服务管理组 | 工作类型：数据分析/开发（含模型、应用、数仓等）/需求分析 | 饱和度：82.4%(正常) | 手头项目：智能工单场景、金牌催收员日常运维与功能迭代,监管统计组,"[""综合监管报送业务指标体系建设，完成API网关模块的报表开发"", ""大模型智能体用户行为分析，完成推理服务层的客群画像"", ""流水鉴真系统A/B测试方案设计，完成前端展示层的效果评估"", ""尽调报告智能体数据需求调研，输出数据接入层分析结论"", ""数据采集工具用户行为分析，完成报表生成模块的客群画像""]","[""智能工单场景"", ""金牌催收员日常运维与功能迭代""]","[""数据分析"", ""开发（含模型、应用、数仓等）"", ""需求分析""]","[""Kafka消息集群"", ""智能尽调助手""]","{""总体饱和度"": 82.4, ""开发/实施占比"": 40.9, ""会议沟通占比"": 22.8, ""文档撰写占比"": 7.8, ""学习提升占比"": 28.5, ""负荷等级"": ""正常""}",,56,不及格,8953,0,22.7,84,81,99,42
198,300198,苏山艳,综合管理部,应用研发,33.8,男,本科,0.2,4.5,3.43,0,0,1,2,2,2,8.6,0,0,0,1,0,0,0,0,0,无,1,1,0,2,0,1,0,1,19,否,3,4,4,4,3,3,3,3,3,4,4,4,2,3,2,B-,A+,A-,编程,阅读,苏山艳（综合管理部/应用研发） | 男，33.8岁，本科，行龄0.2年 | 绩效3.43分，日均工时8.6h，牵头项目2个 | 角色：内部PM | 最强技能：算法模型开发能力(4分)、营销运营能力(4分)、SQL开发(4分) | 软技能：学习能力4分/创新思维4分/领导力3分 | 360评价：上级B-/同级A+ | 岗位匹配：中(技能均分3.0) | 分组：项目管理团队 | 工作类型：开发（含模型、应用、数仓等）/测试/生产运维 | 饱和度：95.0%(饱和) | 手头项目：中试基地项目、超级工作台MVP、客户经理超级工作台日常运维与功能迭代,行政事务组,"[""数据安全脱敏网关系统微服务架构升级，完成特征工程模块的服务拆分与治理"", ""信用风险监测预警微服务架构升级，完成可视化组件的服务拆分与治理"", ""客服助手前端页面开发，完成知识图谱模块的交互逻辑优化""]","[""中试基地项目"", ""超级工作台MVP"", ""客户经理超级工作台日常运维与功能迭代""]","[""开发（含模型、应用、数仓等）"", ""测试"", ""生产运维""]","[""DWS数据集群""]","{""总体饱和度"": 95.0, ""开发/实施占比"": 61.2, ""会议沟通占比"": 19.0, ""文档撰写占比"": 14.3, ""学习提升占比"": 5.5, ""负荷等级"": ""饱和""}",,56,不及格,13896,3,16.5,93,99,55,78
199,300199,毛时诚,数据平台部,负责人,31.0,男,硕士,6.7,7.2,3.65,1,0,0,3,1,2,7.6,0,0,1,0,0,0,0,1,0,无,2,0,0,3,1,2,0,0,18,否,3,2,2,1,4,2,2,4,3,5,2,4,3,3,4,B+,B+,A,编程,羽毛球,毛时诚（数据平台部/负责人） | 男，31.0岁，硕士，行龄6.7年 | 绩效3.65分，日均工时7.6h，牵头项目2个 | 最强技能：编程与工程实现(5分)、数据模型设计(4分)、应用开发能力(4分) | 软技能：创新思维4分/团队合作4分/任务拆解能力3分 | 360评价：上级B+/同级B+ | 分组：需求接入组 | 工作类型：项目管理（含外包管理）/需求分析/其他 | 饱和度：76.8%(正常) | 手头项目：大模型客服技改、长文本智能分析日常运维与功能迭代,架构安全组,"[""零售客户分群团队管理与目标分解，完成日志审计模块的OKR制定与跟踪"", ""A模式POC验证跨部门协调，完成知识图谱模块的资源争取与冲突解决"", ""参与零小海信义贷技改战略对接，完成API网关模块的高层汇报材料"", ""零售客户分群团队管理与目标分解，完成特征工程模块的OKR制定与跟踪""]","[""大模型客服技改"", ""长文本智能分析日常运维与功能迭代""]","[""项目管理（含外包管理）"", ""需求分析"", ""其他""]","[""长文本智能分析""]","{""总体饱和度"": 76.8, ""开发/实施占比"": 57.8, ""会议沟通占比"": 17.4, ""文档撰写占比"": 11.1, ""学习提升占比"": 13.7, ""负荷等级"": ""正常""}",,43,不及格,8120,1,24.2,77,96,81,99
200,300200,黎欣,研发管理部,应用研发,33.3,男,硕士,6.0,3.3,2.77,1,1,1,2,4,1,7.9,0,1,0,0,0,1,0,0,0,无,0,0,0,1,0,2,0,0,18,否,4,3,4,3,3,4,3,2,2,3,4,2,4,3,4,A-,B+,A+,数据分析,烹饪,黎欣（研发管理部/应用研发） | 男，33.3岁，硕士，行龄6.0年 | 绩效2.77分，日均工时7.9h，牵头项目1个 | 角色：重点项目成员 | 最强技能：数据分析工具运用能力(4分)、营销运营能力(4分)、算法模型开发能力(3分) | 软技能：学习能力4分/任务拆解能力4分/团队合作4分 | 360评价：上级A-/同级B+ | 岗位匹配：低-错配风险(技能均分2.5) | 分组：对公应用组 | 工作类型：开发（含模型、应用、数仓等）/测试/生产运维 | 饱和度：84.5%(正常) | 手头项目：绿色金融智能体、数据运维平台日常运维与功能迭代,项目管理团队,"[""新行员培训项目技术方案设计，输出特征工程模块的详细设计文档"", ""参与信贷场景MVP代码评审，完成监控告警模块的技术债务清理"", ""综合监管报送微服务架构升级，完成缓存层的服务拆分与治理"", ""参与司库系统建设代码评审，完成报表生成模块的技术债务清理""]","[""绿色金融智能体"", ""数据运维平台日常运维与功能迭代""]","[""开发（含模型、应用、数仓等）"", ""测试"", ""生产运维""]","[""大模型智能体"", ""AI手机银行""]","{""总体饱和度"": 84.5, ""开发/实施占比"": 49.7, ""会议沟通占比"": 20.5, ""文档撰写占比"": 14.0, ""学习提升占比"": 15.7, ""负荷等级"": ""正常""}",,66,及格,7577,1,18.2,71,32,79,50
